Age,Income,Credit_Score,Loan_Amount,Employment_Years,Loan_Approval
59,81158,342,33750,5,0
49,54782,432,31074,2,0
35,105709,694,22310,9,1
28,98533,364,22006,11,1
41,128939,589,14671,9,1
59,78255,675,49345,1,0
39,131952,766,32894,12,1
43,92684,512,31193,15,1
31,76918,447,15222,12,1
31,146093,770,28786,3,1
44,104284,448,36509,3,1
56,99558,387,5386,10,1
44,105549,623,6634,13,1
23,124223,695,45878,2,1
42,101422,703,9133,18,1
22,140363,381,47144,0,1
44,146352,585,43349,4,1
50,45256,681,39735,16,1
58,50005,569,26952,0,0
22,26638,591,29816,18,1
41,57419,752,26529,18,1
53,53377,323,10767,3,0
32,126244,610,46521,18,1
42,63116,760,23383,5,1
45,56634,507,9901,14,1
47,102291,737,47889,3,1
48,43382,837,19633,0,1
36,135303,635,24163,16,1
35,76063,721,15707,10,1
23,42394,620,27576,16,1
57,87789,796,23061,0,1
27,123246,462,49706,8,1
41,130634,840,16548,13,1
29,20864,464,20115,14,1
59,119572,594,14843,0,1
38,60222,341,41945,1,0
24,33666,584,44979,17,0
45,143664,686,45641,17,1
34,40955,437,8841,5,1
29,130674,486,11416,19,1
46,123533,730,15633,7,1
22,101845,715,42653,0,1
40,136925,725,5594,14,1
48,89590,715,19393,9,1
27,147775,325,40380,3,1
28,86471,670,27743,9,1
55,130476,684,36971,10,1
34,108314,355,9861,4,1
37,142579,552,42534,8,1
56,63298,405,41126,4,0
24,83108,429,19846,10,1
22,133864,675,31177,2,1
26,68924,607,38682,3,0
24,36709,390,23228,9,0
49,29726,692,39763,6,0
38,80824,833,29009,0,1
46,60542,409,5094,5,1
54,40245,639,46452,7,0
30,54753,655,20100,16,1
56,99788,467,37917,6,1
34,41316,751,22430,0,1
51,122907,404,40571,8,1
35,104698,449,29974,10,1
28,35960,445,36129,18,0
34,50791,598,25860,1,0
43,127766,466,12276,10,1
41,45216,347,5551,2,0
36,52467,538,13486,16,1
38,84427,306,22527,9,1
44,132470,763,14745,2,1
46,82047,752,46128,2,1
45,93290,670,17997,6,1
49,67014,848,23330,1,1
35,24078,786,45078,0,0
21,98389,510,43585,6,1
45,70519,464,29829,19,1
27,24042,424,48336,10,0
29,69052,636,13070,5,1
44,34389,491,6320,3,1
21,115961,513,28507,18,1
28,88111,627,43921,18,1
44,125058,680,11589,13,1
31,113715,538,32459,2,1
37,70733,831,20589,3,1
28,54754,381,41375,7,0
55,38624,662,48085,17,1
55,105886,804,48200,3,1
53,46681,501,38168,10,0
25,109524,803,31732,15,1
59,101006,336,36511,2,0
48,44704,701,27426,6,1
27,124272,475,35982,1,1
29,114913,844,21746,0,1
28,114108,766,33514,0,1
32,143731,500,8851,5,1
54,27493,839,24796,18,1
53,89639,846,15498,6,1
43,120380,693,37852,4,1
44,74383,341,39592,17,1
57,22994,692,49845,12,0
55,89280,740,20930,0,1
42,67234,805,47881,9,1
47,67291,619,46590,8,0
55,148674,514,26159,16,1
21,112868,370,34536,0,1
55,25594,535,29252,0,0
57,125835,580,29003,6,1
34,27371,461,45186,3,0
23,67315,490,40139,11,1
21,103564,308,44836,15,1
25,147251,359,27205,13,1
46,121448,524,35523,9,1
34,99526,586,49627,13,1
59,132387,468,12464,6,1
47,36626,361,22110,3,0
29,106005,648,12121,1,1
35,126258,741,14840,17,1
35,125573,313,42080,15,1
46,27130,463,45768,8,0
33,26828,719,14461,4,1
52,77514,819,25927,8,1
59,127148,847,29398,7,1
52,132524,327,38086,19,1
24,124635,745,20329,15,1
50,72664,507,20791,19,1
57,131701,769,19372,17,1
43,37883,403,32354,3,0
59,63059,725,49018,15,1
35,104078,400,26537,3,1
49,62932,840,39370,5,1
56,149900,821,30405,2,1
33,81269,405,46815,17,1
52,139850,576,28703,14,1
27,95986,364,20234,7,1
42,105959,487,12532,17,1
48,22035,616,45134,2,0
22,129767,437,40416,5,1
26,60745,642,11903,14,1
48,37241,404,23242,11,0
48,72975,845,18788,4,1
40,43154,679,40249,6,0
50,45625,409,39588,14,0
31,64950,844,34513,6,1
48,118602,653,48039,12,1
45,76396,616,24542,2,1
59,119227,565,37294,12,1
53,138920,364,8684,2,1
21,33331,632,28795,1,0
47,83927,812,8651,3,1
33,106226,432,15431,16,1
23,104719,839,15131,5,1
59,83014,834,29091,10,1
26,59346,795,29845,5,1
28,90411,668,29491,1,1
47,74478,398,9830,16,1
29,32254,616,33640,2,0
57,75734,422,12334,11,1
53,48621,619,14304,13,1
44,136490,794,22032,1,1
35,96441,756,30755,4,1
52,66121,821,5016,9,1
52,147386,819,13308,9,1
44,101418,614,34654,8,1
32,80197,841,44244,12,1
59,104577,778,10942,9,1
22,114634,319,7693,5,1
23,138034,429,20562,10,1
57,62431,592,11259,3,1
37,137637,431,47236,13,1
22,119245,655,9942,16,1
22,120211,353,41556,19,1
48,24837,686,5371,1,1
43,131984,564,32383,9,1
57,110025,514,28404,2,1
52,103163,759,12120,6,1
53,91232,757,10702,6,1
21,68994,342,13347,0,0
39,99079,577,40429,7,1
22,32615,429,44419,0,0
46,21466,649,30040,7,0
52,50771,843,42646,13,1
26,138645,405,42083,13,1
52,103886,300,27542,1,0
24,85911,731,47733,7,1
31,118566,605,13308,18,1
37,40746,826,44242,9,1
58,108422,352,39142,6,1
44,129884,819,49163,12,1
25,80739,629,35690,14,1
54,128440,624,12393,10,1
26,118187,413,9403,13,1
42,93369,446,8546,10,1
31,21893,465,41745,1,0
36,50573,678,33893,1,0
53,116907,438,14388,11,1
29,60874,598,46756,14,1
26,97362,575,41660,16,1
36,119956,477,28708,13,1
49,107460,653,29726,15,1
23,147021,453,19008,7,1
40,138580,500,41017,16,1
56,53367,414,5111,4,1
39,41199,367,22545,11,0
46,136600,744,45168,5,1
23,111404,744,7379,17,1
39,94328,625,35237,4,1
40,77724,658,26810,5,1
52,106133,444,46120,8,1
27,56405,574,22809,14,1
53,118232,808,13469,9,1
59,128659,478,32967,16,1
38,35989,776,14748,18,1
21,48931,713,28424,11,1
31,29290,452,25976,8,0
48,58367,403,28914,14,1
45,141136,374,35067,13,1
43,99878,427,47875,0,0
51,110477,644,17942,16,1
50,99481,830,24491,0,1
55,96298,458,9533,12,1
27,146299,837,28583,7,1
36,50133,725,42049,12,1
46,132616,322,32821,15,1
22,125686,346,35261,1,1
21,47052,824,42536,12,1
32,127286,443,34945,17,1
25,105489,718,22384,2,1
57,60475,384,33410,12,0
52,102666,715,17198,18,1
29,116622,781,34354,12,1
55,77656,755,12169,18,1
39,24633,596,45129,3,0
36,37304,411,36909,18,0
23,127573,529,8830,17,1
40,117820,395,26404,5,1
44,66546,677,32757,18,1
53,27008,455,40650,3,0
44,68291,720,38766,3,1
31,47405,404,20942,6,0
28,137069,629,37419,6,1
56,56386,738,21668,15,1
58,110909,431,21246,15,1
40,40827,681,29996,4,1
55,53040,437,8065,14,1
45,80354,569,15467,3,1
55,98543,849,49844,12,1
45,38157,695,26007,18,1
49,117693,763,7543,6,1
38,55315,749,33702,11,1
38,55932,630,33833,8,1
22,41164,552,15033,16,1
55,34414,584,39169,1,0
36,147597,573,21829,15,1
56,34327,319,9522,6,0
53,133880,538,25151,17,1
24,20946,569,40319,6,0
53,34693,717,31543,0,0
34,47241,609,42584,2,0
41,135194,330,35473,10,1
40,115790,403,12699,14,1
28,35540,485,7629,2,1
27,92255,427,45455,12,1
23,84757,509,15156,3,1
37,61203,713,22441,7,1
53,45081,580,35716,3,0
32,81861,552,11834,17,1
42,31350,318,23179,6,0
42,75512,435,31219,10,1
50,76809,522,42617,3,0
58,121894,302,20782,12,1
58,117557,535,20827,8,1
28,62832,764,14431,8,1
47,48369,527,41918,18,1
47,51728,798,49057,2,0
54,37576,820,14496,11,1
41,49001,438,28331,10,0
50,147625,575,44238,19,1
53,103384,590,28563,10,1
48,20390,352,8712,16,1
53,107535,409,33531,13,1
25,65436,303,37664,15,0
39,31569,346,17420,9,0
24,33029,393,10315,3,0
55,42490,512,10381,9,1
37,65875,735,14497,19,1
48,143552,807,34040,11,1
50,120864,504,37375,8,1
49,25867,680,18494,14,1
26,100820,372,36752,8,1
55,119515,815,30357,6,1
57,29121,375,21950,11,0
44,21539,376,20752,19,1
49,111024,709,42390,13,1
51,37027,405,9132,15,1
55,147402,775,46598,18,1
53,94229,574,33276,2,1
41,28921,387,44763,10,0
52,70435,376,25551,19,1
43,142368,376,31975,18,1
53,30310,741,7670,7,1
23,83965,839,14364,19,1
38,142033,544,31296,7,1
45,131048,681,29680,2,1
51,116444,441,23066,9,1
23,89922,667,33892,12,1
44,117799,383,15041,8,1
52,113948,442,14054,5,1
42,102839,651,16637,14,1
43,32242,844,15757,15,1
22,137027,451,46258,4,1
47,132561,457,32484,12,1
22,28947,745,17329,18,1
46,132250,602,38538,1,1
37,91466,749,32115,5,1
53,123706,523,31038,0,1
29,140351,342,41622,14,1
59,144749,563,40886,14,1
49,81816,302,14901,13,1
46,68785,567,22374,6,1
55,139963,315,37806,4,1
45,20507,633,22659,19,1
44,86972,763,28453,15,1
33,47151,358,35498,16,0
27,31618,476,9857,10,1
56,94286,362,21312,14,1
40,36122,606,6436,19,1
21,27354,545,32569,15,0
28,129598,588,29949,2,1
36,50979,631,12693,5,1
34,106436,826,42019,12,1
32,99376,554,14305,0,1
43,72774,809,37646,13,1
35,122703,762,32302,1,1
48,25037,498,15590,1,0
54,48633,570,45430,14,0
22,44495,363,8123,17,1
52,84550,529,9158,8,1
43,101384,548,13700,2,1
42,56483,545,15531,3,1
45,133181,456,32738,14,1
42,93373,387,14879,4,1
42,54069,612,10543,19,1
26,27370,365,47348,19,0
35,139873,319,23581,4,1
57,136843,332,41679,9,1
53,91947,372,18582,15,1
28,59133,642,48888,11,0
25,116035,432,35276,13,1
59,115761,354,43003,10,1
24,133753,360,9799,18,1
26,20692,819,30091,5,1
52,48926,571,33234,9,1
50,119782,545,29605,19,1
55,124700,475,41534,2,1
36,93984,616,36668,14,1
33,63390,430,9111,10,1
50,69593,401,29686,1,0
39,95609,609,12015,5,1
37,120950,591,11856,16,1
39,25209,794,21490,17,1
48,146700,660,40194,3,1
46,26533,637,19497,8,1
57,106597,309,28194,9,1
46,27211,348,49104,1,0
43,29927,786,10316,10,1
29,97463,620,43130,10,1
32,137333,432,9693,10,1
21,44594,382,46758,0,0
21,94852,356,34954,13,1
54,97713,675,26652,0,1
52,96382,648,19178,8,1
45,27933,570,48397,0,0
21,123780,782,19751,3,1
36,132157,410,5425,0,1
59,60696,375,8044,18,1
25,85449,457,16480,9,1
42,87616,831,48874,14,1
49,26089,628,43997,19,0
23,76548,421,6239,3,1
32,46123,340,11566,19,1
46,27797,466,24775,13,0
36,70013,322,41981,4,0
57,28346,578,8006,14,1
42,105414,768,12025,14,1
49,53672,699,24423,15,1
34,37653,308,44326,15,0
48,69556,312,30174,3,0
25,143723,351,31663,8,1
50,128278,508,38952,0,1
25,46140,849,32326,4,1
32,21184,701,36139,8,0
36,143626,490,13102,19,1
46,54493,350,12116,4,0
46,64148,692,17937,3,1
41,44846,599,35161,15,1
59,131361,495,9383,1,1
56,42195,716,25320,15,1
53,25606,719,9507,17,1
50,23956,821,19735,1,1
57,36555,655,34713,15,1
43,110385,447,21519,0,1
30,38690,664,7025,15,1
25,78502,663,24919,2,1
56,144586,701,42622,14,1
54,68849,791,43135,10,1
51,46347,528,40658,9,0
30,118725,836,24141,16,1
39,123844,567,34696,3,1
52,111321,704,8773,16,1
21,69056,310,29956,3,0
25,83851,619,20819,18,1
24,118234,425,6528,0,1
36,101502,605,25955,13,1
44,116633,810,49588,10,1
36,101418,388,10049,6,1
22,90211,654,38616,16,1
48,61850,651,25511,3,1
52,98545,313,15119,9,1
47,47843,556,15357,16,1
40,82320,508,21167,3,1
44,49793,580,27253,18,1
32,59516,742,39889,17,1
55,124407,688,34798,16,1
53,149045,782,9681,5,1
53,37857,446,19755,6,0
57,39627,578,5472,5,1
32,81822,820,37881,11,1
23,104101,733,18690,8,1
21,111561,443,30912,17,1
53,72248,588,11473,1,1
30,75798,685,46298,16,1
49,113368,313,23669,0,1
33,64116,556,38964,8,1
32,95318,645,21462,5,1
51,124186,644,25943,1,1
22,147119,699,43785,5,1
55,107902,506,40420,8,1
43,48557,471,15832,2,0
37,91334,763,10385,15,1
46,95163,569,35362,14,1
28,126719,520,19708,11,1
49,143099,451,28438,7,1
46,98002,482,22211,5,1
30,62614,698,19571,2,1
46,32720,371,26307,3,0
54,77608,717,16002,9,1
27,127449,582,41153,13,1
24,122828,373,27440,14,1
31,146613,654,6965,6,1
49,92095,796,37556,6,1
56,125924,627,7427,7,1
45,104694,834,40609,9,1
41,116452,746,30189,18,1
56,107593,672,30138,18,1
30,55892,661,11563,1,1
57,126975,392,19387,14,1
29,97242,620,10840,0,1
44,136041,623,20154,9,1
55,146202,683,29194,5,1
55,97606,645,27448,12,1
56,143769,402,35924,9,1
38,138542,514,28528,11,1
59,126438,491,34402,5,1
52,20924,493,9352,5,0
44,71322,679,5184,0,1
43,46478,702,15384,11,1
52,91042,310,19319,9,1
57,66418,486,25449,13,1
32,82217,314,46205,14,0
33,120699,596,15426,3,1
43,110140,710,12504,0,1
45,100846,351,38368,7,1
55,93762,327,45572,2,0
50,31781,316,43305,13,0
37,25515,650,37094,16,1
40,137358,727,19685,1,1
45,56133,528,13724,14,1
42,102508,509,10084,5,1
33,117628,730,39810,4,1
39,96946,593,21741,13,1
56,105058,403,21761,18,1
32,29095,503,18336,8,0
39,108583,352,25872,7,1
32,40470,674,18414,2,1
29,63129,353,9797,17,1
27,28531,575,8307,7,1
48,57038,634,37568,15,1
34,107939,330,7596,14,1
51,62674,434,22167,14,1
39,147572,357,27308,15,1
36,114658,404,29215,0,1
25,102476,565,16795,9,1
55,49831,821,19984,18,1
32,77174,795,17134,4,1
45,31279,552,15782,17,1
41,58220,594,47002,2,0
56,80610,457,26651,3,1
43,72719,848,29022,3,1
36,144936,366,23922,10,1
59,73051,598,19618,8,1
59,92013,762,22245,0,1
34,76652,400,23260,15,1
51,85524,355,15027,8,1
25,102936,631,18986,10,1
55,26470,692,8526,5,1
43,87598,680,31261,16,1
49,61798,391,49361,11,0
31,144517,746,6622,7,1
38,73473,408,43286,15,1
32,39880,616,34533,4,0
29,120117,467,40425,0,1
30,64439,734,23316,16,1
37,140944,741,13699,7,1
58,34308,517,18955,9,1
27,111563,521,36543,17,1
33,116256,827,40424,14,1
29,55081,577,21673,19,1
47,95242,765,28395,12,1
22,70383,329,43626,9,0
25,29837,658,28707,8,1
49,124135,587,24213,12,1
57,72151,385,15401,2,1
58,138128,533,26196,2,1
39,56824,612,30976,0,0
28,53073,664,13758,1,1
21,132651,568,6473,10,1
42,117624,430,18281,13,1
37,113648,650,37548,9,1
27,46299,479,23371,6,0
45,119993,779,33363,0,1
24,78861,462,17057,6,1
56,50063,395,45441,14,0
26,89453,809,24644,10,1
51,141768,664,33123,5,1
39,143299,652,28874,6,1
59,88472,735,28123,6,1
47,122166,382,19281,0,1
30,34506,524,8251,9,1
46,114341,711,27289,14,1
39,99854,417,10054,7,1
59,133604,781,39484,18,1
23,46026,491,46972,2,0
33,47672,406,6310,14,1
48,58417,681,34146,3,1
40,72413,689,34312,5,1
48,144044,543,35981,9,1
28,85066,767,9257,17,1
59,79213,837,20846,15,1
21,70971,509,27483,17,1
23,47281,372,31558,5,0
33,133978,608,48188,18,1
48,48091,485,18012,16,1
45,70494,552,38236,17,1
53,123864,312,43673,12,1
58,133755,598,33931,6,1
26,38610,375,37076,19,0
52,21079,350,19801,11,0
41,115386,448,14628,1,1
36,66751,421,13728,11,1
41,106126,510,22335,11,1
31,75432,579,48773,3,0
57,50951,837,33570,3,1
56,100863,455,27459,17,1
55,98291,537,45658,15,1
39,145659,675,12077,13,1
40,79872,381,6971,16,1
38,27235,791,38959,16,1
34,102733,655,45533,2,1
35,82712,572,48022,5,0
51,41473,343,8046,12,1
21,87567,422,49518,8,0
23,126818,648,17703,8,1
36,145849,629,13043,7,1
43,127399,708,42676,16,1
31,144421,622,48395,15,1
32,99823,410,7804,15,1
30,124215,388,15176,18,1
52,129999,732,8936,15,1
36,52230,398,36174,13,0
28,104573,838,22096,19,1
58,112588,445,28232,13,1
32,88876,556,47641,13,1
44,60644,488,30909,13,1
48,68664,539,49158,11,0
28,65203,802,13366,5,1
48,86677,570,24589,19,1
56,45425,819,11506,12,1
46,143246,849,33842,15,1
28,104817,413,22458,8,1
48,127585,638,26831,1,1
48,105961,658,13783,2,1
57,120342,633,16170,9,1
56,145740,468,19609,19,1
47,117649,638,45090,1,1
37,89806,560,49942,9,1
29,62814,498,28035,7,1
53,90219,510,21208,16,1
40,69646,586,40178,0,0
33,59884,771,18636,5,1
48,115345,781,14039,6,1
49,146062,322,19990,14,1
33,120088,408,11441,17,1
55,138198,595,13685,8,1
26,89322,305,18778,7,1
38,41650,849,31862,9,1
25,114242,502,32273,3,1
45,29190,624,33413,19,1
22,58196,543,47500,7,0
30,59449,626,8956,0,1
50,59661,346,11553,7,1
25,49709,312,28253,11,0
53,130965,679,28915,14,1
21,100428,664,7365,12,1
38,95179,641,11668,15,1
52,29943,520,10000,17,1
31,63240,372,8675,0,1
41,65760,345,17907,16,1
46,41042,803,22336,15,1
45,141770,573,24684,4,1
42,63894,507,33311,19,1
47,26869,423,20136,9,0
33,81078,309,48923,5,0
53,76759,628,17219,11,1
54,125973,486,8247,9,1
55,64306,842,9415,16,1
21,128369,359,11472,1,1
41,75371,741,27380,18,1
26,40918,516,42616,19,0
48,48379,301,32280,5,0
37,140667,835,26859,12,1
25,128475,655,38805,8,1
51,110810,464,13262,11,1
25,103232,390,16066,17,1
58,22962,466,20554,7,0
23,33851,506,12008,17,1
43,137626,581,27315,1,1
57,65747,364,20263,7,1
57,145180,815,21238,9,1
30,72349,456,43410,8,0
30,90832,605,21489,17,1
39,76356,694,22153,7,1
37,34745,373,48152,18,0
41,25730,486,29283,2,0
34,33921,636,16687,8,1
29,118430,539,27998,12,1
21,91138,832,33887,8,1
33,103111,440,9355,19,1
24,39023,564,38701,11,0
21,65349,438,46534,12,0
52,146796,758,10906,7,1
54,101533,369,17572,14,1
48,103286,684,17279,12,1
51,61979,497,48491,12,0
28,42837,504,15611,16,1
59,34997,730,13261,14,1
46,124975,624,9474,18,1
54,108603,741,30878,2,1
23,65039,587,33390,13,1
32,147394,525,31925,9,1
21,40923,363,21638,16,1
25,28876,797,28471,7,1
50,80973,359,9787,17,1
50,22887,696,12862,11,1
37,83723,556,48724,16,1
43,62422,538,15663,10,1
35,122390,337,21120,8,1
57,71413,324,27740,14,1
41,122484,709,41510,8,1
34,22841,760,7035,11,1
22,144647,716,39735,10,1
31,48756,656,6852,16,1
59,91576,682,48315,5,1
58,138248,457,44386,7,1
54,30304,732,13303,9,1
58,50341,347,49118,14,0
54,24758,627,5164,3,1
38,37010,732,44726,17,1
50,147039,730,39905,10,1
35,80758,355,15215,8,1
47,51658,567,35694,8,0
54,69002,368,36253,7,0
58,123318,748,29230,2,1
53,21375,556,21925,17,1
44,119485,789,11033,13,1
35,42092,348,7665,2,0
50,20490,615,32025,16,1
37,23729,712,28533,3,0
25,25974,733,17125,17,1
49,138222,301,25998,14,1
24,105216,444,43957,18,1
30,103860,665,28057,5,1
37,147288,719,18708,14,1
30,116870,743,23072,6,1
37,41398,733,10095,11,1
40,54650,356,36495,15,0
44,41292,477,45351,8,0
25,121291,592,6637,19,1
54,123889,345,19670,4,1
26,23159,469,43734,10,0
22,118162,570,42438,1,1
33,82766,716,33658,15,1
31,114887,438,10203,3,1
43,122834,546,26518,4,1
36,37065,447,13669,6,0
51,41638,529,7366,5,1
31,21073,673,23910,9,1
36,66511,379,36087,13,0
28,104307,364,5366,7,1
24,145274,387,14907,13,1
24,120997,387,44374,13,1
45,127866,503,35289,19,1
23,49320,681,37780,2,0
52,89876,775,24623,0,1
23,54924,838,40085,8,1
47,101720,513,25426,8,1
49,60734,373,12485,1,0
52,88116,360,38024,15,1
39,60025,842,30469,7,1
41,114503,518,20903,5,1
25,22159,311,8212,12,0
38,68940,714,43943,0,0
48,99436,331,32799,18,1
42,96976,459,21087,14,1
41,34678,536,12446,0,0
26,81075,480,34281,9,1
21,67204,640,19877,0,1
25,32021,757,29723,11,1
32,26772,379,17943,10,0
46,87163,772,15306,16,1
54,129968,411,41784,3,1
34,93755,591,25455,6,1
46,43464,682,29491,11,1
47,71137,316,10912,12,1
29,50232,792,34974,4,1
46,81497,630,32371,5,1
42,128017,785,38210,1,1
50,94024,705,40712,6,1
37,120485,416,8936,13,1
46,129898,414,38166,13,1
56,71448,848,30727,9,1
21,125468,846,33368,3,1
28,104517,635,7995,2,1
55,20901,635,44097,13,0
35,107980,446,39984,5,1
42,127594,421,49291,14,1
34,103597,380,31563,7,1
46,22881,674,27150,4,0
48,49863,362,27061,2,0
43,131362,803,34178,2,1
34,25622,748,40336,12,1
44,142740,727,5160,1,1
22,21378,726,20648,0,0
46,103168,720,45835,11,1
34,113847,621,41672,7,1
27,91186,465,8573,18,1
23,65201,760,39593,8,1
43,140767,758,18786,13,1
38,127760,488,33500,17,1
58,79251,763,14815,9,1
55,92572,678,26966,8,1
35,59255,301,18794,5,0
45,83212,663,36423,0,1
57,70210,371,38944,4,0
48,145629,726,26302,9,1
30,136736,469,26264,12,1
59,42499,504,24604,3,0
37,122552,636,32835,0,1
59,71628,771,12820,1,1
42,81360,494,6499,3,1
46,24603,574,28814,16,1
45,113309,306,29089,9,1
37,147466,477,12626,11,1
33,105473,541,37746,1,1
40,32632,502,21137,2,0
45,50607,842,26260,13,1
24,111873,761,41476,14,1
30,85756,379,31283,12,1
23,66994,822,6769,8,1
38,83382,716,47278,1,1
56,90354,683,20634,18,1
42,76344,690,44499,15,1
54,73775,425,15965,10,1
28,27349,793,32566,11,1
39,91154,346,38143,0,0
57,47464,775,24420,1,1
26,62624,763,30236,15,1
46,141897,422,11218,1,1
54,146866,773,13495,18,1
26,57344,433,38853,9,0
57,145857,322,18073,18,1
53,103791,534,16371,9,1
42,44299,358,22594,15,1
41,67975,463,16226,12,1
26,21462,515,15046,15,1
26,140209,482,48809,17,1
24,101441,389,42117,7,1
50,110456,610,9965,17,1
31,101788,556,18336,12,1
50,126540,832,24843,6,1
51,60581,832,22373,17,1
44,120372,351,11654,5,1
29,91289,637,36280,8,1
23,125541,470,45110,5,1
51,34175,366,27407,17,0
57,141704,599,7358,16,1
56,26191,531,31583,11,0
44,103434,367,33706,2,1
51,104518,805,11360,4,1
26,100158,327,8743,6,1
22,86537,350,12159,9,1
40,135721,559,37151,9,1
48,67645,483,5518,18,1
31,128536,322,21652,3,1
24,43283,428,17925,9,1
35,143153,590,10475,17,1
26,106971,800,41953,2,1
50,112759,485,42929,2,1
58,79123,778,47348,4,1
22,122780,791,14886,15,1
35,50024,812,16465,19,1
31,69630,366,16221,12,1
28,50734,766,29395,10,1
46,20515,584,7335,12,1
25,130782,716,41442,18,1
26,86727,399,9576,5,1
46,117800,488,5500,12,1
24,129164,687,31675,3,1
39,66216,540,13083,4,1
40,91833,716,46062,18,1
53,78755,475,20720,4,1
40,47856,686,10543,13,1
32,134959,770,8276,3,1
21,93870,532,35635,11,1
46,44162,751,29180,5,1
34,26008,576,11613,18,1
58,27987,528,49497,9,0
57,82532,470,6327,0,1
31,116502,512,45540,15,1
56,23332,581,15666,3,0
33,86323,340,31255,8,1
23,58990,421,25130,17,1
53,29873,526,27068,16,1
26,102542,593,23946,14,1
30,105761,566,25547,18,1
25,56444,840,24701,6,1
43,55340,750,10769,17,1
30,125219,748,29883,5,1
22,25033,360,18663,18,1
33,93324,801,43686,11,1
22,35689,446,42323,2,0
40,129756,633,40162,0,1
21,107134,441,27852,4,1
57,123016,343,25388,0,1
29,115239,443,38434,7,1
37,20066,632,27102,6,0
29,134159,796,26536,14,1
31,65246,695,17355,10,1
35,27533,354,7234,17,1
44,100639,606,44103,13,1
58,90152,722,36147,8,1
55,131581,716,28659,4,1
50,135828,624,49271,3,1
51,79658,379,44127,11,0
25,58498,330,21560,0,0
34,129028,411,28088,12,1
31,31772,771,7928,0,1
29,109385,373,45385,2,0
54,69036,778,45382,7,1
32,78531,686,33184,17,1
55,139159,732,25099,15,1
55,32940,711,9274,19,1
21,138027,766,29970,19,1
42,36932,547,30744,15,1
49,115305,419,42739,1,0
28,76827,366,13389,16,1
31,81431,626,22352,9,1
57,44648,769,26148,6,1
34,132947,792,36828,9,1
50,52966,585,7504,18,1
55,47777,611,43774,19,1
41,144661,608,33743,8,1
57,52567,396,33894,16,1
25,135259,412,35995,8,1
39,37174,755,45711,8,0
34,62598,762,22748,4,1
46,144711,431,28100,6,1
24,79199,420,38691,10,1
45,33798,496,27981,7,0
45,85364,781,37708,13,1
38,37558,338,15246,1,0
28,81084,811,37486,9,1
59,64237,773,35340,15,1
34,85497,460,24338,15,1
52,20178,588,8086,18,1
58,136932,499,30535,10,1
53,106006,827,19860,5,1
43,37118,802,22013,5,1
35,42616,547,12407,6,1
53,20798,682,38542,15,1
45,27601,517,29935,12,0
37,45363,386,46477,2,0
53,22795,381,39111,8,0
22,117462,361,15161,2,1
34,65264,799,28581,5,1
59,122892,341,37277,16,1
26,92833,311,26400,2,0
26,149688,414,16419,1,1
23,23084,517,45565,11,0
27,115865,405,24283,5,1
28,96646,827,5934,9,1
35,20731,771,39754,10,0
49,21129,686,26380,15,1
53,48022,525,19016,15,1
50,21605,780,43233,17,1
59,97506,707,27695,8,1
47,129241,756,29952,18,1
56,64130,320,47734,1,0
49,49265,502,20721,0,0
58,52330,716,6505,15,1
53,88469,715,10363,17,1
57,35187,747,48614,2,0
47,45791,811,6010,0,1
53,110436,384,24861,5,1
24,90610,466,29125,18,1
42,132341,683,14369,18,1
22,111962,767,8857,10,1
30,59867,371,31671,7,0
25,136178,820,14864,4,1
30,20893,772,37490,19,1
53,119694,557,15120,8,1
58,39773,574,25223,14,1
33,24239,319,37150,13,0
51,40863,789,49138,3,0
56,71415,789,7553,7,1
44,88968,625,20489,19,1
35,120675,828,9389,16,1
49,80430,388,26950,1,0
28,139000,785,16089,19,1
25,21515,649,46999,15,0
49,117206,383,8051,9,1
24,134210,686,43090,1,1
32,124630,386,33805,10,1
22,34605,606,34442,9,0
47,76240,453,49557,18,1
51,25586,739,7555,13,1
56,121221,563,17767,10,1
56,140419,720,5458,8,1
46,142374,792,21066,6,1
47,134205,710,9721,14,1
25,51186,472,17446,19,1
40,46928,303,11304,16,1
31,118264,771,47967,2,1
30,103087,409,39688,14,1
58,142990,336,18227,13,1
26,107029,330,45462,7,0
28,40711,680,11298,3,1
43,74962,567,44397,9,1
46,40039,310,42914,1,0
32,56561,643,15306,13,1
46,95483,843,7589,7,1
33,117871,465,42078,9,1
38,101395,641,40009,17,1
45,108658,781,18601,14,1
53,21577,318,12711,4,0
32,127792,483,26364,12,1
56,48350,844,38706,17,1
24,136908,309,34610,1,1
25,127468,491,42069,12,1
57,53798,619,8970,13,1
28,117434,774,8999,9,1
48,101417,726,26034,3,1
51,30785,358,41176,14,0
29,92227,735,46730,7,1
49,138680,396,21632,14,1
34,81957,795,18385,13,1
42,85431,577,10950,8,1
31,37297,564,40694,19,1
43,91894,308,12975,2,1
21,136869,756,26314,14,1
57,83772,572,28398,16,1
41,39581,307,30277,15,0
46,75192,507,31761,3,1
56,21462,422,36533,10,0
43,148848,332,11966,7,1
21,84173,812,46901,2,1
35,35511,503,11587,18,1
41,96106,817,27880,13,1
29,68665,816,10091,8,1
29,64414,742,46753,2,0
30,101010,638,36130,3,1
46,92573,737,22061,3,1
55,113665,744,27293,10,1
45,127803,435,6561,18,1
46,139682,686,46412,15,1
31,33386,324,8656,16,1
58,144069,805,26618,9,1
22,74460,624,25530,16,1
27,26221,637,26872,15,1
38,43474,394,33330,19,1
47,126073,844,21139,5,1
54,135375,445,37977,6,1
47,132660,530,9983,13,1
37,41045,794,44909,10,1
44,111319,337,47886,11,1
45,136582,724,26329,13,1
27,125693,736,41734,4,1
26,24922,667,47837,4,0
44,131943,644,13818,19,1
53,42706,459,15918,14,1
49,62771,849,47418,0,1
42,72335,840,6250,8,1
46,118015,443,9758,2,1
48,72949,644,42131,3,0
41,90714,568,7163,15,1
27,115558,567,47583,6,1
37,35240,468,39621,13,0
40,111756,332,22137,15,1
40,122272,676,37103,17,1
42,22716,513,26832,15,0
48,36574,739,6868,15,1
27,131815,791,46862,1,1
21,103255,692,24728,9,1
52,93717,788,43006,6,1
33,131299,328,33029,14,1
50,64066,338,44857,8,0
43,135066,472,33183,6,1
39,81826,316,27785,15,1
52,40213,355,23940,2,0
50,91916,525,10280,16,1
49,86151,366,42012,7,0
49,148518,496,7164,1,1
50,137018,322,32188,19,1
36,149024,536,19088,2,1
39,70906,437,23405,7,1
38,20463,772,7821,1,1
21,51973,528,27516,18,1
34,94694,616,15473,16,1
22,40651,500,47530,4,0
48,88694,557,43737,19,1
50,40008,779,17178,16,1
58,131738,477,43936,9,1
24,90474,422,32018,8,1
21,58185,641,22097,5,1
28,107924,470,19096,10,1
49,94417,358,44971,1,0
59,145502,764,8545,11,1
23,91139,559,29798,11,1
52,54980,672,5863,15,1
30,42504,394,21148,11,0
30,74970,424,26009,17,1
39,36766,340,22809,12,0
54,136944,553,23688,14,1
53,113922,306,5653,15,1
43,31695,770,13129,3,1
48,37796,810,31418,11,1
52,62543,368,28118,16,1
27,34559,380,5443,0,0
49,124450,841,32041,17,1
28,53139,561,28843,15,1
21,140494,388,26053,0,1
23,123869,507,35848,9,1
44,28802,512,42874,18,0
43,93843,565,42204,15,1
28,60205,592,47240,13,1
57,118750,506,40807,1,1
23,54159,632,33213,5,1
53,31516,376,13291,4,0
48,70492,587,48046,11,1
28,49086,346,21285,3,0
54,133758,499,31886,3,1
55,50480,726,18944,4,1
52,72091,509,40505,6,0
44,148023,719,28340,5,1
34,130195,453,35025,12,1
52,67766,821,6607,3,1
36,58737,714,7953,12,1
24,29265,652,49941,3,0
57,134165,456,10933,9,1
41,139501,560,16386,19,1
34,138257,376,9682,0,1
51,90990,787,49052,7,1
38,121454,430,16154,6,1
27,111717,754,14047,4,1
30,35386,462,27993,2,0
27,124718,314,15338,14,1
53,57425,531,19323,16,1
43,141635,494,42693,12,1
41,63254,841,28634,14,1
39,109863,658,31292,18,1
39,138350,630,43551,19,1
56,73634,726,14917,13,1
49,106717,796,15145,12,1
38,67662,785,34717,11,1
22,106988,748,44491,8,1
21,123784,712,21905,2,1
25,126337,629,35273,10,1
40,119287,446,31234,9,1
31,107527,558,18349,0,1
22,126847,591,6002,16,1
23,95452,442,44034,12,1
43,30143,664,37573,13,1
32,111391,389,32803,0,1
40,35581,463,16330,1,0
25,87443,780,31504,1,1
57,49424,383,19980,6,0
58,108844,376,12017,8,1
50,61984,816,46353,3,1
29,61505,784,21011,1,1
54,132061,403,23001,18,1
55,122478,751,22044,4,1
42,82699,786,43292,8,1
44,46957,638,10250,12,1
37,45464,777,45280,11,1
30,134012,522,28289,18,1
50,43649,308,38087,8,0
43,62065,352,15416,9,1
52,112661,376,30159,18,1
37,54758,802,41368,9,1
37,25596,615,10279,11,1
34,36374,464,30157,13,0
29,138686,578,20494,7,1
22,23775,326,30574,15,0
45,47388,369,30333,16,0
59,143800,517,38050,19,1
29,41029,664,37263,3,0
42,103981,605,37539,5,1
24,73639,423,19030,11,1
46,134010,318,27721,17,1
49,34645,556,10166,6,1
54,51105,595,12121,4,1
43,33668,321,19677,9,0
57,147949,749,36241,5,1
31,35960,849,21373,13,1
26,146519,347,26873,5,1
38,31357,482,42664,13,0
41,84604,734,6293,11,1
56,122739,406,27443,11,1
58,71796,487,44725,7,0
54,35804,385,23595,9,0
37,147732,755,14740,15,1
57,135733,436,17559,19,1
45,34626,635,47741,7,0
58,48132,768,44044,8,1
32,27951,702,26747,12,1
43,26449,839,45920,19,1
42,39065,371,12973,16,1
41,121503,323,20333,18,1
47,125072,784,35129,16,1
51,29130,355,5037,6,0
26,109360,522,43758,0,1
47,82287,478,37311,19,1
54,126937,733,43206,13,1
32,71702,749,33207,16,1
27,56993,791,48624,12,1
30,51875,488,38241,1,0
37,135284,719,5058,13,1
46,26054,548,7636,0,0
41,119809,463,35635,4,1
48,127357,554,19834,6,1
22,68517,775,20577,18,1
21,96368,716,32190,13,1
56,49670,469,12296,13,1
46,69112,616,26383,14,1
49,108388,473,29660,4,1
41,109156,769,47493,4,1
31,48307,644,7674,1,1
31,133087,744,48833,17,1
56,87087,317,27820,8,1
59,67922,369,24504,9,1
55,83080,637,30666,17,1
54,113348,826,48794,3,1
44,99335,755,7076,7,1
42,46312,568,42555,17,1
25,125156,487,37406,19,1
53,86985,828,45262,16,1
56,140641,733,30784,15,1
40,77608,587,26125,17,1
39,109962,798,28216,6,1
55,120963,740,7581,0,1
37,60277,602,20600,0,1
54,51551,386,35284,17,0
29,109813,737,25171,3,1
46,76597,840,30091,19,1
22,121025,321,19333,19,1
29,144342,816,35535,3,1
29,65212,802,28487,5,1
37,29637,766,15404,2,1
21,63258,400,48934,5,0
45,55693,440,38700,12,0
45,29824,437,23047,6,0
59,149553,527,46516,3,1
55,46950,580,20577,0,0
23,43488,730,29298,5,1
57,147870,339,20015,4,1
50,124544,818,30568,12,1
58,135200,510,31204,18,1
54,20215,601,36748,3,0
32,125603,385,31267,5,1
39,31523,696,26236,12,1
57,95900,552,37615,4,1
37,88689,832,6104,12,1
30,43834,680,22654,9,1
32,54474,743,47369,2,0
36,63066,332,8646,12,1
44,119871,559,26471,11,1
39,30400,533,30906,3,0
28,145211,814,26107,9,1
51,30345,607,19878,2,0
41,53896,369,14145,16,1
37,105430,753,28042,8,1
43,48899,738,23226,0,1
57,126171,663,7802,17,1
36,48229,780,29119,8,1
26,137053,443,32185,19,1
28,25583,323,11105,8,0
45,24897,724,7749,1,1
38,140406,474,47949,18,1
45,91537,624,39129,15,1
32,129417,647,29512,2,1
35,24567,317,41541,15,0
46,94807,343,18495,12,1
46,149648,454,7064,2,1
52,132652,676,35078,9,1
30,97239,701,35011,17,1
36,33329,524,10616,5,1
27,121045,516,12975,5,1
37,137708,330,15960,17,1
43,91792,358,32992,5,0
46,20228,652,26387,5,0
41,110282,744,20324,12,1
42,102214,534,11243,13,1
27,57052,406,37628,6,0
34,77769,490,14560,12,1
35,66032,829,46098,14,1
27,131694,544,9923,11,1
29,108721,375,44235,0,0
28,53686,846,26325,2,1
43,96981,566,32949,17,1
49,118802,616,27821,7,1
38,83261,420,11076,1,1
51,22809,324,27032,3,0
50,123265,731,13001,17,1
59,61785,459,20303,12,1
55,56547,413,21457,14,1
38,62818,801,46443,1,0
59,120422,465,17303,9,1
37,91927,474,20128,1,1
34,85681,300,23280,11,1
51,99465,385,44427,4,0
44,109862,619,36644,11,1
55,115527,700,43014,0,1
54,133221,681,11967,1,1
23,57333,617,11661,15,1
57,146457,549,17416,1,1
46,36576,824,5510,15,1
43,139875,555,46382,19,1
59,59405,606,40200,15,1
35,114000,443,6906,5,1
24,93779,690,30534,12,1
49,51601,468,21448,11,1
42,87946,597,42696,9,1
45,87356,532,9710,4,1
33,72116,570,49308,7,0
38,120825,359,43892,5,1
53,144749,595,45605,4,1
36,137256,766,20583,19,1
22,124186,534,22184,5,1
55,82894,533,29853,16,1
54,54635,667,11109,5,1
50,27465,531,47677,16,0
33,76754,790,11659,4,1
33,117975,802,6238,16,1
38,112850,680,20064,16,1
52,129765,727,36115,12,1
52,105119,663,36952,6,1
55,112691,501,10620,5,1
59,58871,445,39254,13,0
49,82874,756,42449,15,1
49,97733,434,49258,2,0
36,49511,563,9470,8,1
30,100960,363,27003,14,1
50,68821,790,32571,17,1
45,85776,340,29668,9,1
59,138128,595,16723,9,1
40,90167,302,36040,2,0
25,95135,409,44945,0,0
21,64462,520,37046,2,0
50,81382,669,10441,4,1
23,110194,667,16719,6,1
34,123381,735,10397,2,1
50,52574,303,39389,3,0
24,122072,543,22945,16,1
38,61910,465,27233,2,0
57,93531,325,22800,3,1
45,45186,694,9190,1,1
21,114781,773,42822,13,1
35,42813,316,6130,4,0
29,98812,391,19071,1,1
35,105525,782,24981,14,1
44,98282,842,49704,10,1
24,129779,504,7118,9,1
32,38557,801,5663,19,1
57,48060,699,20735,0,1
57,78866,506,24158,18,1
26,92104,445,36087,13,1
59,120905,400,27578,13,1
44,104577,540,24874,0,1
31,26080,462,47531,8,0
33,33854,472,22907,16,1
54,142013,801,45821,13,1
45,87695,846,27787,12,1
27,47025,583,26705,12,1
24,72982,658,8845,5,1
28,61081,680,44069,6,0
40,24368,832,49653,1,0
49,119621,462,21482,7,1
30,139181,606,40056,5,1
54,47094,638,31090,2,0
46,66040,354,25681,17,1
23,86766,632,37252,17,1
26,103053,426,12796,5,1
25,43991,542,12263,10,1
25,21301,708,17777,2,1
43,48610,802,46538,15,1
29,101463,602,25343,4,1
55,54678,763,45153,1,0
40,44466,534,19862,14,1
55,100440,337,46232,15,1
38,60875,438,42649,6,0
37,46081,494,20691,15,1
44,44354,826,30028,3,1
23,113297,300,47135,15,1
52,38300,395,36066,16,0
55,84384,712,38181,1,1
58,115027,837,22934,15,1
33,141684,728,25910,3,1
45,80892,534,12141,6,1
29,55525,648,21225,17,1
24,46532,780,39714,5,1
34,26464,695,26587,17,1
57,36562,650,37959,6,0
54,127392,715,19175,1,1
31,75514,350,15051,18,1
23,133428,380,10892,8,1
48,132564,335,8449,3,1
49,128047,366,46095,13,1
29,94219,780,43677,4,1
23,52634,767,17393,6,1
45,20060,441,34190,7,0
54,29269,655,39709,14,0
32,83143,770,36533,18,1
29,43065,738,31141,10,1
35,22895,830,41989,19,1
45,100859,426,28908,3,1
25,32352,504,44311,17,0
31,130179,328,37322,13,1
54,69737,744,19012,5,1
44,124127,763,39889,15,1
35,116426,579,22412,17,1
58,52016,450,35614,0,0
28,81304,539,49494,7,0
25,31962,565,29657,0,0
46,53302,404,10656,0,0
38,105382,732,13967,18,1
26,24011,796,24422,9,1
57,149716,739,20764,17,1
33,39782,457,20873,11,1
48,87691,471,33949,16,1
25,140654,793,48847,0,1
33,142017,610,7271,7,1
37,59725,702,6607,9,1
52,29196,762,24523,9,1
49,63459,666,32990,17,1
23,107245,849,8665,8,1
54,149613,554,21308,1,1
47,98863,507,10852,2,1
33,143206,749,10462,1,1
53,139391,394,36795,5,1
26,121010,777,9270,11,1
44,52769,489,29491,18,1
39,127529,783,41230,14,1
36,145361,835,5347,18,1
48,44700,722,37830,11,1
53,135792,432,6783,17,1
33,100356,354,33390,15,1
45,96427,809,13417,1,1
56,120165,840,11566,10,1
47,25269,709,22426,11,1
58,141631,510,35750,4,1
27,63880,592,15872,5,1
25,134003,414,33695,10,1
51,28320,558,6234,9,1
43,69589,421,39752,3,0
30,139534,598,33832,8,1
52,96276,680,22978,11,1
50,55897,800,27641,9,1
59,78565,596,32127,13,1
51,50930,661,39720,4,0
38,77233,762,23079,0,1
56,102821,737,22338,4,1
22,34380,426,8291,15,1
34,96896,496,13548,4,1
33,90934,520,49555,4,0
49,75830,390,38736,17,1
32,25529,710,33022,5,0
59,141292,307,9234,17,1
22,114598,843,31720,9,1
52,122222,767,46106,14,1
33,102987,619,45117,10,1
47,69178,693,18368,18,1
37,26937,568,13734,12,1
51,141952,490,46651,19,1
54,59886,360,38793,2,0
44,69699,737,17197,15,1
55,96396,563,8359,6,1
26,110678,394,43025,11,1
39,45279,769,40719,14,1
50,58106,813,12389,7,1
27,130776,493,19952,16,1
30,121444,781,34075,0,1
52,126300,635,23939,7,1
54,133793,734,20624,13,1
48,136278,495,6735,9,1
35,99737,548,29315,18,1
50,60544,797,22422,7,1
57,123247,511,44137,18,1
49,131190,765,12127,3,1
42,28997,520,40680,9,0
24,126102,572,17606,2,1
40,105711,453,37743,3,1
52,136045,548,39010,15,1
56,60860,578,20636,3,1
24,23225,739,30348,19,1
47,130114,575,15108,19,1
37,79470,813,13098,12,1
32,133218,387,41180,16,1
42,148854,804,23883,15,1
37,120764,540,49400,16,1
30,127041,535,12160,5,1
21,132224,427,24929,2,1
42,83656,802,22597,19,1
46,71880,499,16123,3,1
38,81078,842,33357,7,1
34,108646,801,9960,19,1
49,96290,791,38556,8,1
32,76633,320,23255,0,0
56,46655,533,18350,12,1
55,141118,715,35881,1,1
32,63601,447,23409,9,1
27,23114,328,37635,18,0
49,46502,660,7446,16,1
31,69768,607,35657,12,1
53,68128,461,26207,13,1
26,40028,360,13752,10,1
35,75565,424,18440,9,1
52,103123,755,49864,6,1
31,128255,370,11499,9,1
43,55333,765,26139,0,1
46,23174,542,19767,13,1
54,137769,789,27343,2,1
54,55398,520,32712,12,1
49,55929,772,24673,1,1
24,24321,832,34488,16,1
37,143549,793,31520,2,1
55,115971,381,49105,14,1
33,131508,821,20784,7,1
59,75421,311,43079,5,0
35,92635,562,49220,8,1
49,43760,748,25491,10,1
49,31360,491,40268,1,0
31,30313,413,19718,8,0
52,131806,325,40597,17,1
22,105998,798,37815,18,1
34,25801,807,40132,17,1
40,34130,844,31832,4,1
42,34271,361,36862,17,0
31,36075,528,17864,11,1
47,122455,334,27842,3,1
23,127215,755,13177,14,1
37,38984,801,45699,10,1
48,108095,324,16844,18,1
49,80942,331,13594,4,1
41,32861,311,18418,5,0
36,118970,618,39854,12,1
57,102203,300,28108,9,1
40,91376,734,15419,13,1
26,81247,435,27539,3,1
39,89101,495,49370,19,1
25,128730,432,48950,11,1
23,40977,385,17835,14,1
21,70617,775,22533,9,1
58,77473,623,34515,10,1
35,106654,479,40921,8,1
54,108177,815,46968,10,1
55,92902,474,27322,1,1
45,112172,320,15223,12,1
44,35630,404,15273,7,0
32,40056,742,38519,7,1
38,27382,348,29160,0,0
35,75739,827,13849,5,1
36,101685,444,30656,12,1
47,68639,639,15348,8,1
28,79838,653,22924,5,1
45,66041,374,43935,14,0
37,20992,618,44132,15,0
49,92394,386,6983,3,1
28,87657,341,29890,16,1
35,47160,392,19629,8,0
47,65156,806,16273,11,1
27,71375,828,36739,18,1
23,106442,564,45416,19,1
49,39572,591,12894,11,1
44,137925,763,29343,5,1
23,24136,396,48095,11,0
40,81868,394,36174,8,0
35,102263,625,49179,19,1
45,52167,373,11900,4,1
50,130957,635,8800,2,1
34,35479,367,40246,1,0
27,139392,376,47735,7,1
37,51376,507,47926,9,0
40,24823,520,12054,14,1
56,145156,561,43827,8,1
29,90456,709,47727,9,1
58,39585,630,49775,10,0
42,123775,643,46201,8,1
22,37272,373,34373,13,0
44,46619,553,32525,4,0
28,95069,631,43977,8,1
31,59895,697,12115,3,1
33,23720,644,36107,1,0
37,39267,754,35486,18,1
28,35696,414,18068,0,0
41,49968,612,23640,0,0
38,73364,527,37158,11,1
50,43345,544,41136,10,0
38,71567,825,21128,0,1
51,111229,827,29942,13,1
58,81607,726,7827,10,1
52,39385,341,20990,6,0
31,103658,764,40255,1,1
45,86900,577,24987,14,1
53,88244,318,25901,7,1
58,85425,365,21277,19,1
28,98518,466,6643,14,1
31,102844,702,28729,7,1
42,52919,708,26087,9,1
44,110697,411,26818,18,1
37,77196,573,5019,2,1
32,135600,706,38443,19,1
52,120625,672,14457,13,1
35,99401,338,38922,8,1
36,20495,404,14820,8,0
42,64755,623,37750,5,1
48,87684,713,47586,7,1
40,53324,728,41484,10,1
53,98929,360,43010,7,0
30,21552,606,42790,11,0
52,71272,653,27869,9,1
53,55853,692,39421,3,0
22,138192,503,7502,15,1
53,52924,557,21665,19,1
53,94462,785,30600,5,1
33,116387,816,34394,8,1
50,43889,745,19086,4,1
53,125466,479,41171,5,1
33,74675,641,39003,16,1
46,142231,432,18149,16,1
42,93591,742,35394,12,1
59,90190,552,19396,16,1
22,42634,564,28324,13,1
58,52363,392,22169,1,0
59,83752,710,49277,18,1
46,97004,437,31243,2,1
35,76398,507,36016,1,0
54,118458,606,8194,1,1
31,60718,565,37398,6,0
23,133627,617,9789,3,1
26,102916,412,25159,16,1
29,46870,677,48406,5,0
26,57394,753,10350,6,1
29,72057,490,38301,19,1
59,99795,739,29977,5,1
51,100409,486,41431,8,1
52,33016,666,5129,19,1
32,62137,388,39626,3,0
28,20153,486,32549,4,0
28,27853,431,17342,18,1
48,32379,675,41417,9,0
40,35792,398,15978,17,1
27,141169,333,42628,14,1
31,58367,470,47180,0,0
40,38100,665,13833,4,1
36,146082,358,38491,4,1
24,133089,480,34473,7,1
26,83456,318,5737,19,1
42,31049,525,34429,14,0
46,20786,772,6299,16,1
23,89904,394,5339,18,1
34,50699,596,37920,12,1
31,142784,474,47381,9,1
38,67691,521,24435,16,1
32,57040,353,38194,4,0
43,138455,702,29509,17,1
32,112990,617,47095,16,1
33,77986,648,49289,3,0
45,58762,742,6373,6,1
39,43600,839,12082,4,1
56,114774,581,30532,7,1
28,110777,659,47661,7,1
49,39810,307,23866,10,0
52,105703,790,12593,8,1
38,107347,640,14495,18,1
26,125315,771,12837,18,1
38,77204,548,16172,8,1
39,40085,534,23680,19,1
42,66854,382,35346,16,1
57,94797,392,48085,15,1
52,104269,693,28412,6,1
23,59779,567,27863,2,0
48,76207,716,35804,18,1
30,114615,828,15934,7,1
55,53980,552,35723,4,0
49,76117,421,25405,5,1
35,34141,309,23748,1,0
53,29344,615,10230,18,1
27,125008,572,27354,12,1
32,35896,605,13954,5,1
50,109353,509,28139,5,1
41,49813,763,22388,1,1
51,104431,715,44825,4,1
44,85679,515,41523,10,1
40,30681,379,40614,10,0
57,92903,779,40732,13,1
24,23228,846,46646,12,1
48,24582,317,26021,7,0
40,98683,464,32702,14,1
44,31397,824,40523,11,1
52,58799,501,24116,2,0
56,57011,645,11473,4,1
54,99183,665,27735,5,1
56,113254,747,39461,1,1
22,64264,812,16084,7,1
35,62317,618,49771,4,0
54,67914,516,33756,16,1
56,104633,333,22068,1,1
26,122489,565,33916,10,1
59,144237,379,7919,3,1
32,65254,712,28550,10,1
23,60096,551,41524,8,0
38,73785,311,8283,5,1
41,72344,700,9691,1,1
35,134988,581,28212,14,1
53,102643,411,45118,4,0
55,140382,677,33602,11,1
46,88546,567,22540,12,1
28,91091,597,40829,16,1
56,85603,616,10919,3,1
50,48412,808,27277,9,1
43,130489,845,22676,0,1
34,71658,664,47844,10,1
34,119841,846,14752,15,1
22,69549,570,21012,10,1
57,147595,773,14175,8,1
25,31549,836,45670,1,0
58,91216,533,7067,6,1
34,45739,358,36478,18,0
59,41209,550,31439,17,1
45,127051,385,39747,19,1
40,107968,689,34810,6,1
22,35116,479,23302,8,0
59,40045,448,5700,11,1
26,46327,420,41814,2,0
37,55709,555,39841,15,1
45,63617,608,49713,6,0
48,80139,358,8048,4,1
22,46905,368,38290,6,0
55,84148,745,16101,18,1
57,92603,687,34778,16,1
25,118095,385,32425,15,1
21,139779,526,46509,18,1
32,62919,483,22852,17,1
56,103521,621,29500,18,1
43,112905,617,17674,3,1
51,103400,698,28195,0,1
31,108150,592,29371,3,1
30,78446,592,38053,3,1
23,72428,784,16957,8,1
34,67894,746,12108,7,1
36,101149,711,22829,1,1
30,26447,807,10837,5,1
49,25499,543,20032,10,1
30,59041,719,39234,3,1
32,51315,453,31352,13,1
50,21299,723,35215,8,0
21,140506,572,14106,1,1
25,125005,819,46247,0,1
40,24994,427,33766,3,0
28,115414,672,48048,11,1
32,101163,458,43700,4,0
21,146759,475,14996,8,1
40,27489,510,6178,3,1
48,111647,746,40319,15,1
57,52355,466,21025,1,0
57,93805,759,14780,15,1
32,88367,656,27706,15,1
57,129906,603,47916,10,1
48,137409,532,14967,0,1
35,97355,626,35856,14,1
26,136220,481,42630,3,1
40,110349,633,14179,17,1
34,107173,328,43623,16,1
22,21996,392,22587,6,0
29,139999,629,28733,17,1
57,64387,483,27770,12,1
40,134965,394,38887,19,1
46,23089,652,8975,19,1
49,118827,564,17919,9,1
21,40659,318,14602,0,0
55,65178,798,39060,1,1
26,140053,438,47154,16,1
57,115965,824,15140,2,1
25,101268,554,26170,16,1
53,105042,384,33830,11,1
34,126471,757,49540,11,1
32,90726,831,11590,19,1
40,90111,391,35609,9,1
44,126031,368,22401,6,1
54,133682,336,32729,9,1
45,54565,439,42944,17,0
49,120435,477,33645,5,1
59,109242,436,34047,6,1
51,133204,489,27560,16,1
43,149642,641,11647,11,1
58,42884,304,26106,16,0
40,37199,556,11015,17,1
43,80038,542,26506,13,1
36,77786,714,29067,10,1
28,129636,642,7056,1,1
41,124970,678,36719,0,1
21,69294,445,34328,10,1
28,98015,622,17176,1,1
49,54178,421,47771,15,0
52,32665,551,36885,2,0
58,149604,610,26269,19,1
25,20534,774,8114,0,1
42,111828,791,18442,19,1
54,56132,646,45151,7,0
21,135720,786,6629,18,1
46,56110,772,22927,0,1
30,78754,681,36317,4,1
50,83580,579,28896,0,1
38,42469,371,33155,10,0
37,84016,820,23288,8,1
46,66233,665,26415,4,1
28,122804,393,41085,1,1
32,149863,672,16251,12,1
47,86708,638,41884,17,1
28,78232,736,30574,11,1
45,113450,635,14623,13,1
24,106437,791,25936,4,1
53,126311,339,11123,9,1
21,54409,658,8061,19,1
39,135159,553,45857,1,1
51,39324,697,41499,3,0
36,28738,469,44095,11,0
34,123030,810,33451,10,1
25,130093,559,21361,3,1
46,44054,758,20907,10,1
48,49709,828,39814,8,1
22,129321,640,24605,9,1
26,105643,356,37256,5,1
29,148805,517,16332,14,1
53,20363,763,42832,9,0
45,30358,546,34476,5,0
33,121613,672,14445,0,1
29,135233,716,38490,19,1
33,23240,330,34767,3,0
51,92201,667,20210,13,1
31,65689,407,29159,19,1
24,21936,717,12564,19,1
54,132272,697,46043,7,1
58,111074,571,26219,10,1
24,63965,415,32946,14,1
58,97534,555,41587,18,1
39,20882,380,8364,7,0
26,40224,427,9318,12,1
54,125227,534,16479,17,1
38,143750,480,12398,16,1
33,139299,456,7452,5,1
43,145865,753,26672,14,1
39,132012,323,38193,12,1
31,143745,772,18865,17,1
21,50825,699,30345,10,1
44,90740,433,25359,12,1
27,48885,720,13799,0,1
45,60056,512,28053,17,1
41,23203,781,39892,4,0
35,80241,647,22684,5,1
21,22244,465,10015,0,0
32,118322,647,36665,6,1
27,135329,697,13657,3,1
35,88619,734,26951,8,1
41,41584,520,37063,14,0
39,28521,607,37743,5,0
49,70017,765,31521,16,1
45,53541,398,15731,19,1
53,49063,541,23744,17,1
52,90268,457,23423,3,1
55,145234,526,22568,8,1
58,146218,722,8934,13,1
46,138206,371,16409,2,1
31,84952,542,36410,0,0
55,113054,829,35808,10,1
28,59563,344,13172,0,0
34,59752,771,32358,11,1
30,115233,670,5777,8,1
22,22567,391,24763,4,0
29,36121,321,40186,14,0
23,21674,471,36170,17,0
41,96411,491,25461,8,1
46,129876,376,7439,12,1
28,86275,580,12804,12,1
22,87081,663,18212,12,1
26,49140,478,26653,9,1
48,145139,537,26971,9,1
49,29327,434,6989,6,1
46,90663,579,12868,4,1
45,43331,318,47026,19,0
32,43004,670,38712,6,0
25,127369,411,29604,19,1
54,139243,520,27135,9,1
57,30492,603,35544,9,0
35,74797,624,42918,12,1
56,78095,736,35847,14,1
35,33749,737,48774,5,0
43,83217,469,15680,19,1
26,109044,674,35083,11,1
41,29045,680,39433,18,1
43,40116,313,31309,10,0
36,38667,799,46719,5,0
35,95057,690,15349,0,1
45,94205,848,14543,1,1
56,47302,829,14460,14,1
31,31283,791,39553,3,0
35,50935,849,33525,4,1
24,92534,684,10948,14,1
41,114342,495,19498,10,1
33,51624,599,23991,9,1
42,33440,846,29974,16,1
39,131001,607,40398,1,1
54,66501,551,12660,19,1
34,107333,307,31245,9,1
24,21269,507,5238,19,1
47,27868,430,24920,2,0
49,50251,325,14338,18,1
48,97909,753,47517,4,1
55,104523,485,15349,2,1
28,58729,783,16643,7,1
36,35734,350,33274,4,0
56,62429,304,45667,11,0
50,61337,459,44913,13,0
38,60325,507,43629,6,0
22,103600,556,21632,10,1
33,82514,504,32144,7,1
24,28433,310,17321,4,0
46,133957,307,42091,7,1
45,29111,708,34256,11,1
50,123986,331,28485,14,1
31,83753,839,7860,18,1
27,133783,686,19919,15,1
51,100583,527,38337,13,1
30,93620,774,13411,6,1
59,41751,506,14586,7,1
33,36453,617,29312,6,0
51,105844,647,28055,17,1
27,58968,533,39890,5,0
56,50077,343,33807,18,0
40,128582,441,25384,3,1
24,54775,475,33925,2,0
27,78144,748,8089,16,1
21,68570,381,19242,18,1
33,66097,434,44978,14,0
42,44503,476,21433,5,0
41,22779,682,38282,11,0
42,106840,542,15983,18,1
48,20755,440,48738,5,0
29,59263,756,48578,10,1
46,128491,739,47797,19,1
29,75087,355,9671,19,1
35,62281,826,29133,9,1
30,71482,718,48209,15,1
44,74857,387,5414,17,1
28,142989,307,26242,13,1
44,37400,776,40184,3,0
36,60115,514,43379,11,0
46,34249,796,20231,19,1
47,133183,802,26849,7,1
57,66825,544,46163,6,0
24,130361,777,36676,8,1
44,44600,608,27056,16,1
39,57706,530,46028,9,0
56,39222,682,24947,2,1
59,119041,454,31040,7,1
30,124504,474,30282,13,1
45,61139,414,31201,6,0
38,134919,689,11833,15,1
39,136605,610,9752,17,1
56,61302,599,29507,10,1
30,114684,317,25169,5,1
53,107838,311,49746,19,1
25,88159,703,46495,13,1
55,28646,531,29930,12,0
54,33543,577,10023,3,1
53,114496,652,5982,19,1
41,148212,602,19305,19,1
37,42785,840,21146,10,1
42,98353,769,16201,17,1
57,51406,376,21910,0,0
35,108992,820,28031,11,1
55,71428,323,28636,17,1
48,43777,314,22314,6,0
27,77939,824,32332,11,1
52,73026,646,23330,0,1
31,106450,471,20365,3,1
30,49553,626,48501,17,1
29,43548,784,15108,14,1
34,83221,788,8360,2,1
33,57265,761,47553,6,1
45,145549,677,45880,5,1
22,60701,463,8625,14,1
55,71287,671,43237,14,1
27,26727,723,6223,5,1
41,130460,776,44878,7,1
38,70717,681,14157,7,1
23,52427,454,42760,0,0
59,36692,556,18646,12,1
31,51625,367,49638,12,0
59,44918,643,34024,10,1
44,126931,576,9787,3,1
39,61136,690,28202,6,1
24,134826,748,48908,11,1
46,134881,558,41067,12,1
58,72409,606,14360,11,1
52,35577,394,37692,15,0
59,105155,763,44219,5,1
56,131776,545,17941,13,1
57,119246,486,20993,18,1
53,122924,672,19620,15,1
56,146759,705,25193,3,1
23,140408,707,26248,4,1
29,101731,424,10027,8,1
28,47689,636,9260,2,1
53,31154,640,42596,9,0
26,124657,477,46540,16,1
59,114948,469,14012,18,1
24,41341,338,30823,9,0
33,117554,368,13315,11,1
22,94681,535,17631,6,1
25,127798,680,23258,17,1
47,66330,356,30099,18,1
52,138069,576,40891,14,1
41,107759,398,41992,6,1
28,88416,826,36376,11,1
58,145067,624,15977,6,1
28,106807,760,31694,9,1
23,53313,478,38978,19,1
23,66900,418,14218,9,1
42,98840,768,26788,4,1
26,54695,848,25501,17,1
22,50225,754,17453,8,1
43,106072,325,43197,15,1
22,116367,789,20210,6,1
58,69156,307,13689,9,1
37,97209,815,32381,4,1
55,107453,832,34508,6,1
54,47829,448,47653,4,0
43,100908,787,26142,14,1
50,45938,324,45950,18,0
28,79164,724,13916,9,1
42,74530,592,5375,7,1
56,140921,484,36449,8,1
25,88199,730,28797,10,1
33,80282,616,25782,1,1
49,67801,697,32028,2,1
51,29465,623,25243,12,1
36,23326,845,34379,10,1
50,23659,375,42780,9,0
36,80289,785,35740,14,1
32,47594,387,24984,5,0
37,135819,531,5050,0,1
36,24763,306,11590,13,0
32,108657,849,45205,17,1
28,30828,351,20162,10,0
40,67588,695,18105,7,1
23,31221,520,42499,2,0
36,31211,727,41641,13,1
50,33569,442,16628,1,0
43,116894,662,47032,15,1
48,57860,681,43516,5,0
25,91558,576,26621,0,1
40,65337,570,6476,13,1
21,72311,313,45800,9,0
50,33515,597,40788,5,0
41,91695,763,29437,8,1
40,142006,826,31240,6,1
26,131527,533,15922,1,1
42,126749,326,13066,10,1
38,107227,770,17089,13,1
28,44904,392,37600,4,0
59,79935,608,13167,8,1
52,63790,351,17816,6,1
53,88580,618,26164,13,1
36,95148,480,25429,15,1
32,25636,419,40001,15,0
58,97129,342,36415,6,0
54,134483,559,13117,9,1
34,22892,496,11359,5,0
56,41672,554,19364,16,1
53,25812,635,41965,0,0
43,116621,801,33794,1,1
22,148177,554,15293,13,1
41,20654,813,14332,3,1
22,74633,541,5615,8,1
47,37143,448,17401,5,0
29,75934,598,46936,16,1
21,87334,752,34372,10,1
31,123463,692,47276,3,1
23,145851,511,7339,8,1
43,49087,837,21246,15,1
46,31618,430,13109,2,0
24,28446,628,28758,3,0
38,107182,555,28091,2,1
26,122127,778,48056,12,1
55,68867,362,18317,18,1
42,71028,610,21762,0,1
35,80101,706,8465,5,1
42,47200,404,30622,2,0
57,115107,314,11800,2,1
32,108074,558,40539,15,1
58,126091,711,41651,9,1
38,81465,558,7600,16,1
55,129500,559,10518,6,1
50,106436,344,24627,12,1
44,138422,630,34369,10,1
50,144124,464,36445,9,1
34,107892,492,21689,6,1
26,108559,820,20923,5,1
23,140044,700,43469,0,1
36,59148,673,35403,16,1
27,102928,364,5958,11,1
34,40698,686,45363,3,0
29,62470,794,8538,2,1
35,112071,714,28404,5,1
41,71660,329,14983,15,1
55,73910,565,40371,12,1
22,55450,627,29642,8,1
47,76463,791,18467,10,1
22,53757,516,5205,19,1
55,98012,619,32409,12,1
38,126750,698,17442,18,1
34,147043,404,31290,2,1
40,90247,629,31108,11,1
38,92015,346,10691,18,1
30,51390,613,43909,7,0
45,76116,446,24504,13,1
22,33161,761,35162,8,1
45,52152,785,44496,16,1
53,100171,709,43798,5,1
56,126379,326,26551,3,1
51,115833,328,18383,3,1
34,40836,570,21496,18,1
21,110367,800,46716,11,1
36,86543,552,14088,1,1
23,75648,684,32444,16,1
55,46331,359,29734,14,0
26,125992,406,46745,9,1
45,30763,519,39571,2,0
33,89444,740,31415,19,1
54,113109,845,20389,3,1
28,39187,395,32744,0,0
41,31957,388,23682,0,0
54,24379,530,39310,17,0
24,47959,574,12259,3,1
45,102018,545,17546,14,1
35,143076,410,7154,9,1
24,47105,533,13766,16,1
32,20877,577,16230,11,1
52,68353,776,22765,19,1
52,103788,716,10902,11,1
48,116870,427,6222,15,1
33,104585,536,32050,4,1
51,103308,427,39269,15,1
34,71567,693,14050,16,1
40,77913,774,8574,14,1
38,22637,694,41497,12,0
49,92778,410,16157,7,1
26,62025,389,24575,1,0
52,126917,579,45244,7,1
49,121187,632,22945,9,1
22,119508,523,19962,6,1
43,102464,400,40290,9,1
39,48742,431,40159,3,0
51,31831,312,29852,10,0
25,133768,756,35684,8,1
39,135911,740,49842,3,1
54,105092,397,16796,2,1
30,110879,419,29450,10,1
45,108370,592,39846,2,1
22,146537,300,22504,17,1
31,66762,549,35041,18,1
51,124824,448,15715,13,1
35,118958,694,26803,10,1
29,108741,343,8370,1,1
43,38830,343,6908,1,0
39,75044,377,42075,1,0
29,93948,525,26134,9,1
55,89202,461,49065,14,1
41,57045,552,8587,11,1
29,106322,431,35023,10,1
48,137257,747,7413,16,1
27,91051,773,30038,17,1
36,127509,408,27555,13,1
36,46627,334,15952,16,1
53,35198,766,8457,14,1
24,89521,574,13464,11,1
24,131439,486,6150,15,1
59,126471,542,37264,5,1
37,49475,563,45222,1,0
57,125752,821,49349,1,1
59,138998,840,37786,15,1
49,39403,386,14808,1,0
56,23681,834,43345,7,0
58,111555,509,9081,6,1
59,138884,345,44222,0,1
57,113122,766,13933,3,1
55,135260,839,7671,10,1
27,62292,325,48739,19,0
47,123057,565,36217,6,1
48,125386,474,44155,17,1
42,122306,815,44601,3,1
34,25629,610,24008,16,1
27,113246,621,26883,10,1
57,115864,434,38282,10,1
42,97814,354,37974,19,1
25,28417,842,38715,10,1
22,138888,830,48401,14,1
47,54765,455,20380,13,1
41,94499,446,23212,16,1
58,134088,784,33174,1,1
35,76574,319,11861,17,1
41,122828,568,11094,15,1
30,110545,632,44113,11,1
43,148206,700,29363,9,1
59,47675,605,27310,15,1
25,145609,327,44300,2,1
21,121711,766,10943,7,1
33,92267,559,19569,1,1
41,60563,833,47616,0,0
46,31332,400,13793,13,1
41,143745,652,43207,3,1
38,39177,599,30287,3,0
57,109254,595,38971,8,1
52,88447,652,47351,2,1
56,77104,429,36369,4,0
37,104335,455,28023,0,1
55,134938,373,28897,18,1
31,100730,641,28010,0,1
41,24951,764,45154,9,0
46,126402,389,40899,11,1
24,48333,754,25114,9,1
54,41673,631,24050,1,0
38,134421,647,26125,15,1
55,60870,532,33558,7,1
49,141945,401,49846,13,1
49,147536,780,25396,14,1
58,91101,513,32125,15,1
41,42821,407,27580,10,0
33,45494,464,43973,11,0
37,119477,634,28574,1,1
29,146083,385,29619,3,1
21,94160,723,18869,2,1
22,132698,663,5658,8,1
49,131560,359,17122,17,1
53,20835,781,48827,18,1
30,145126,549,18335,6,1
41,38646,416,26677,3,0
48,143777,844,33223,5,1
31,97360,343,34814,18,1
54,57335,808,23075,0,1
28,89351,464,48185,15,1
42,134934,667,16258,10,1
28,22429,591,35527,3,0
35,61950,585,15139,17,1
37,80654,503,47325,4,0
43,127422,823,45503,5,1
44,129934,420,24514,1,1
39,139975,487,25917,11,1
25,88143,312,34097,8,0
52,111186,499,22788,19,1
21,124234,755,30061,11,1
43,117889,747,14947,12,1
57,122326,370,20544,16,1
28,97527,429,25014,4,1
33,106704,342,19795,19,1
28,51099,819,37632,12,1
43,59385,312,24352,12,0
21,55919,834,28653,9,1
44,116952,601,6579,14,1
55,80782,826,36758,14,1
44,91116,414,48755,17,1
37,92590,759,43760,17,1
25,109626,804,37818,1,1
40,60387,607,11452,10,1
41,35823,624,42921,12,0
51,66015,474,20340,10,1
56,122877,813,7787,3,1
31,35339,471,20839,14,1
35,149949,801,7155,10,1
39,23491,633,12019,17,1
27,20706,583,25614,15,1
48,117493,774,31190,9,1
25,35728,353,45375,11,0
25,26997,757,15928,12,1
50,123537,719,13598,8,1
52,80408,708,49339,12,1
28,78097,603,25581,5,1
30,149526,521,49655,5,1
58,58523,832,18919,10,1
52,141648,457,43180,18,1
48,45163,647,9499,10,1
37,37718,458,42677,9,0
51,107508,534,48862,14,1
28,103767,704,30602,12,1
45,59619,556,34692,7,1
29,32126,346,45422,4,0
22,109131,512,26760,1,1
35,84926,778,7920,15,1
23,60633,786,29085,12,1
56,97654,641,27925,18,1
24,23317,823,10615,8,1
34,64980,802,42083,14,1
45,64115,305,7783,5,1
30,81646,443,14605,7,1
41,63158,560,49608,13,0
56,75963,531,24192,4,1
32,67631,569,8331,16,1
47,69316,746,36856,6,1
22,125364,521,7846,8,1
33,79342,351,38697,15,1
52,35504,415,42586,17,0
51,88593,837,40030,12,1
36,46660,840,17775,17,1
52,57196,318,12549,9,1
52,85938,691,27437,0,1
54,28605,718,28958,17,1
31,77388,608,29243,18,1
30,101297,485,47177,1,0
35,75501,560,47424,3,0
37,73309,827,33984,10,1
38,47043,572,41942,2,0
29,53635,459,42538,8,0
45,99315,523,10833,9,1
34,100691,555,28386,1,1
45,126514,479,39813,6,1
42,53132,319,38805,14,0
50,109387,767,11242,18,1
40,35366,509,33704,9,0
41,113944,812,47419,19,1
52,92107,357,29832,13,1
41,82580,392,17321,3,1
55,135267,520,43930,10,1
52,142362,531,37407,2,1
50,77889,663,9073,16,1
59,99553,673,22667,6,1
32,59236,755,21035,10,1
38,24150,387,11732,17,1
41,131369,319,8487,13,1
33,39423,313,39952,13,0
41,24137,432,34425,5,0
28,49992,333,24571,8,0
27,130540,507,34075,2,1
43,114438,498,47185,16,1
52,135140,454,10495,11,1
31,64921,377,23681,3,0
42,141225,471,19781,19,1
42,99369,588,44865,15,1
45,86917,844,13469,9,1
42,93690,719,21202,6,1
48,54235,306,24928,9,0
49,98975,459,15985,6,1
33,39122,539,44599,17,0
38,43956,722,21775,8,1
22,83879,835,5968,17,1
49,78560,369,15382,16,1
41,141435,515,10151,10,1
35,102800,403,31804,0,1
47,130310,353,48586,16,1
51,88685,629,37259,3,1
35,44660,502,25748,3,0
43,148029,587,24691,13,1
44,126196,344,37020,8,1
33,106064,497,48560,12,1
42,134440,515,32256,15,1
57,21168,780,11125,0,1
53,65124,608,9370,2,1
23,55897,734,9838,18,1
39,35032,631,8134,7,1
43,72797,326,48199,17,0
49,55294,465,16556,5,1
50,63827,617,38822,19,1
59,23516,573,32977,5,0
45,39751,682,25113,4,1
57,50373,664,35566,11,1
28,142026,402,7669,8,1
36,50270,802,21081,8,1
28,30386,672,17938,16,1
21,121859,544,10717,18,1
25,84817,468,17282,16,1
23,85184,717,47065,15,1
21,134316,655,19201,11,1
24,99693,777,21289,2,1
55,57879,424,29406,13,1
52,125056,836,36286,16,1
54,69597,701,17873,15,1
45,59132,816,21512,11,1
30,23626,830,33927,1,0
41,105936,553,28461,7,1
59,122179,420,25710,11,1
47,123801,331,24952,15,1
47,101515,336,18448,7,1
22,97065,641,20198,15,1
33,75390,312,12622,9,1
29,36645,482,45848,19,0
56,111960,564,7402,14,1
42,74144,387,41324,3,0
46,33382,761,33467,14,1
32,24025,345,39961,3,0
37,63226,691,48007,10,1
34,99380,418,25739,5,1
34,142971,830,23518,3,1
54,138910,746,31547,8,1
40,89711,345,33936,8,1
31,116055,807,25287,2,1
36,146189,825,46351,4,1
51,94710,302,30476,14,1
26,23443,327,17875,8,0
39,41395,680,15686,1,1
57,30725,456,22536,2,0
24,53461,810,39062,11,1
24,147000,632,30041,15,1
40,61115,413,36653,4,0
30,130084,688,26673,9,1
44,116887,786,15367,14,1
55,103732,549,24629,13,1
46,132145,614,28100,13,1
57,99790,538,11654,12,1
58,99557,533,30063,15,1
41,131672,602,24322,7,1
59,91260,633,24010,7,1
41,48690,412,17693,16,1
30,21407,661,14241,16,1
58,93568,396,34778,2,0
24,78560,315,41843,0,0
40,67340,675,17651,16,1
37,37794,689,30966,15,1
27,39881,516,14275,16,1
24,106292,698,6658,1,1
49,125698,559,33963,13,1
34,114952,619,11932,6,1
23,69703,495,19248,18,1
44,64354,777,29437,0,1
57,111288,717,44727,16,1
36,98462,774,23201,9,1
24,139020,843,46150,5,1
44,119301,530,29355,6,1
54,138764,820,19999,5,1
50,34390,499,11376,4,1
38,124403,320,8476,1,1
39,107475,610,9366,17,1
51,47307,733,30733,16,1
39,116364,670,17458,6,1
39,114049,377,37795,18,1
42,138740,841,25615,6,1
44,139991,584,16164,6,1
32,44502,439,44316,15,0
50,115599,581,8024,11,1
58,42486,557,34559,14,1
51,131813,659,6264,14,1
56,58258,739,14047,10,1
39,77716,569,49985,1,0
56,117228,433,11587,2,1
50,123920,403,11577,18,1
53,101494,394,22635,19,1
38,120552,779,8870,14,1
48,102768,540,39094,15,1
31,30748,312,14217,0,0
53,82785,446,22602,14,1
37,96050,394,5605,11,1
26,42738,592,27343,6,1
24,94231,324,18003,6,1
40,93606,571,48257,10,1
47,113301,804,37089,19,1
35,61662,465,22661,10,1
26,138313,386,21782,16,1
34,116297,790,35029,2,1
31,102234,440,18487,15,1
59,35123,402,44042,4,0
29,120680,525,27065,1,1
46,45616,593,15844,6,1
36,122682,605,24323,9,1
25,31182,553,30397,4,0
30,110369,479,22328,14,1
23,118878,339,48739,11,1
33,82013,819,43733,9,1
50,51331,845,34715,16,1
26,66098,535,44116,19,1
37,46128,762,22580,19,1
39,51556,527,5823,10,1
55,147398,782,31472,7,1
46,107505,729,12084,14,1
25,41876,321,17455,1,0
49,28949,642,15607,16,1
57,71962,339,21919,5,0
40,110054,472,24394,12,1
41,143984,738,15819,7,1
30,91206,478,16969,10,1
25,44099,432,22333,14,1
56,124871,650,16700,12,1
26,32716,824,36792,17,1
46,72611,839,38311,17,1
24,58885,805,41668,16,1
59,73144,383,16945,12,1
59,85220,763,41992,2,1
55,27837,642,40634,6,0
21,69355,579,23630,11,1
44,67299,562,46036,3,0
56,39159,465,29944,10,0
26,145212,592,28360,13,1
51,136680,808,17813,17,1
40,136931,525,9601,6,1
44,126802,469,17930,4,1
45,136375,747,9333,15,1
56,122413,801,10399,10,1
41,71012,826,22839,2,1
50,79305,678,45204,15,1
44,107096,500,25195,10,1
50,37106,549,32848,9,0
42,78123,708,28693,1,1
48,131825,424,45854,15,1
27,28720,412,41450,16,0
55,57661,436,6854,9,1
48,135031,795,36558,17,1
34,113898,449,7985,11,1
30,113794,642,48585,7,1
36,107318,620,24278,2,1
36,126704,831,45264,19,1
51,41120,588,38326,2,0
45,39790,788,24280,5,1
33,78655,791,39022,1,1
26,79643,551,20667,2,1
29,113448,376,23065,16,1
56,67374,691,26655,8,1
40,62907,711,15006,3,1
38,70071,472,11283,1,1
41,140507,500,46622,8,1
24,54812,516,8325,13,1
53,69570,675,35783,10,1
47,70901,310,8143,1,1
27,80186,311,40805,1,0
26,142066,734,17417,4,1
35,148364,672,36300,6,1
38,70251,572,31526,3,1
52,85171,808,33896,13,1
31,56160,431,42443,1,0
40,39156,618,32606,11,1
44,96208,467,44916,9,1
35,99980,696,12551,0,1
27,92320,479,40436,18,1
41,37929,357,7246,15,1
46,86606,779,44421,14,1
34,108442,759,48901,13,1
57,120154,360,12649,8,1
41,82559,668,46209,14,1
38,74205,420,5888,6,1
25,130694,845,46983,3,1
23,88475,316,34424,17,1
43,84341,795,46559,7,1
46,115377,796,16075,11,1
57,62863,804,27699,14,1
44,101837,831,14950,14,1
39,85439,614,10413,16,1
45,27194,368,44305,1,0
41,91387,460,8569,11,1
32,141361,444,6242,2,1
53,101914,684,42097,6,1
24,86214,568,35085,5,1
27,116176,753,15487,13,1
42,119292,817,23309,4,1
53,49777,649,35771,3,0
37,145355,409,31638,14,1
44,46183,782,41163,6,1
54,47445,706,26615,2,1
48,87038,350,13039,12,1
59,136477,702,13198,9,1
42,107201,775,39354,1,1
37,36198,386,8824,11,1
54,41411,367,28999,11,0
26,70577,341,8436,18,1
26,35867,356,33014,18,0
54,82501,495,45857,2,0
21,34266,361,21057,5,0
30,59422,562,6310,1,1
41,55208,411,14819,12,1
25,128538,477,18457,8,1
22,141544,325,5477,12,1
42,51213,709,13906,13,1
22,27367,830,14868,18,1
30,144158,616,23546,10,1
54,99026,831,38276,13,1
36,55362,405,12319,15,1
59,139377,763,38149,9,1
42,71588,545,6845,19,1
32,58285,380,28684,15,1
44,146683,695,34858,1,1
58,145085,821,47678,15,1
30,94755,563,31667,13,1
55,91846,573,30293,17,1
52,56307,471,29893,5,0
27,115167,564,9629,6,1
41,100280,325,10704,12,1
40,39867,768,6776,1,1
46,76523,775,36236,14,1
24,104161,655,6244,16,1
42,26378,325,6333,12,1
35,104685,333,8669,6,1
41,127669,563,22584,0,1
35,96958,437,32277,2,1
42,47926,761,6933,19,1
48,123215,467,38514,17,1
34,118707,380,46800,6,1
47,33180,706,29357,16,1
48,112837,345,32071,11,1
46,138070,352,11827,15,1
22,56931,775,35844,9,1
45,44014,315,30664,15,0
23,134775,659,5792,19,1
28,116472,786,44695,17,1
53,99872,801,22651,14,1
55,78502,440,47510,10,0
26,107736,746,44137,17,1
59,25470,589,24074,5,0
43,116395,508,12874,0,1
45,34953,774,21676,6,1
39,124580,712,44632,11,1
25,58507,726,41790,19,1
31,138961,670,23032,3,1
32,112969,589,35885,9,1
30,111493,731,16008,1,1
28,26523,567,49870,8,0
44,106923,450,48878,9,1
48,77190,554,10171,19,1
56,67761,652,14589,10,1
57,51169,676,23077,13,1
41,65641,657,11710,2,1
28,42990,669,25236,0,0
29,49661,526,43227,6,0
35,33419,602,19937,3,0
38,34457,688,14754,6,1
40,87600,676,30688,15,1
26,123619,417,12048,9,1
32,96102,304,27568,14,1
22,53085,743,37047,15,1
27,117064,651,14483,5,1
36,70654,832,22545,3,1
23,26130,423,22413,3,0
23,125723,576,33913,3,1
47,22042,693,38746,16,1
58,90134,659,13709,12,1
53,62982,768,30358,1,1
48,118422,356,16023,19,1
21,85185,550,34851,5,1
28,53477,449,33756,0,0
57,134161,751,16145,7,1
52,72709,461,26192,17,1
57,48716,419,23839,3,0
24,98137,650,32410,4,1
50,56018,398,45160,4,0
26,28061,466,16447,14,1
39,28609,813,26033,9,1
52,55371,700,46355,7,0
29,130350,664,15129,6,1
32,103021,625,35358,11,1
31,40805,546,18907,10,1
36,27857,733,26637,12,1
21,31620,392,43196,14,0
41,28177,567,27369,16,1
50,50111,620,34481,17,1
33,140770,361,36681,7,1
54,108578,599,7589,5,1
24,104181,702,28560,10,1
48,109941,602,8034,8,1
58,147049,552,5169,4,1
51,31826,777,31913,6,1
47,33890,668,8239,14,1
25,102428,459,8415,3,1
45,137067,465,24952,18,1
23,146044,504,16408,12,1
53,78031,566,8484,0,1
24,139440,437,23225,0,1
45,132134,667,19923,13,1
40,95020,742,25936,8,1
54,25495,316,44612,11,0
46,48481,367,24410,17,1
25,31267,432,34997,8,0
55,137897,729,41733,7,1
48,125702,607,44952,13,1
49,26743,473,26863,8,0
29,74800,711,10380,19,1
58,123475,396,25710,1,1
26,68773,453,20285,0,0
39,77042,541,32260,12,1
31,69476,603,37879,9,1
22,147967,584,21143,7,1
29,112105,326,12413,6,1
41,48552,701,36578,11,1
44,85242,659,19726,16,1
54,65772,359,32015,11,0
42,63730,501,10983,15,1
23,48948,669,24178,9,1
32,96311,832,31990,11,1
48,89093,451,15321,10,1
50,89123,401,48829,13,0
46,36535,745,41366,19,1
41,86490,528,39294,12,1
48,66562,424,45677,1,0
46,139042,535,39737,19,1
53,145251,461,46911,6,1
41,109080,652,22886,0,1
55,147844,367,49296,2,1
54,78535,472,27791,19,1
38,118991,560,13301,11,1
31,61269,516,40122,4,0
43,100674,423,43087,11,1
42,62462,461,37993,2,0
37,23127,500,40779,19,0
25,43147,753,41894,4,0
31,65528,701,38381,0,0
50,97095,761,19082,15,1
35,133100,574,10458,8,1
47,88931,505,46770,9,1
55,110925,339,27300,9,1
53,86381,572,7699,12,1
40,119468,392,34485,15,1
36,131258,341,45285,19,1
54,83749,764,6019,3,1
22,58672,678,37471,13,1
55,33731,406,25270,16,1
48,144647,627,27615,4,1
59,74512,364,18698,12,1
26,118658,664,43346,2,1
29,71024,783,11729,4,1
40,136712,323,44729,15,1
21,121121,839,16171,18,1
28,23832,361,18947,18,1
43,52332,790,39725,16,1
23,32467,572,24450,17,1
24,61025,528,18300,17,1
45,33107,319,24064,7,0
58,148347,302,9441,17,1
35,97994,720,24332,8,1
41,114202,606,25115,18,1
55,63481,731,38869,9,1
34,22581,435,26868,1,0
56,95118,814,46997,16,1
32,144010,492,25615,12,1
37,71638,714,18615,10,1
59,143714,417,19732,15,1
29,28418,508,30367,19,1
55,113627,333,47738,6,0
33,49113,617,5981,2,1
35,104363,419,26554,15,1
38,143607,824,30319,18,1
53,83044,388,21130,19,1
26,99955,811,23815,15,1
47,81030,346,13566,1,1
43,31814,821,31329,13,1
47,119340,583,11349,19,1
54,30024,676,15728,9,1
58,83288,433,45316,18,1
34,129236,547,23375,10,1
56,77836,617,26814,17,1
28,27435,735,41214,10,0
55,87084,475,26545,8,1
39,144023,650,23953,18,1
50,90601,442,7872,19,1
34,108416,697,14368,9,1
40,140871,668,39103,2,1
45,138645,800,10413,2,1
44,23407,669,34269,7,0
34,118943,681,25156,5,1
46,52940,385,18423,19,1
58,25666,759,43062,0,0
43,57122,624,47805,19,1
42,138647,821,6987,5,1
39,45092,788,42597,1,0
23,149753,696,23369,18,1
39,143402,654,32868,6,1
29,95645,587,16434,10,1
48,121190,758,19548,10,1
40,120468,835,21636,3,1
27,149207,590,37383,19,1
34,46505,467,47196,15,0
29,56713,727,22007,4,1
39,74387,789,40924,6,1
34,63169,654,35211,15,1
58,93282,495,16328,14,1
56,97511,844,8389,4,1
37,71742,310,14458,0,0
50,60522,555,7945,19,1
29,101132,695,14352,8,1
53,139622,708,15486,4,1
45,138764,661,46400,5,1
34,123489,558,7092,2,1
31,119397,302,41527,5,1
55,23880,383,10112,7,0
34,63454,455,21937,5,1
50,75711,475,42672,15,1
24,63539,771,6112,15,1
24,128984,723,40545,2,1
48,88321,433,36740,16,1
28,107985,679,28481,5,1
22,34799,576,15025,5,1
42,134584,535,39082,18,1
36,124843,312,18562,19,1
49,80102,641,16304,14,1
50,70726,334,12015,18,1
32,68784,513,49885,1,0
55,140364,711,10710,7,1
31,133034,704,17588,6,1
41,63333,793,25967,7,1
41,60828,458,26904,12,1
25,89526,409,29256,14,1
40,74362,848,30052,11,1
57,73997,825,20436,14,1
23,143973,646,26815,13,1
53,70341,578,20196,6,1
29,39073,778,23089,16,1
29,122399,410,22604,4,1
24,34549,730,7506,19,1
55,103795,841,37584,9,1
37,76920,414,25709,18,1
54,105326,389,49840,17,1
44,95515,511,43247,9,1
52,149392,849,48202,1,1
21,40316,838,8090,5,1
28,46183,659,44265,2,0
43,113860,785,26552,18,1
32,44624,671,34135,4,0
32,82515,514,19691,6,1
35,123712,314,44761,6,1
39,105781,558,38741,9,1
46,66705,762,26661,0,1
49,109326,419,46025,10,1
42,46756,427,11092,6,1
41,80390,822,40674,5,1
58,88369,624,5570,5,1
40,90821,619,17084,12,1
49,29589,805,5307,15,1
24,133012,825,8742,12,1
27,34116,349,46742,1,0
48,93181,368,33792,18,1
48,64786,690,5765,18,1
24,114686,682,46732,18,1
42,143711,315,29198,17,1
32,96425,738,12735,5,1
23,50286,431,21202,1,0
42,123081,547,16377,18,1
22,35994,572,19297,5,1
44,121039,648,13036,19,1
54,131915,783,45364,14,1
47,142961,849,29369,5,1
21,110198,656,39817,2,1
28,124672,617,42443,10,1
43,46639,347,6663,7,1
58,37205,309,44244,17,0
26,76677,532,17028,16,1
42,52930,335,24823,18,1
45,93313,712,20077,18,1
38,113851,761,44911,16,1
37,133153,303,24631,3,1
32,112509,343,6910,6,1
26,38316,554,38500,4,0
46,47304,413,24897,15,1
47,121839,696,42377,5,1
28,116058,473,16134,13,1
39,107876,554,42224,19,1
21,105366,765,31897,1,1
49,33403,576,41103,17,0
55,100052,763,12056,17,1
34,137478,801,33950,12,1
55,104627,740,7753,17,1
40,93495,368,36941,16,1
33,51932,808,39140,12,1
58,116090,625,19234,11,1
28,56701,366,14636,2,0
40,23385,603,8376,6,1
53,141324,783,35783,0,1
46,119226,847,46249,4,1
59,77241,716,48025,0,0
41,30367,458,21447,3,0
29,85030,448,25329,0,1
44,66505,326,21713,12,1
57,144462,547,9858,13,1
37,53332,400,24472,14,1
44,105178,395,21524,16,1
41,96325,683,9539,11,1
59,55268,581,23857,6,1
59,106486,621,43362,18,1
33,45563,695,41671,2,0
31,125185,577,10364,17,1
39,56404,828,5449,3,1
31,75182,562,25830,2,1
33,52991,592,26078,11,1
21,124601,593,42574,11,1
39,67663,694,5869,16,1
32,85886,812,43847,5,1
28,142002,479,45075,14,1
28,103848,534,33140,1,1
32,44127,636,8659,7,1
53,77692,307,41370,13,0
46,114389,742,46352,4,1
59,57500,838,19385,2,1
48,53785,390,48751,9,0
25,104146,571,24337,6,1
28,109126,304,10131,10,1
45,114979,518,6358,14,1
47,67997,417,30614,1,0
43,27170,414,21771,4,0
50,33303,562,18603,10,1
43,91743,605,21246,7,1
40,97852,721,22216,12,1
38,55187,506,46209,10,0
38,85034,602,47987,16,1
22,91776,411,47488,14,1
24,21893,716,25577,0,0
50,33753,584,47320,18,0
53,58090,484,16301,15,1
56,84922,520,14515,18,1
38,96768,743,31802,12,1
57,79412,416,5891,3,1
39,142406,369,26972,10,1
48,76030,369,25932,17,1
40,37509,726,9192,17,1
53,88653,742,21128,9,1
32,56929,436,27836,16,1
35,149626,803,29837,12,1
59,68291,430,27778,13,1
22,24042,517,48130,6,0
49,82574,470,21708,9,1
30,57201,774,46945,2,0
22,112282,428,29232,1,1
31,34016,356,44412,18,0
33,45022,480,9782,6,1
30,120962,545,31315,4,1
34,47938,443,15052,2,0
38,63678,350,24521,1,0
29,138171,667,8898,5,1
59,149638,758,22219,13,1
48,121248,517,9154,6,1
23,81720,556,40546,1,0
40,125514,455,18809,10,1
26,76805,741,30972,2,1
47,94323,324,44177,8,0
22,21986,835,17523,7,1
49,96478,359,42081,10,1
58,102994,766,27030,17,1
23,32161,733,45376,0,0
36,40689,365,25105,14,0
50,147101,405,29295,3,1
22,114699,395,16864,3,1
37,80924,467,48982,9,0
32,121311,341,17876,10,1
55,119273,403,23055,17,1
21,94308,503,38684,14,1
35,121128,819,26972,2,1
46,83745,581,30493,6,1
57,146881,342,14325,6,1
41,21211,409,41775,16,0
51,20229,509,25373,19,1
45,138972,348,41253,15,1
43,68542,414,26181,15,1
44,34345,454,15961,7,0
58,121489,802,22705,2,1
48,51819,370,49676,19,0
41,67779,818,41122,14,1
38,102421,635,31104,0,1
56,112244,366,18509,9,1
55,85584,792,12101,1,1
29,39950,512,9743,6,1
58,35173,480,13951,13,1
50,137743,547,12014,15,1
54,78032,513,41180,14,1
52,135074,658,46908,6,1
23,119273,548,48039,12,1
23,48036,815,13219,9,1
48,143885,387,12163,8,1
35,132857,475,7470,8,1
43,91356,725,48498,5,1
31,34292,380,21543,11,0
52,23052,437,24276,19,1
56,64377,732,41881,19,1
53,109317,769,18414,13,1
44,87838,649,12749,19,1
59,87819,425,29182,6,1
54,133689,608,16914,7,1
48,128103,529,20007,7,1
57,35620,759,35951,7,1
27,50461,644,49691,1,0
24,40750,609,37608,13,1
57,118426,319,26383,9,1
21,108719,840,18042,17,1
21,29472,776,30412,17,1
40,89263,568,18181,17,1
39,132036,302,49898,15,1
49,77602,315,8405,19,1
30,45523,657,35868,4,0
38,50766,432,15862,19,1
48,123262,611,33688,4,1
55,86060,781,35945,19,1
51,29079,843,17939,9,1
47,28399,604,33931,16,1
31,80726,568,43616,12,1
58,112906,713,44585,16,1
25,36532,324,43911,17,0
28,142689,615,47826,12,1
54,102357,575,46164,16,1
32,63162,688,27942,14,1
58,23749,743,49539,11,0
21,31353,726,10272,9,1
51,132313,356,49134,12,1
24,48477,667,29265,10,1
25,44570,641,33668,2,0
50,106373,603,21024,9,1
44,31437,673,36899,10,0
23,58104,411,8747,5,1
31,83370,305,14297,0,1
24,24551,578,6607,5,1
46,88359,681,26458,4,1
47,74880,312,32973,6,0
47,32916,602,28117,11,1
26,146150,459,21450,11,1
35,100703,453,20535,6,1
50,61445,480,34355,1,0
57,67636,825,12645,0,1
57,93927,479,47238,17,1
57,98194,676,9158,11,1
55,49685,467,46773,6,0
43,71134,513,21786,18,1
26,108916,449,45693,2,0
24,127967,315,35911,9,1
38,114455,390,31578,10,1
29,147763,419,9166,4,1
49,87847,552,24309,1,1
33,59993,359,20076,7,0
37,64333,565,24377,13,1
52,128574,708,14278,7,1
42,78865,330,38539,5,0
24,99096,320,16440,0,1
25,69756,588,31245,0,0
57,142863,842,27097,7,1
33,81192,797,13167,10,1
54,80686,773,6556,17,1
42,68733,704,48918,9,1
43,124089,847,6151,11,1
23,45993,431,26698,19,1
54,50492,623,22601,15,1
52,40981,431,31807,4,0
41,44143,820,25328,15,1
41,97603,329,13039,11,1
31,109452,600,11303,5,1
59,80277,303,24053,4,0
24,127044,624,36644,0,1
21,131957,808,40745,18,1
48,69990,536,25762,9,1
44,148406,834,28611,13,1
55,82888,315,5422,2,1
33,89351,833,36275,5,1
54,117372,745,31597,4,1
31,69999,802,16985,16,1
56,123013,529,33707,17,1
37,122811,406,8372,11,1
55,124879,688,21083,4,1
38,90309,562,39710,8,1
42,32446,364,30816,11,0
44,50733,564,14950,19,1
39,139156,637,39247,8,1
57,96000,600,9626,2,1
59,68632,677,31408,0,1
41,41576,474,15777,14,1
28,23320,451,10147,9,1
48,30750,775,10443,13,1
25,123002,565,5079,6,1
37,73463,628,36282,3,1
57,46572,462,43345,4,0
56,138361,737,17901,19,1
39,37948,642,7223,15,1
47,146898,666,40337,2,1
54,136528,764,47732,16,1
31,58826,498,18768,12,1
32,109051,799,22507,5,1
41,47867,315,21249,4,0
31,80231,595,40391,15,1
59,86262,810,39171,10,1
48,111356,538,12485,16,1
25,146340,600,49568,4,1
37,92233,305,34784,5,0
40,64678,519,29617,9,1
32,127561,752,42748,0,1
26,32963,732,8878,9,1
37,84360,685,6949,16,1
39,69434,594,24844,2,1
46,86617,417,25881,1,1
52,40269,704,26614,16,1
26,137569,311,28828,3,1
56,96312,508,14958,1,1
58,117352,464,13697,4,1
31,99732,593,26624,9,1
53,137658,818,20493,0,1
44,127648,377,47801,0,0
43,101494,733,26199,3,1
35,108905,376,47354,6,0
47,97225,347,5256,13,1
31,102867,381,39488,13,1
37,57528,508,35493,17,1
34,144597,744,28731,1,1
47,98972,821,12076,0,1
38,85602,328,6071,15,1
48,116261,603,39390,17,1
24,110748,764,7066,15,1
27,143193,801,30645,5,1
55,146277,745,46410,9,1
29,53332,789,38665,1,1
28,144481,727,34412,6,1
37,110937,658,36835,16,1
37,149529,390,46041,2,1
53,98929,352,43549,19,1
52,89206,503,48167,11,1
28,111137,455,31578,1,1
39,22251,301,14883,6,0
58,65717,656,47139,16,1
23,119108,357,27217,18,1
25,47027,553,15707,11,1
33,117382,479,45856,8,1
51,106551,792,18140,13,1
36,29583,334,16093,1,0
52,70387,374,21500,3,0
42,43104,588,43553,18,1
49,32224,670,11507,15,1
42,80624,628,37586,16,1
23,76058,603,10830,1,1
30,124320,520,35608,16,1
41,116372,463,42329,18,1
36,49299,779,29511,7,1
32,98572,754,38427,19,1
22,105469,674,23506,5,1
44,97928,519,33395,11,1
55,149518,553,49303,17,1
50,93474,487,32126,1,1
50,24141,490,34466,18,0
55,43350,688,22970,9,1
39,95082,514,9682,2,1
28,90871,674,15939,11,1
46,25077,385,13826,15,1
27,66015,773,28371,11,1
50,91147,830,34946,7,1
27,79180,346,29359,4,0
23,60857,364,24266,10,1
21,121196,774,43017,9,1
56,79840,445,24195,2,1
45,145463,681,32315,8,1
57,79902,365,23268,11,1
21,25577,816,14710,5,1
35,40002,392,46581,18,0
57,70711,725,19161,15,1
33,59451,767,36821,13,1
28,119811,393,14729,3,1
25,69103,432,31913,17,1
29,48647,733,27184,9,1
21,54831,640,28279,17,1
56,138330,613,31570,11,1
55,120304,511,48030,18,1
22,116498,819,40133,7,1
43,148949,458,18195,0,1
29,133870,567,48805,13,1
54,115119,773,48998,5,1
34,86830,709,22238,13,1
24,100632,773,20552,1,1
50,56833,655,7728,8,1
51,132394,492,28557,11,1
58,112864,570,9938,4,1
31,44398,413,36202,1,0
55,144633,822,5131,18,1
28,81554,354,30692,6,0
23,70755,364,24977,6,0
34,37706,571,38061,9,0
33,42340,801,32264,16,1
52,84994,661,30575,13,1
54,83884,445,19727,10,1
39,104361,508,15488,19,1
58,37482,585,25069,5,0
36,74225,309,29400,7,0
22,78849,485,29146,18,1
37,94854,763,11846,18,1
54,61256,433,45352,16,0
36,129545,470,28694,17,1
58,128721,512,26740,11,1
22,101110,829,35996,8,1
22,133606,801,37125,15,1
46,34650,326,46409,17,0
33,66118,367,49200,15,0
51,48930,707,27970,15,1
54,105707,408,15895,3,1
59,149030,373,43071,6,1
23,120400,561,27258,0,1
28,31801,667,28354,19,1
43,71360,536,35641,0,0
34,107908,665,13444,7,1
47,36559,585,14611,7,1
49,52334,677,15528,9,1
59,125473,675,5999,0,1
59,33288,375,8760,13,1
21,42398,308,41884,13,0
37,96230,495,42179,9,1
50,32191,589,26941,18,1
33,38051,360,31022,15,0
41,81715,688,48130,8,1
39,30737,307,48881,19,0
39,85140,668,41451,15,1
45,45251,344,31521,19,0
42,70975,643,34639,7,1
51,25147,674,39621,6,0
37,70508,326,36449,10,0
43,72224,492,18079,5,1
52,39643,656,11895,14,1
30,58967,361,32979,18,1
30,118850,361,17552,13,1
56,123535,721,32394,14,1
28,60733,679,37276,5,1
40,104003,576,38630,9,1
52,54808,730,9527,13,1
34,139222,414,17247,15,1
48,87288,420,22603,12,1
44,78959,824,41563,10,1
35,21849,715,5527,2,1
42,88178,462,7922,7,1
50,87136,636,10849,2,1
24,80740,678,35300,1,1
33,132255,623,32780,13,1
43,106322,472,33140,19,1
28,64565,363,22230,14,1
38,40183,400,31693,2,0
32,135306,621,11959,0,1
51,21132,365,40854,14,0
34,58259,757,47730,19,1
54,116612,752,24667,1,1
38,83668,558,31401,17,1
54,148355,725,8323,0,1
31,58563,477,5445,8,1
32,112227,579,22409,2,1
35,128835,643,14963,1,1
51,30931,316,20437,3,0
49,147156,595,21855,15,1
46,93169,501,21411,0,1
38,149457,493,15847,8,1
52,70639,448,8236,7,1
42,142536,674,18487,5,1
58,123313,334,16848,19,1
37,78901,668,18155,17,1
43,120417,328,16255,15,1
44,21044,520,6979,7,1
28,66691,352,26305,3,0
26,120735,652,14007,2,1
25,44363,691,40094,14,1
49,66694,375,40098,5,0
48,21582,793,29030,0,0
31,99910,821,38770,17,1
21,86844,416,14734,10,1
39,41301,579,11448,2,1
29,94329,474,44605,12,1
47,21620,594,17396,16,1
54,82224,750,32881,17,1
24,76655,817,36177,13,1
56,115419,320,45122,6,0
38,57534,372,40297,6,0
35,140050,335,41680,13,1
33,123496,806,22916,14,1
39,59390,532,36239,11,1
26,91629,796,49084,11,1
32,75856,505,39189,7,1
57,69252,725,18510,15,1
37,75809,343,29966,8,0
43,42259,390,27152,1,0
46,40655,769,24202,13,1
49,53005,766,31445,15,1
53,51629,753,16152,4,1
47,43610,632,10617,4,1
45,77184,806,6195,19,1
30,41602,769,43997,17,1
43,105945,320,30433,17,1
41,31110,527,10305,4,1
41,26073,675,13077,10,1
33,120846,429,36385,12,1
57,100818,713,47113,2,1
53,30195,370,42968,16,0
44,21537,703,47642,17,0
31,37138,696,38062,13,1
37,64328,636,11097,11,1
24,145138,804,44180,13,1
45,66202,575,46604,17,1
50,60164,312,49593,19,0
29,146545,302,11678,1,1
41,109743,523,37121,6,1
40,74659,474,26404,14,1
39,106155,684,10743,9,1
39,69692,540,21494,14,1
32,140198,846,46543,16,1
57,44845,313,49185,10,0
37,109846,494,14678,1,1
57,123435,696,42632,17,1
59,50562,730,6648,3,1
48,48036,605,20677,8,1
55,80752,633,27765,16,1
38,94233,709,7381,16,1
34,103049,302,21489,16,1
55,128575,751,16745,15,1
27,88681,794,10818,19,1
33,47818,716,47654,7,0
38,50544,690,38149,14,1
57,82532,672,32312,0,1
33,98636,351,42124,18,1
56,77705,675,43686,14,1
51,40104,694,6316,8,1
22,144336,441,10454,4,1
36,147904,385,18107,15,1
29,89603,763,9074,12,1
29,122499,345,26188,15,1
58,79025,537,36968,10,1
31,116264,309,45389,12,1
42,52317,829,28102,5,1
53,51416,477,46422,19,0
56,62012,305,36957,16,0
43,125585,606,17872,4,1
54,88045,847,13349,16,1
29,41400,626,24693,0,0
44,68270,655,37627,4,1
28,92069,694,48677,4,1
27,139415,599,15760,6,1
56,69833,825,16584,15,1
38,83644,584,7106,17,1
23,100206,629,18669,5,1
48,89468,349,30223,1,0
26,132899,677,40706,12,1
41,79473,837,7483,9,1
48,65809,443,32482,19,1
21,58328,359,39143,10,0
56,56784,374,29240,1,0
41,43723,302,15015,7,0
55,80646,747,21628,18,1
33,86255,574,30443,19,1
30,20074,829,35819,16,1
30,144173,514,20060,15,1
33,46498,784,32437,9,1
57,85522,628,15654,4,1
58,116881,554,19253,13,1
44,40541,686,16565,18,1
22,65929,425,32597,3,0
42,143199,849,32768,19,1
37,120453,623,5087,15,1
56,46028,503,14432,14,1
34,49545,471,13764,8,1
30,99569,516,5178,2,1
55,51673,544,31301,8,1
45,50974,635,40408,17,1
23,78899,597,46965,3,0
58,43097,481,36913,18,1
37,122511,633,23732,3,1
32,113144,810,7421,8,1
44,84824,682,48715,0,0
49,43525,498,25526,0,0
45,77804,631,33317,19,1
56,35043,464,6217,18,1
46,61846,541,40242,2,0
58,97261,526,5929,9,1
21,122240,750,45726,11,1
40,127611,495,39270,17,1
48,70227,503,38188,13,1
36,73028,757,18580,9,1
37,57383,556,43598,9,0
48,49483,828,35431,17,1
32,27265,571,25742,0,0
47,42763,308,22833,14,0
50,95652,500,35885,7,1
54,35733,358,10811,2,0
57,132196,692,13619,17,1
26,111038,418,29255,8,1
27,57420,698,29972,15,1
52,141480,630,18527,14,1
52,128777,566,37874,4,1
45,29247,819,9049,12,1
53,43840,779,46057,19,1
27,85149,433,6903,6,1
32,41058,654,49261,15,0
36,135229,797,10376,6,1
36,54929,406,5042,15,1
56,104171,589,27769,12,1
33,111164,446,6577,16,1
27,51362,626,17382,8,1
56,106489,714,27449,11,1
29,104664,509,43653,12,1
52,67356,595,33859,8,1
31,97597,697,13576,4,1
28,147880,402,16663,6,1
53,26041,807,41345,0,0
43,98209,508,10244,3,1
45,147037,727,39902,3,1
28,81954,692,8892,15,1
42,81869,408,32112,4,0
24,41059,647,9321,3,1
23,119864,349,10776,5,1
49,64722,404,48352,2,0
49,37548,719,21119,7,1
54,35078,672,35569,16,1
54,25419,326,43596,17,0
48,55490,572,38063,17,1
33,96086,639,38181,11,1
35,135158,600,27340,0,1
43,78760,779,15187,11,1
46,50337,843,11668,10,1
24,21468,564,20344,12,1
46,44309,841,13195,2,1
29,86344,465,21561,7,1
25,110283,615,42122,2,1
52,92255,300,27298,16,1
40,147006,560,43250,12,1
31,101899,362,21076,9,1
35,48718,782,20376,16,1
52,114337,620,41039,2,1
48,128895,500,48442,12,1
42,57841,521,10392,5,1
37,93548,451,32106,13,1
46,103565,761,19309,9,1
27,66660,516,29809,19,1
46,126553,495,5693,15,1
45,70281,501,38937,17,1
30,133451,533,34233,12,1
39,136041,440,13623,9,1
31,20767,797,45550,5,0
33,23895,356,14174,9,0
28,78026,803,16352,4,1
24,138142,441,10530,5,1
51,62968,838,9992,6,1
48,60097,405,28354,10,1
31,35332,464,8312,15,1
21,34621,514,9318,11,1
58,96870,370,39456,11,1
44,38174,389,5467,19,1
51,144357,527,32192,4,1
46,119189,378,47305,15,1
25,60502,648,40190,5,0
40,56674,545,28663,8,1
31,57260,571,36246,4,0
53,62498,702,42489,15,1
58,87609,415,46971,17,1
47,69464,734,45309,18,1
54,91805,829,47637,11,1
35,84919,741,33273,1,1
52,148564,471,34473,9,1
41,74469,315,18679,11,1
25,37194,355,32445,13,0
26,46811,402,22870,17,1
58,92377,583,30992,18,1
42,145737,816,34433,5,1
38,63723,577,16038,4,1
34,120336,568,30933,15,1
30,95235,699,34236,13,1
33,131041,802,14770,12,1
51,96298,385,8749,1,1
50,79238,619,49585,1,0
23,148353,331,40271,11,1
50,125433,635,12855,0,1
26,137393,350,49097,18,1
49,127092,378,28439,15,1
28,22147,473,35290,6,0
53,118919,800,16101,6,1
37,119251,375,32240,15,1
31,58445,615,21783,5,1
33,73803,672,49917,17,1
31,147253,380,31809,0,1
51,81108,370,22923,0,0
48,126170,370,20026,13,1
26,22013,345,46196,5,0
36,105617,346,28569,5,1
24,102410,721,46887,3,1
55,73502,448,25893,11,1
46,137116,429,27435,17,1
32,57755,755,41892,9,1
31,28733,804,37399,2,0
57,29479,543,30236,2,0
45,95361,773,32199,7,1
38,41304,681,25334,0,0
39,55694,402,38217,17,0
43,144232,788,20034,14,1
58,125586,336,36085,19,1
38,101171,848,14442,16,1
46,134151,819,17643,10,1
26,106296,632,40069,12,1
24,29490,696,12710,19,1
49,41252,595,43560,9,0
54,125290,406,47427,12,1
37,26862,829,12216,16,1
36,130463,382,16712,0,1
22,89959,587,9905,19,1
54,30450,760,43767,15,1
28,76022,514,32930,15,1
33,147898,580,36192,2,1
28,81991,758,28506,1,1
50,60927,643,12288,5,1
52,120377,493,49034,10,1
56,108090,457,35011,2,1
50,69853,764,20586,0,1
21,51826,403,37400,10,0
59,62879,333,6567,12,1
37,77265,401,6094,4,1
40,92361,624,16135,17,1
44,128956,440,18508,14,1
42,97990,773,14684,17,1
49,109787,330,32247,14,1
42,106184,362,11191,19,1
29,60736,386,22842,19,1
57,44530,603,13046,19,1
30,98052,360,9934,6,1
56,67058,695,6354,16,1
57,126080,633,44241,7,1
48,94094,710,34816,12,1
48,94255,583,7963,15,1
41,24886,765,32424,9,1
44,146598,379,19503,13,1
22,113721,376,8042,5,1
28,138623,839,35241,19,1
47,57387,660,44741,6,0
42,41575,376,12139,5,0
57,132260,808,16226,16,1
47,128649,463,44698,7,1
49,59643,308,19762,11,1
23,30100,474,23116,3,0
33,80356,761,43108,9,1
30,27856,606,10111,5,1
56,58169,544,8081,6,1
29,48804,421,34815,7,0
47,149557,484,12802,2,1
54,55790,331,47230,7,0
21,50988,609,22913,14,1
52,129979,671,22465,0,1
45,96448,355,12994,12,1
49,58506,572,8531,17,1
27,133430,763,14343,14,1
23,107904,755,38484,6,1
40,87306,548,11229,14,1
40,32305,377,33775,2,0
50,29969,833,31766,13,1
55,32404,407,21588,19,1
55,28989,572,28168,3,0
59,85305,314,49789,3,0
47,55983,669,49069,2,0
46,130284,603,41862,4,1
34,59462,504,26866,10,1
37,39360,412,14524,7,0
38,105657,552,27538,1,1
49,46287,740,47809,15,1
40,85472,485,26226,9,1
47,135440,526,13103,17,1
38,128965,827,23402,6,1
24,81313,653,20090,4,1
21,54160,300,20915,6,0
21,26789,719,46477,5,0
46,47181,460,39206,0,0
40,34385,460,26511,10,0
43,102597,427,20029,12,1
30,85641,450,35831,11,1
31,64247,743,28531,0,1
25,106673,770,9517,14,1
21,120250,762,26961,0,1
37,25544,329,31835,2,0
42,135783,772,32725,14,1
54,33275,379,30357,8,0
49,125289,338,48673,13,1
24,83248,539,6244,7,1
25,54550,636,7416,3,1
31,73693,579,11490,19,1
41,148924,415,16683,19,1
55,39641,568,10839,5,1
32,91749,634,29992,0,1
46,144877,611,49938,17,1
39,100021,352,49735,5,0
27,35605,367,42777,13,0
27,123173,333,13924,10,1
46,70713,685,20921,16,1
25,40390,548,29260,8,0
41,95403,410,33380,6,1
34,78466,393,23811,13,1
24,23981,709,10721,16,1
43,29493,478,46191,7,0
40,91218,346,9930,15,1
35,91318,675,9353,11,1
49,135631,501,12832,11,1
28,139238,744,27951,4,1
39,115335,596,12770,4,1
59,127441,607,30525,13,1
48,36984,792,21556,5,1
47,145580,637,20094,6,1
24,131316,365,12935,16,1
35,42760,721,7675,8,1
55,111529,839,36280,12,1
57,21524,792,16240,8,1
21,138454,616,9005,15,1
23,69402,374,11544,3,1
44,111656,358,22332,1,1
47,85614,685,31836,12,1
56,55891,314,19388,12,1
54,111009,530,6694,18,1
49,59832,498,26141,11,1
44,65836,653,27666,3,1
44,93953,334,43769,9,0
24,33362,461,44420,15,0
23,86745,770,42349,18,1
54,57921,830,42855,7,1
43,90434,722,6460,5,1
43,147717,647,41655,3,1
25,38562,446,46252,6,0
51,84510,673,14835,13,1
26,96407,715,15910,12,1
57,27610,793,22221,4,1
30,129381,555,30613,8,1
27,112918,402,36353,2,1
59,35791,420,43614,9,0
58,78047,718,13463,14,1
41,120848,649,18336,19,1
40,123826,341,31534,16,1
23,87906,666,7369,5,1
42,39665,328,30381,2,0
24,90246,313,24558,17,1
48,85864,784,27369,4,1
32,66451,488,38650,12,1
58,123883,594,35954,0,1
56,106148,482,30407,16,1
25,65890,847,40939,2,1
33,26794,336,31767,18,0
43,52888,313,7040,19,1
50,26749,458,28116,11,0
57,66531,793,31170,7,1
45,135652,628,11372,7,1
47,40608,382,27369,14,0
34,100986,321,12562,10,1
56,89211,431,49544,19,1
59,140382,764,10900,0,1
36,103996,755,45733,15,1
42,76017,601,26700,13,1
41,123947,566,46233,6,1
41,77676,694,5589,5,1
28,31560,419,10063,3,0
36,74401,545,25017,7,1
51,70468,337,23374,18,1
30,135884,544,27899,2,1
52,52463,320,6258,3,1
54,51663,409,18598,12,1
29,133687,693,7866,1,1
37,88706,709,46504,10,1
31,78773,307,35132,15,1
52,53123,743,34404,9,1
30,114346,627,5637,14,1
42,29718,589,29616,9,0
37,146777,810,42650,1,1
24,82637,660,20828,5,1
45,20028,518,31196,13,0
41,82370,705,41440,1,1
57,67599,519,37022,9,1
58,37397,406,37202,16,0
21,129198,585,33704,7,1
45,127323,307,30875,15,1
56,65406,488,28641,13,1
37,67657,380,42479,9,0
44,87560,407,18235,12,1
22,143178,620,27027,0,1
35,124143,645,37927,9,1
52,144745,627,47912,11,1
59,146896,601,47691,16,1
26,33503,499,32022,13,0
21,74943,718,10938,4,1
43,95839,338,49122,18,1
59,102674,606,47692,4,1
37,45345,303,38348,14,0
54,138423,376,37209,12,1
49,70390,767,42242,16,1
29,115041,478,14941,0,1
33,79557,575,12073,13,1
26,85054,451,47430,3,0
26,21906,463,42827,8,0
40,60167,589,42096,16,1
23,27961,677,5921,2,1
37,46140,609,7773,12,1
32,144098,688,9462,11,1
21,139289,482,25960,15,1
37,78701,605,35268,3,1
23,97567,371,24818,17,1
46,100664,518,44501,2,0
35,101199,472,49542,16,1
56,149856,571,47078,0,1
52,119764,767,6865,18,1
52,101218,568,35706,3,1
24,142357,319,33887,16,1
38,100729,802,35511,6,1
39,48561,446,38479,1,0
55,70568,728,45478,11,1
34,129349,464,31401,4,1
53,93302,609,33502,15,1
34,115380,817,18394,7,1
54,114968,313,38158,7,1
24,49504,431,14262,12,1
44,136116,738,9487,13,1
49,57146,562,32341,10,1
39,60297,524,48388,5,0
26,106394,557,18570,15,1
53,147173,533,34605,14,1
39,145942,635,11066,15,1
21,88607,708,42262,12,1
25,36939,323,31723,11,0
47,110467,570,8572,17,1
36,70715,394,17670,17,1
26,64460,441,32839,13,1
33,86576,380,33401,1,0
55,88222,573,15249,1,1
39,32666,575,7311,2,1
32,82119,764,37011,7,1
36,55321,507,48839,10,0
30,21779,595,44541,11,0
45,33186,338,44673,3,0
40,36459,587,8642,8,1
51,106246,423,11338,16,1
24,107755,582,14622,15,1
43,25057,479,47873,16,0
22,80663,396,44008,14,1
42,38733,490,12806,19,1
57,39157,373,5757,6,1
28,55030,746,31710,9,1
27,39613,796,26470,3,1
34,128612,783,11220,13,1
23,135080,415,47872,13,1
36,103028,834,31315,13,1
39,106282,397,32793,13,1
38,25188,627,19316,19,1
36,127106,706,47094,17,1
28,148346,612,27505,14,1
53,49680,447,33288,18,1
32,123361,641,13956,12,1
31,80119,794,24109,11,1
25,122302,322,8497,18,1
47,94400,404,14864,18,1
32,75718,521,36510,19,1
37,56445,314,32981,1,0
26,25796,377,27026,2,0
53,67218,621,13774,9,1
25,59131,540,26017,4,1
48,28123,317,6821,11,1
34,28222,753,23021,6,1
25,44074,742,15372,8,1
53,131958,576,46148,1,1
39,136088,723,39514,9,1
42,49825,775,33402,5,1
25,56839,326,10797,11,1
22,127112,813,21283,5,1
50,147514,763,45857,2,1
59,88322,662,49905,9,1
24,76321,682,12597,8,1
53,119174,824,35320,19,1
33,122500,681,36261,4,1
40,130100,483,11107,2,1
27,45988,493,30760,4,0
35,55507,761,40561,7,1
43,119244,355,16138,7,1
34,118644,529,40268,13,1
43,145788,788,36608,16,1
39,115251,327,18138,10,1
49,43806,483,46129,15,0
40,56901,724,42693,5,1
49,37043,674,22464,10,1
44,95761,340,26248,9,1
38,29752,783,42221,8,0
30,88993,559,23632,14,1
28,62616,740,17100,6,1
46,72127,383,6325,17,1
49,94777,345,16369,0,1
30,20453,739,15340,14,1
37,95432,818,18408,1,1
22,142872,737,24369,1,1
26,107362,435,23460,9,1
25,30976,482,31105,19,1
48,134176,471,36384,14,1
25,119122,838,6461,9,1
38,90404,419,47362,18,1
46,101932,580,37840,12,1
40,117170,607,33610,10,1
47,97707,576,43798,1,1
32,109647,829,25995,12,1
27,53688,594,24180,0,0
23,106840,352,12717,4,1
30,137106,731,18331,6,1
54,127810,351,18936,12,1
45,124779,371,34550,12,1
55,113789,327,25615,19,1
36,116516,768,8576,5,1
22,22017,846,45868,19,1
44,27957,700,37503,11,0
30,134534,500,10728,7,1
58,127724,765,37800,8,1
42,24792,678,15886,17,1
46,75982,476,19078,10,1
59,33237,351,9373,19,1
47,71586,378,37532,10,0
49,101787,684,40160,14,1
58,39252,307,33688,8,0
40,30707,513,16063,2,0
47,54206,324,28089,16,1
40,114276,749,38585,16,1
39,23543,756,11203,2,1
40,64135,760,7438,18,1
55,136469,497,32559,8,1
22,133824,393,28212,16,1
50,124647,736,11641,17,1
54,55031,826,21983,14,1
42,62929,677,19026,0,1
23,85747,403,24636,9,1
26,77851,338,39603,7,0
35,75311,757,17222,9,1
47,132113,663,7177,1,1
30,125331,434,45910,18,1
29,85867,673,37916,13,1
53,108780,531,18105,7,1
52,77196,338,39512,18,1
26,93705,346,6646,0,1
56,77894,335,14864,15,1
22,107640,394,31515,14,1
49,127437,660,28762,19,1
24,34591,824,41435,4,0
21,117247,445,21960,2,1
39,68893,667,49055,16,1
46,20727,364,32607,9,0
45,41359,527,21302,4,0
30,63822,819,35941,10,1
35,121547,480,36321,5,1
42,135336,800,35313,3,1
41,123399,454,42547,6,1
42,132113,834,45955,18,1
56,108534,734,18029,6,1
54,30929,398,40740,13,0
50,148588,671,23429,16,1
45,80091,661,33512,16,1
48,100378,411,16140,12,1
21,43519,752,19847,0,1
24,37393,468,39256,1,0
27,54318,438,33774,17,1
29,94531,530,14127,3,1
56,114192,538,33205,12,1
39,67934,552,47674,0,0
21,125796,735,39570,3,1
30,130805,721,20627,1,1
56,101103,602,41288,3,1
29,48840,371,43664,15,0
52,138089,562,37333,3,1
52,109367,521,41079,8,1
26,33265,376,23689,16,0
58,25424,361,29259,19,0
37,40625,770,31571,1,1
30,99622,456,13009,2,1
47,49187,424,49674,14,0
55,55929,460,49995,6,0
41,81892,840,43230,3,1
45,40539,834,41226,11,1
48,76630,405,41498,0,0
35,110639,430,33820,16,1
24,113410,656,45315,3,1
49,29215,301,34482,3,0
29,59385,532,37795,8,0
47,107580,668,24875,9,1
46,97462,550,44191,18,1
39,133396,407,17453,18,1
48,117037,575,14260,14,1
37,115310,479,47817,16,1
40,45008,592,30898,6,0
59,68928,474,10614,2,1
43,103096,422,36843,4,1
52,109876,526,49451,15,1
53,44976,743,16687,6,1
25,133942,727,8801,15,1
54,144984,382,46048,8,1
31,47626,364,45144,0,0
23,118256,580,33942,2,1
53,120537,690,15148,7,1
31,79789,727,22283,17,1
36,24700,406,24861,17,0
38,129331,847,39512,18,1
50,83645,561,27480,6,1
30,140594,458,23637,19,1
38,93396,564,49621,5,0
58,27526,767,39401,10,1
39,123863,501,28385,4,1
56,59500,454,30437,11,1
33,88049,312,13149,0,1
23,93366,596,19671,18,1
30,100317,797,42469,10,1
58,79117,544,28119,14,1
21,76096,599,38781,15,1
47,27910,661,21279,2,0
28,101383,653,8299,10,1
37,91185,820,39274,10,1
29,70248,685,9803,9,1
26,94656,611,22361,1,1
45,21951,713,23201,19,1
59,85212,577,33634,4,1
48,95701,655,19760,7,1
53,99888,824,15826,12,1
57,95282,315,26285,14,1
29,129274,344,14140,1,1
38,114533,620,11798,11,1
41,61954,625,5567,7,1
22,109719,447,16624,18,1
58,28804,654,17215,0,0
56,112705,535,12966,7,1
57,20595,404,45888,9,0
35,49592,773,34753,12,1
48,60643,695,49104,4,0
38,143721,745,42078,8,1
54,82665,519,6982,9,1
42,40823,741,38864,13,1
31,25972,327,18582,10,0
33,35882,774,24954,13,1
24,86394,604,44265,2,0
42,91055,704,49350,15,1
27,43769,812,20378,19,1
44,45020,801,48632,16,1
24,62748,647,9279,4,1
48,122621,539,32924,6,1
35,105374,636,22057,16,1
21,64912,325,12312,19,1
23,32879,708,35353,10,1
34,53798,376,40137,11,0
58,127791,516,25914,1,1
21,109826,627,21192,18,1
58,66073,322,22450,4,0
58,95791,609,10432,10,1
41,86983,566,36012,18,1
49,63005,714,38455,6,1
25,114731,566,18175,5,1
30,22850,632,5068,10,1
48,48400,749,15295,13,1
41,144948,546,11774,3,1
27,31953,335,17190,7,0
23,126410,700,36286,8,1
40,145155,327,15789,1,1
39,43535,519,33914,10,0
55,95536,705,36944,19,1
24,95039,570,11891,6,1
25,141640,810,26977,3,1
21,101029,585,35351,13,1
24,24055,753,15316,0,1
32,58170,616,38207,11,1
47,145331,596,30654,18,1
43,117944,637,12466,4,1
45,127585,606,22637,7,1
41,119976,727,8209,10,1
44,48251,650,41317,3,0
45,24532,810,8078,14,1
52,24924,824,32299,19,1
52,68037,791,41258,11,1
25,98082,308,8543,19,1
56,112115,796,34091,9,1
59,91621,739,33947,15,1
36,97926,407,27064,7,1
53,98816,544,11751,19,1
41,109654,554,19906,7,1
29,90400,332,23096,5,1
26,127620,322,19425,2,1
55,119525,348,16811,7,1
59,121164,761,22578,9,1
42,112385,635,11781,4,1
25,113102,657,26290,10,1
43,30702,421,20563,3,0
37,126732,743,30888,16,1
32,35385,658,32491,2,0
43,29336,645,37352,17,1
36,85421,492,26676,7,1
23,51225,715,5300,11,1
50,56021,676,42463,15,1
42,23782,762,49942,13,0
29,108877,445,26008,15,1
49,135454,777,25221,3,1
57,137369,707,34334,0,1
43,109630,585,48518,0,1
33,69111,410,25301,14,1
52,109402,349,12307,19,1
43,139774,313,34251,19,1
37,142652,433,39157,2,1
41,104585,642,13882,13,1
22,62719,585,15040,8,1
57,116528,613,11141,18,1
26,69037,596,10969,7,1
38,100103,463,18162,1,1
50,129987,796,14131,3,1
42,145695,315,10037,0,1
53,23513,643,27378,10,1
50,135183,377,19693,4,1
37,33335,645,31626,1,0
52,64140,371,7451,12,1
34,124126,569,5024,16,1
30,100373,586,10962,16,1
56,97658,365,40324,17,1
54,54840,367,36415,8,0
29,51007,492,29016,5,0
48,76947,354,21444,19,1
31,126833,678,45443,2,1
34,138637,467,21506,7,1
59,140721,708,43384,2,1
39,113220,807,48062,0,1
35,46393,836,36693,19,1
48,77480,401,29248,12,1
44,137243,721,47690,4,1
28,108290,777,9089,15,1
29,106335,419,7472,15,1
53,124263,590,48237,11,1
53,29107,787,45218,12,1
39,148181,460,40732,3,1
23,25993,377,13104,8,0
30,116341,337,22694,15,1
21,113650,693,29730,0,1
49,123325,740,39980,4,1
54,144980,839,14454,4,1
33,137595,761,44560,18,1
21,72066,593,14554,8,1
54,131850,699,30513,7,1
49,62942,391,46471,18,0
33,36138,305,35985,17,0
49,138558,570,29762,14,1
59,147408,398,45428,3,1
44,64527,825,6702,14,1
46,29190,493,22038,12,1
37,112259,456,27219,17,1
27,139773,414,9271,19,1
33,98422,695,32397,4,1
25,75698,821,13955,17,1
46,102315,513,34602,7,1
23,113710,832,49227,0,1
27,49086,314,36545,18,0
59,37322,718,28116,16,1
21,128132,667,11674,1,1
37,145604,512,22469,18,1
45,120814,304,10446,15,1
23,139324,530,25760,17,1
35,103569,500,6963,1,1
49,105610,701,47745,5,1
52,148921,448,15466,6,1
46,23435,791,32262,5,0
36,121505,525,10177,5,1
45,73331,468,16160,8,1
48,48942,451,42340,7,0
29,79635,523,12543,8,1
21,49059,803,46675,11,1
49,77557,849,21626,17,1
42,133457,343,44278,5,1
36,72389,803,34607,3,1
27,73014,540,25299,6,1
34,52826,650,22221,17,1
49,50297,322,8323,19,1
39,63890,342,47305,4,0
39,41322,765,15615,17,1
22,55739,339,6432,9,1
35,29719,602,28238,7,0
23,99553,474,45423,0,0
31,28314,831,13431,14,1
50,113831,760,13330,2,1
38,95164,492,49153,14,1
22,127658,543,13611,13,1
52,97028,579,18872,0,1
28,56113,335,39930,7,0
42,137174,839,11486,6,1
26,35357,453,41870,8,0
32,118865,322,28258,17,1
56,40365,390,48186,11,0
35,59029,689,6168,7,1
48,21737,658,5415,7,1
38,94632,849,15905,5,1
22,105474,527,10243,2,1
33,98218,501,21533,1,1
35,144606,649,32020,13,1
40,47499,337,27908,7,0
49,130027,799,10899,5,1
49,130402,342,38606,3,1
23,148692,816,43912,4,1
39,127430,367,14888,12,1
23,66157,422,20935,8,1
34,76247,635,12466,12,1
24,148411,452,20095,8,1
31,61034,461,16193,15,1
51,20294,513,6320,11,1
52,118072,675,17227,1,1
47,44596,742,22907,18,1
50,118185,722,43002,15,1
22,31434,837,49838,12,1
29,78382,529,43912,4,0
48,58098,358,5552,5,1
51,24655,395,25140,16,0
54,103029,561,25055,16,1
35,66228,653,38367,16,1
45,23771,611,20098,2,0
56,94099,435,29061,12,1
28,140811,772,36054,11,1
29,76799,729,19800,5,1
57,82257,836,47124,12,1
59,37558,445,30579,13,0
52,119468,823,6982,6,1
37,78436,386,45598,4,0
55,127779,408,40765,13,1
57,144891,722,22070,17,1
39,143725,644,35886,3,1
49,112103,565,49374,0,1
27,143400,793,39527,6,1
48,52376,632,44791,19,1
29,139154,712,34513,12,1
48,107458,490,27592,3,1
26,97924,441,28618,12,1
49,49332,372,20409,3,0
37,66737,466,14529,2,1
36,109031,467,29154,7,1
43,93970,558,37882,19,1
51,71952,738,49917,7,1
23,40991,410,21952,16,1
41,47472,830,20701,14,1
46,79946,589,14745,3,1
56,125566,809,29335,5,1
57,46849,474,7689,5,1
42,21541,601,7988,9,1
32,149237,484,40919,3,1
33,22765,638,49487,8,0
31,63074,809,14013,15,1
36,122795,609,44113,6,1
28,49283,806,8574,13,1
22,121387,645,37480,5,1
50,140044,380,12838,0,1
50,120161,673,33363,17,1
32,20769,455,36368,11,0
30,37806,731,37228,14,1
31,110518,799,33639,0,1
35,22972,446,19823,14,0
36,38256,780,28510,14,1
37,123903,734,43333,15,1
46,145574,818,9435,0,1
22,38653,368,43418,2,0
32,123579,485,25553,11,1
46,106669,503,12436,6,1
43,59339,312,41476,4,0
38,45757,573,39477,0,0
52,123376,597,29244,0,1
58,62399,350,47721,14,0
23,64013,799,6692,7,1
58,117605,668,20523,10,1
23,34706,656,37326,13,1
50,58231,302,47205,12,0
21,47909,553,5125,18,1
50,125754,774,6199,11,1
52,145777,805,43860,18,1
48,96631,555,21375,3,1
41,77572,449,7711,3,1
33,105879,787,37437,2,1
47,83767,578,33022,5,1
56,46469,358,14182,4,0
27,21313,745,32641,10,1
42,27847,412,34530,8,0
30,70222,788,27612,2,1
59,94702,706,10995,8,1
35,29930,666,45950,11,0
35,23285,359,43270,2,0
24,143637,628,17920,19,1
52,55863,768,27144,16,1
43,36704,362,23882,11,0
26,38705,483,7565,17,1
44,20555,610,28373,3,0
40,41323,837,48557,9,1
57,90968,476,10024,17,1
40,86922,728,29691,7,1
32,73915,372,38799,8,0
53,129543,466,6241,18,1
48,30619,524,39510,12,0
28,92390,308,43477,5,0
21,148918,535,27383,6,1
57,128500,327,16830,5,1
42,134337,326,33975,10,1
26,79274,849,31551,16,1
41,93173,495,45928,18,1
52,41225,502,28267,11,1
55,131266,384,17375,12,1
35,46739,329,26513,17,1
25,67708,765,9403,6,1
26,148041,398,9897,4,1
45,73019,489,5163,15,1
49,96154,311,41078,3,0
27,122097,329,22379,0,1
33,27373,337,35030,3,0
58,55281,593,34870,2,0
38,40187,659,34482,3,0
22,87863,479,36058,0,0
28,117927,411,31871,11,1
31,127113,743,31379,12,1
53,104085,320,7251,1,1
58,137996,444,48860,8,1
47,59220,798,28674,6,1
40,142755,445,11590,12,1
32,27642,740,36432,1,0
51,99971,720,45426,0,1
47,75556,615,27127,17,1
52,53760,465,43015,6,0
30,58192,502,12715,17,1
23,144257,795,8817,18,1
47,24381,767,34493,7,0
55,116583,684,22454,11,1
51,39558,613,9600,10,1
35,50782,554,29690,8,1
36,24782,322,47750,3,0
33,111417,638,38762,6,1
55,74712,792,42499,16,1
31,125764,810,27452,10,1
41,114945,665,12670,1,1
31,39462,671,26151,17,1
50,80030,518,22341,11,1
55,88519,774,34604,8,1
42,76411,722,13287,10,1
58,75206,655,23538,4,1
51,117469,759,22015,6,1
34,66950,802,49644,0,0
44,22523,326,20852,4,0
52,80926,522,26258,5,1
56,29677,447,43330,12,0
52,95828,723,46508,10,1
35,35089,650,7248,7,1
55,24581,485,11192,19,1
23,31907,714,32410,1,0
36,25609,728,14895,14,1
25,71153,340,11406,9,1
41,70539,692,38924,7,1
30,64143,378,46303,1,0
39,42936,843,10295,14,1
45,70182,749,17264,5,1
24,128261,773,33038,4,1
49,131259,441,43922,2,1
39,119524,550,14136,10,1
22,115042,593,18213,10,1
30,33163,435,17072,15,1
45,146686,783,48010,2,1
40,79758,611,41053,8,1
39,66057,345,32431,2,0
43,32537,535,47290,18,0
44,42419,347,7003,10,1
31,62578,497,24999,13,1
54,94991,383,36279,1,0
48,141211,842,47747,6,1
25,142762,460,15438,9,1
25,94599,727,19227,9,1
41,20834,370,8672,19,1
32,52214,819,12458,0,1
24,112934,351,23539,5,1
40,143798,344,8479,13,1
58,120028,592,19887,1,1
45,141286,764,5051,5,1
34,22413,849,7159,0,1
31,29505,679,9390,2,1
52,140681,777,25035,3,1
31,122802,561,33491,12,1
38,22105,478,21080,2,0
47,88104,656,39880,14,1
38,148303,718,27149,12,1
43,127634,500,20339,10,1
31,134897,312,34305,3,1
41,78408,742,6354,16,1
25,57679,585,10620,4,1
43,136908,557,8754,7,1
45,134921,847,21593,9,1
30,119096,789,21167,6,1
42,99731,797,27555,16,1
39,132205,632,38005,6,1
21,85131,331,46295,18,1
27,84280,342,45843,8,0
24,35762,650,13691,1,1
21,137798,633,14756,19,1
35,136854,569,41308,18,1
32,126830,712,14327,5,1
42,78703,318,33520,9,0
42,101434,646,48308,12,1
37,83079,336,45025,1,0
49,41577,391,33900,9,0
34,21214,484,21533,9,0
40,106339,327,36881,4,0
53,68114,847,32782,3,1
35,109234,671,49488,1,1
32,83230,829,6624,6,1
40,143163,644,45429,17,1
50,52980,718,25812,16,1
58,87194,495,12529,10,1
23,97806,377,25653,17,1
48,132333,466,32860,7,1
46,57792,389,18654,11,1
50,65807,563,7108,0,1
33,144297,771,8947,19,1
33,145266,507,12899,11,1
22,42301,570,18372,5,1
57,25141,562,42682,2,0
58,136482,805,35373,4,1
22,124292,811,44435,13,1
56,142984,823,7263,11,1
46,33777,611,31188,12,1
31,58346,473,41583,12,0
28,74703,730,34295,16,1
42,114977,762,5577,14,1
40,67819,400,20029,5,1
28,48469,315,40531,11,0
49,23845,557,35066,1,0
46,130186,543,22613,3,1
50,43290,647,24560,19,1
37,132551,548,13945,11,1
40,50699,404,34418,2,0
36,64252,586,22071,16,1
27,118682,468,22130,5,1
36,23293,719,25721,16,1
47,138017,346,7712,16,1
43,139496,342,22091,10,1
44,129934,620,20857,6,1
29,77089,520,46394,1,0
55,131964,812,39301,18,1
40,36608,740,21553,1,1
57,148713,443,22404,12,1
37,86273,327,12093,15,1
51,36619,466,18156,16,1
28,98006,548,18785,10,1
35,135399,656,30271,8,1
51,107908,410,19694,8,1
50,101653,533,41114,13,1
40,34779,323,9013,12,1
59,71040,325,37799,10,0
32,114830,680,29752,11,1
37,76325,645,16156,2,1
50,135947,677,15304,0,1
49,41630,821,45645,7,1
39,125575,316,43938,18,1
31,135436,544,17078,12,1
54,32178,838,31078,6,1
27,39935,501,7315,12,1
54,67258,547,32220,5,1
40,42784,417,36731,2,0
58,83722,308,37833,5,0
44,43027,322,17420,2,0
30,116544,539,23312,12,1
52,77853,326,26395,12,1
35,132167,380,45301,12,1
57,87359,498,20317,0,1
40,92388,391,21968,7,1
23,98608,383,27854,4,1
57,96669,599,10244,19,1
28,35111,595,35929,16,1
43,52312,753,45922,8,1
31,149321,580,29054,12,1
28,44161,358,23588,12,0
49,138920,641,49590,4,1
50,124823,764,39660,13,1
30,145014,641,12018,10,1
59,87313,361,15621,13,1
48,70374,728,5973,6,1
56,44014,555,48602,16,0
33,100308,646,44383,3,1
52,66389,825,42097,9,1
56,130163,603,39245,9,1
57,38161,544,30346,14,1
46,127800,711,45097,19,1
42,27490,516,11444,11,1
24,139547,815,29881,8,1
51,127197,773,29846,2,1
38,44502,335,16406,14,1
58,55757,477,44611,11,0
44,61111,686,30439,14,1
43,118273,316,10972,0,1
42,103245,347,42873,14,1
22,78645,361,15931,10,1
51,130218,368,12702,4,1
31,79055,665,24298,6,1
48,139815,461,26540,11,1
52,28998,787,37040,19,1
25,48906,730,36000,5,1
58,121026,788,34805,2,1
30,90192,529,7599,9,1
44,70477,669,27100,3,1
55,56901,477,35509,12,1
43,111271,709,40003,18,1
37,72021,569,24183,4,1
21,49092,505,43241,17,0
51,21242,381,5018,0,0
51,126843,492,5858,15,1
54,21831,488,30992,15,0
29,70721,575,37580,15,1
42,48511,373,10380,18,1
33,92782,309,40800,15,1
45,117003,515,23915,0,1
38,38302,589,45239,19,1
32,75568,744,42487,19,1
37,23232,492,17943,9,0
35,122062,588,42631,1,1
35,124301,443,41806,13,1
35,71507,688,23836,7,1
59,144277,706,40614,5,1
33,149999,669,45832,2,1
37,96508,740,16394,15,1
52,133672,828,11622,16,1
29,120128,312,30280,11,1
40,30683,639,16782,18,1
46,43664,611,6159,19,1
47,122364,403,9626,2,1
41,140012,638,28440,12,1
38,53172,497,41490,15,0
33,103641,599,16630,10,1
36,84340,743,49042,19,1
29,107236,658,11589,15,1
32,31017,667,28233,19,1
58,56613,468,40011,1,0
39,106130,448,13177,3,1
27,96920,341,39528,3,0
55,50348,501,43210,16,0
38,36448,543,31372,0,0
36,29491,763,28508,0,0
59,98648,748,19965,4,1
24,141070,736,8236,11,1
45,116557,830,20611,5,1
52,78759,572,27282,5,1
33,64553,729,46003,16,1
37,20968,512,20829,12,0
57,20368,403,13680,7,0
26,93960,491,16340,11,1
39,55010,679,36093,14,1
33,74154,380,26107,18,1
46,55851,848,14148,19,1
34,142761,676,48074,16,1
51,45496,453,22499,8,0
24,143568,539,23165,17,1
59,147152,673,48786,1,1
28,50936,503,30226,10,1
45,98858,649,23260,19,1
33,87005,442,29916,16,1
52,57493,488,48910,17,0
58,89795,571,35480,14,1
58,56390,831,37191,6,1
48,30292,599,14546,15,1
50,112377,725,41044,0,1
23,48365,345,26921,17,1
48,37207,394,41940,7,0
23,121735,363,17836,6,1
54,42912,712,13989,1,1
36,122455,308,18740,11,1
42,122517,758,35180,15,1
52,100771,708,18102,8,1
58,76572,769,20357,19,1
28,127293,805,35255,10,1
28,119083,372,41094,14,1
26,133655,383,30221,2,1
34,129346,358,5719,12,1
52,39276,320,22906,12,0
55,117459,757,28140,1,1
30,25534,456,6069,5,1
23,112005,628,12749,5,1
32,121610,502,17935,11,1
51,55670,405,42655,3,0
49,82147,421,49035,4,0
25,118099,617,35720,7,1
45,131695,481,32937,5,1
51,56486,615,23540,2,1
41,85557,705,12944,7,1
40,54268,369,17747,18,1
59,127338,459,15505,10,1
42,101335,539,16697,17,1
24,46336,822,41907,9,1
33,23641,437,20221,19,1
40,107132,794,12087,11,1
33,52959,546,26462,19,1
37,33306,842,27789,7,1
56,66182,823,38400,18,1
53,94123,542,7199,15,1
21,76326,635,49023,17,1
35,116895,721,26737,8,1
33,41498,493,11073,3,1
37,90198,607,21744,8,1
44,122630,805,15559,1,1
28,127369,580,37695,8,1
47,47197,738,13401,8,1
43,40719,782,16659,17,1
28,110201,522,46890,10,1
28,128775,416,18894,12,1
46,45032,491,34160,5,0
33,79624,815,34272,8,1
59,98177,829,29512,15,1
57,61964,606,38645,3,0
48,50028,831,26179,1,1
45,131030,421,15691,6,1
36,74646,453,21110,14,1
22,101187,836,40291,5,1
38,28536,751,34845,10,1
37,137399,468,44038,19,1
50,76747,358,29967,16,1
59,65712,600,33478,3,1
33,26273,849,10088,18,1
52,91820,416,45332,6,0
49,145342,426,12066,10,1
50,111228,704,44313,12,1
38,94353,698,7321,2,1
33,114491,814,29533,13,1
41,112091,797,29509,1,1
50,105914,827,46098,17,1
41,70830,697,13294,4,1
37,126718,564,43101,12,1
39,37127,562,30059,12,1
35,135150,697,36248,13,1
29,103488,826,45626,11,1
30,31539,735,25703,12,1
51,66761,659,43157,17,1
43,66219,428,8205,12,1
50,34692,540,39929,3,0
53,103656,521,22848,9,1
29,33334,513,38411,4,0
21,48615,434,19986,17,1
55,27903,685,16628,7,1
31,48527,602,43119,13,1
54,35629,586,9553,1,1
36,141690,488,11518,7,1
29,78008,596,43491,15,1
52,103276,825,12946,6,1
35,119318,688,5610,2,1
32,46708,758,9302,3,1
53,30860,560,39311,6,0
34,37438,412,39234,3,0
28,87300,335,46876,8,0
28,149263,378,19656,16,1
47,91545,574,44004,16,1
32,40842,577,23656,19,1
21,80213,611,46811,13,1
31,62372,828,9536,13,1
59,134316,503,47974,12,1
51,118971,316,24856,3,1
37,88906,775,41410,12,1
53,58744,810,49830,16,1
52,136082,509,21447,14,1
49,77442,798,38327,17,1
41,149070,701,39501,10,1
41,105990,728,13861,3,1
43,141670,377,25278,19,1
26,126917,379,6542,10,1
42,123903,605,47231,9,1
58,23650,357,7415,12,1
57,65117,829,48751,7,1
28,111244,507,17905,12,1
55,128198,810,26601,8,1
31,72772,434,43155,0,0
44,23190,821,26563,0,0
41,68113,382,45955,14,0
22,28789,343,11643,3,0
39,52125,782,29044,19,1
59,118695,792,16246,0,1
48,37459,798,7458,11,1
37,55418,317,11028,10,1
26,131904,593,43215,18,1
39,67085,447,39716,14,1
58,38768,771,11306,9,1
48,69961,471,46019,0,0
22,101099,830,45860,2,1
58,142735,419,32678,13,1
57,47885,365,29908,14,0
24,107421,440,17363,0,1
42,81082,745,19066,9,1
46,26895,805,37711,0,0
56,70311,488,5189,14,1
33,109494,457,16752,2,1
52,87067,545,12482,19,1
37,91017,332,21679,11,1
56,43932,660,29552,18,1
39,41360,629,5799,15,1
55,74847,811,30381,7,1
48,129178,370,14934,13,1
21,110365,612,24084,17,1
38,105468,378,46556,0,0
53,146065,468,14909,1,1
32,58931,479,30931,11,1
28,75823,559,30868,16,1
44,58032,785,48558,1,0
36,135919,304,18846,16,1
24,101426,596,27257,6,1
58,38807,659,33013,5,0
47,31767,416,42482,5,0
29,28071,656,27875,7,0
36,73413,738,29717,4,1
32,46149,630,16408,14,1
51,35540,824,40607,6,1
44,121212,487,41281,2,1
34,90248,580,32326,9,1
45,141443,810,18601,2,1
54,111737,765,6135,13,1
23,130494,414,27741,2,1
44,138571,535,16913,0,1
29,105435,637,15101,0,1
46,39787,821,23631,18,1
40,40982,498,11548,3,1
30,139696,349,42284,1,1
39,42606,441,41870,10,0
23,147560,827,32215,11,1
44,30150,813,42279,12,1
25,105929,329,24215,15,1
23,137423,381,30582,15,1
47,122795,330,19024,18,1
36,132223,632,16413,19,1
35,66936,476,21319,19,1
55,113286,669,24446,8,1
32,28593,846,45743,15,1
46,37358,834,37036,6,1
54,102143,405,17621,12,1
43,57381,396,15511,3,0
51,141465,529,24923,12,1
40,110347,526,15558,7,1
32,48074,670,37235,1,0
43,40595,399,5526,6,1
24,64194,744,6753,10,1
43,69377,767,31248,16,1
21,46853,354,19656,13,1
45,93719,494,28266,12,1
22,40661,819,15220,14,1
50,70493,723,23038,8,1
23,138724,614,17741,2,1
41,126705,427,9841,12,1
45,56495,331,41809,12,0
40,33703,392,35575,8,0
42,73080,818,46733,17,1
41,50815,557,19418,4,1
53,49565,519,42185,10,0
58,83321,405,46745,1,0
35,137491,847,32881,16,1
35,78453,715,19587,19,1
45,108478,608,27268,3,1
41,128522,665,5448,17,1
44,53161,820,42353,19,1
25,75991,758,13108,7,1
26,134296,669,16443,18,1
43,127339,630,27435,11,1
24,29716,310,38062,10,0
47,127099,806,6238,15,1
38,53349,718,20321,4,1
41,67098,421,21074,2,0
48,128435,534,18049,11,1
55,20132,630,40584,14,0
42,71990,842,6098,15,1
43,133288,647,19679,12,1
23,88921,711,39505,6,1
30,56538,523,40533,14,1
45,120572,452,16434,2,1
28,119279,511,49859,11,1
31,125909,391,38178,7,1
25,27213,630,32575,11,0
57,144693,766,24329,17,1
58,64223,527,42554,2,0
49,111655,493,46837,11,1
25,88371,829,23493,1,1
29,88274,542,26830,13,1
22,127853,688,43603,13,1
21,24134,575,39754,3,0
50,111428,749,13126,16,1
31,59601,777,46838,14,1
48,93889,779,45068,15,1
32,35690,587,27093,4,0
59,21909,839,40171,16,1
46,111239,629,13262,6,1
33,100032,769,48270,14,1
28,32062,833,25785,16,1
48,95386,766,44469,11,1
50,113237,719,8295,10,1
29,54731,421,20687,18,1
59,25153,607,7121,10,1
51,30481,633,8582,1,1
41,119270,719,35280,14,1
54,86425,625,47589,4,1
51,83600,549,43468,17,1
45,104981,394,45000,15,1
32,91997,595,42056,3,1
21,124470,483,36672,9,1
42,48205,559,6085,1,1
57,108887,485,20891,14,1
21,101542,708,20600,3,1
21,64149,368,37458,15,0
41,69112,307,13645,6,1
35,30940,564,46578,11,0
37,79010,783,46596,2,1
42,96794,670,9874,16,1
58,44485,382,18767,8,0
55,109299,510,31825,7,1
36,144321,612,15913,5,1
28,125584,636,21215,14,1
37,21067,789,23733,9,1
37,40607,702,19332,5,1
46,129419,490,9432,14,1
33,81597,634,27559,13,1
37,146736,821,31570,18,1
58,94554,386,45033,12,1
37,68521,361,11103,13,1
34,132482,686,48780,2,1
26,35187,445,20900,3,0
55,122911,452,7031,13,1
34,23985,648,22633,13,1
28,63052,477,28192,7,1
35,39563,786,24940,9,1
47,67322,546,46287,8,0
33,122842,553,13988,13,1
51,81245,799,43067,7,1
55,71514,840,17952,10,1
26,38608,651,32369,9,1
25,124675,811,40862,17,1
42,87262,312,7977,3,1
43,112118,450,43493,3,1
45,91327,349,6268,11,1
54,77225,514,21756,17,1
46,93994,671,25764,7,1
25,141701,412,45385,2,1
46,37221,551,20032,17,1
40,68506,640,34478,6,1
26,40968,352,16885,0,0
26,147677,429,14796,12,1
38,102606,492,44047,2,0
24,47937,356,37863,2,0
37,82435,396,20478,14,1
34,69508,497,37117,18,1
34,146695,446,25753,3,1
33,61831,594,25325,12,1
27,62933,311,12021,12,1
35,67307,632,20185,14,1
39,68340,519,10868,18,1
55,122951,697,18071,15,1
37,128306,641,13041,6,1
55,106338,811,21515,2,1
39,63601,471,49075,19,1
40,95956,767,45058,1,1
56,92178,465,30966,17,1
55,105311,469,44284,10,1
52,48754,811,47109,0,0
44,63310,488,49470,15,0
37,89893,419,27290,16,1
27,106799,404,35702,15,1
21,140007,340,33223,9,1
55,68367,620,38575,16,1
52,33201,634,49168,2,0
56,22739,459,26661,17,0
33,33231,563,21439,18,1
26,145610,829,41432,13,1
34,127814,776,38511,1,1
57,62495,651,36147,11,1
35,41168,844,34114,10,1
24,52624,509,11030,16,1
36,30635,795,29515,5,1
48,29964,681,35333,18,1
36,47785,780,5079,12,1
24,115046,304,34048,6,1
46,102797,333,49900,10,0
48,104790,444,7966,6,1
52,96928,650,8728,12,1
22,32336,764,42304,12,1
51,97475,647,43581,0,1
23,47412,424,29794,18,1
28,102212,570,5947,18,1
44,95379,656,17565,14,1
35,65591,826,20844,13,1
51,81750,797,5594,2,1
29,110648,452,26414,19,1
59,116134,352,35690,3,1
22,55454,448,21524,6,1
28,118537,802,32469,0,1
27,82672,749,24439,18,1
59,47228,518,31206,2,0
36,34429,576,41973,19,1
55,104294,751,26555,14,1
50,87808,727,12782,12,1
30,102886,382,7660,13,1
58,135577,517,44624,6,1
38,73015,826,11089,0,1
25,108074,703,10318,12,1
49,88936,589,31605,3,1
59,100907,719,34400,11,1
54,77378,638,20405,6,1
43,57310,718,35209,1,1
25,121827,506,13062,16,1
50,103683,564,22424,0,1
26,88827,335,46274,13,0
24,55256,672,28987,0,1
49,96428,787,49419,2,1
43,119862,558,25556,10,1
26,122994,830,32601,6,1
52,58889,322,24330,8,0
38,71428,403,20730,2,0
35,130502,540,8236,0,1
52,57207,552,8680,18,1
29,70255,441,35312,1,0
57,125824,750,26191,4,1
30,111531,606,49066,16,1
40,25409,799,22921,18,1
26,62438,307,41640,4,0
23,130410,368,39635,13,1
31,130238,367,41688,9,1
37,115359,707,10693,6,1
52,27869,817,25266,7,1
24,121260,418,48716,7,1
24,76862,330,31488,6,0
37,107937,817,29122,12,1
39,45958,782,46224,13,1
25,96302,506,34004,18,1
52,39768,686,11331,10,1
42,116330,711,26566,1,1
26,46145,669,47262,16,1
55,95622,652,47154,5,1
42,128739,635,45899,8,1
21,46442,588,49564,18,0
40,101948,439,25778,4,1
42,143585,599,38926,8,1
31,45596,312,25751,6,0
33,95791,727,22528,3,1
23,62406,699,5068,17,1
29,60524,408,8717,17,1
32,43332,784,20218,19,1
43,130160,655,48968,16,1
34,35764,448,30402,3,0
53,47563,606,36643,15,1
38,107675,832,47129,4,1
29,56370,359,34152,8,0
43,25062,734,16526,1,1
30,64645,320,31916,1,0
39,142759,681,47975,3,1
25,27244,544,31028,19,1
43,26372,372,31709,19,0
50,125409,748,46999,16,1
45,146248,375,20063,19,1
48,105501,689,9723,18,1
54,137450,641,9213,2,1
45,84471,589,27797,4,1
30,130533,630,41234,9,1
34,36956,558,24410,5,0
50,60473,725,28382,2,1
45,33894,305,7747,16,1
34,130584,305,28655,9,1
55,118918,490,35348,11,1
54,89586,447,17454,0,1
30,36709,704,17587,17,1
55,101258,557,27555,18,1
31,138428,778,33071,19,1
31,35210,389,25239,3,0
41,69510,309,36602,14,0
41,122081,386,7203,8,1
42,58674,450,18635,5,1
27,145251,329,6144,11,1
37,120025,427,37699,17,1
22,37733,377,24083,14,0
32,40080,720,31127,18,1
38,122200,354,17213,8,1
31,73412,779,21944,12,1
36,144476,604,6187,15,1
38,78971,845,8133,12,1
55,59709,404,8411,0,1
46,79846,471,39457,17,1
36,85480,798,42175,2,1
26,131768,321,40191,16,1
32,72960,586,11728,4,1
33,123550,690,38744,5,1
24,61152,448,27881,16,1
59,47250,571,17801,16,1
22,105765,598,15548,0,1
46,137265,471,37886,6,1
47,68137,346,39310,15,0
47,102011,506,24427,4,1
35,138922,752,5972,15,1
28,143360,694,38683,3,1
27,141280,600,11621,10,1
32,66412,475,31013,13,1
33,63876,409,19530,12,1
37,114547,501,12354,7,1
37,93664,467,42359,19,1
56,70227,385,28223,14,1
41,52450,350,46232,17,0
28,104433,411,17550,6,1
25,93704,762,27660,18,1
46,26861,741,36029,8,0
36,127294,570,35268,10,1
56,81914,643,31340,9,1
48,83888,482,9290,13,1
49,99286,802,35138,15,1
32,81293,309,11446,7,1
57,102524,793,18432,0,1
50,88515,533,6522,11,1
43,43524,597,38329,2,0
36,27065,543,8540,1,0
34,57684,808,17328,15,1
30,108720,650,39247,3,1
27,53365,566,11677,1,1
57,78876,500,46616,11,1
49,43704,538,30947,16,1
23,77857,633,18520,19,1
35,25622,714,49711,9,0
56,103797,783,27805,19,1
39,130468,736,35444,7,1
33,113955,545,25143,17,1
41,120003,307,15292,17,1
57,111141,451,47844,17,1
47,114707,691,21017,1,1
49,107700,510,30323,11,1
40,135404,666,46423,9,1
45,131733,385,46713,7,1
26,99332,354,27320,18,1
56,122390,745,13774,9,1
22,116856,603,7205,10,1
42,86201,431,17342,13,1
52,52694,720,9027,14,1
36,109766,684,21327,9,1
38,42995,497,26200,3,0
25,112320,346,12188,6,1
56,100141,502,7808,10,1
50,102999,560,18851,2,1
39,28419,323,20354,4,0
43,67952,639,20058,1,1
54,143028,711,19620,11,1
33,53837,560,36230,4,0
49,90799,585,41681,6,1
56,68877,812,22803,3,1
42,126255,385,7167,10,1
56,65687,729,7144,8,1
29,119667,330,7167,3,1
59,57276,739,47520,8,1
39,54523,648,47136,11,0
58,86055,711,30844,15,1
26,74615,827,33163,0,1
35,116642,609,27920,7,1
40,130040,695,22550,0,1
29,30514,637,41343,19,1
52,67456,736,23254,18,1
24,27233,664,45011,3,0
38,21102,412,25147,13,0
25,86133,475,17926,13,1
40,66715,448,38823,8,0
43,105193,477,28991,8,1
31,130545,681,46851,16,1
57,124085,522,32563,14,1
42,129101,558,35688,9,1
24,26256,488,34023,16,0
49,141946,605,39130,8,1
54,128684,677,5925,3,1
33,84800,642,21321,13,1
29,148900,455,15769,2,1
51,114937,354,41748,11,1
27,61548,741,45028,0,0
24,92090,499,21151,0,1
39,98200,702,15597,12,1
50,62367,476,39187,13,1
51,148845,748,48835,15,1
55,133815,840,5059,6,1
41,109922,600,40292,9,1
51,90382,606,25181,14,1
39,147602,566,32235,7,1
51,146270,513,33672,10,1
52,146320,782,6578,13,1
22,46205,561,21047,12,1
30,45570,366,37160,12,0
22,50255,432,38475,8,0
22,41182,839,29549,16,1
44,59373,811,10277,17,1
37,63019,510,6780,18,1
52,82619,552,19662,12,1
36,36043,337,36516,11,0
36,65532,342,37161,19,1
59,121290,704,49499,19,1
51,85936,345,36886,7,0
44,39239,753,13800,10,1
21,30416,604,10439,6,1
31,23412,532,9307,0,0
41,101976,544,7364,9,1
24,44406,594,21568,14,1
27,21875,682,43092,3,0
46,139231,457,10483,0,1
32,57066,704,5245,10,1
51,122072,300,13430,4,1
37,25752,516,13183,18,1
53,106753,806,43692,18,1
31,98025,329,35086,3,0
48,21353,819,37726,1,0
52,46986,574,18901,6,1
21,106907,791,8907,12,1
48,124901,335,38044,19,1
27,34691,610,33604,11,0
22,89847,343,42869,1,0
44,68075,454,19537,8,1
24,30794,376,17501,15,1
39,88470,737,42371,7,1
46,36406,731,41821,17,1
31,95930,841,28196,3,1
31,135897,338,11073,10,1
23,46872,538,15561,16,1
32,61708,312,23101,7,0
23,135492,421,36426,18,1
47,126629,443,34341,7,1
22,40800,754,12313,5,1
36,63397,667,35773,1,0
22,143313,546,33003,14,1
50,57909,344,31420,0,0
40,41352,674,10714,5,1
58,121975,590,32139,18,1
48,113848,506,31098,3,1
45,125596,818,47294,12,1
52,35438,541,18582,14,1
30,108921,413,48583,8,1
53,64999,601,18760,2,1
33,38482,575,11255,1,1
57,52471,395,21622,15,1
36,67279,593,40983,17,1
42,129413,659,45309,17,1
40,126748,587,34715,5,1
47,74213,453,41415,17,1
36,133909,722,26792,10,1
54,33026,349,47576,6,0
52,127625,506,27724,13,1
46,105184,512,8652,17,1
45,25435,365,31297,6,0
22,28493,531,37422,9,0
32,92227,619,19028,7,1
29,79321,436,18803,13,1
32,22763,364,11307,17,1
46,40389,813,36325,4,1
29,51498,431,36574,13,0
30,83755,633,24262,9,1
52,121545,331,6535,14,1
54,55825,797,19932,5,1
40,36934,542,20749,8,1
59,25574,491,13727,9,1
22,58179,441,22332,16,1
21,21587,490,34534,0,0
56,62782,448,15834,13,1
44,124224,715,25325,3,1
47,74412,819,14213,1,1
22,80561,315,6403,2,1
51,97224,405,12506,6,1
34,24409,582,34659,13,0
22,147159,403,12591,11,1
49,91319,660,17996,18,1
35,119016,334,42828,17,1
32,46751,412,39370,14,0
57,58174,607,18472,0,1
48,142678,352,34098,2,1
40,76572,380,7196,14,1
59,81416,668,16091,3,1
44,32041,541,20040,14,1
41,43227,330,11023,9,1
30,55201,660,25543,5,1
34,56069,532,33377,12,1
57,102190,333,41635,6,0
38,46370,542,47337,0,0
44,115018,358,45409,10,1
34,145342,828,10004,13,1
54,147173,377,14963,5,1
32,31586,601,18796,4,1
42,70231,411,45972,18,1
26,145758,712,12077,18,1
56,25322,616,34848,12,0
56,85294,444,17526,6,1
42,99468,317,8261,7,1
34,49299,650,22046,13,1
36,110715,454,18397,18,1
56,90793,805,30269,18,1
45,66501,659,41158,11,1
52,77134,631,30757,8,1
53,131672,827,20299,13,1
56,29777,311,6902,5,0
40,31249,374,47399,14,0
38,140902,511,8846,12,1
58,41390,582,17359,6,1
23,40369,494,7520,10,1
43,32881,329,45832,9,0
52,29587,308,25098,0,0
36,113800,608,44451,6,1
25,94327,744,28136,17,1
24,127009,609,40885,2,1
41,107911,725,35720,8,1
34,108147,390,26157,4,1
