Years_of_Experience,Education_Level,Projects_Handled,Performance_Score,Working_Hours_per_Week,Salary
7.49,3,4,3.47,35.5,113520.12
19.01,4,2,8.91,53.34,201267.65
14.64,3,5,8.5,36.02,172828.4
11.97,4,1,9.36,53.8,153319.44
3.12,4,5,5.13,42.88,105344.81
3.12,3,6,7.92,59.85,118415.63
1.16,2,2,6.32,35.92,89588.97
17.32,4,1,3.79,32.79,149251.38
12.02,3,4,9.95,32.26,141332.95
14.16,1,7,1.34,55.06,137438.43
0.41,3,1,2.46,43.13,76531.52
19.4,1,1,9.03,30.09,147707.41
16.65,4,8,1.55,56.24,154590.86
4.25,3,16,8.98,56.31,150355.41
3.64,3,13,7.44,54.19,129924.01
3.67,1,18,1.33,37.45,92270.38
6.08,3,10,4.86,41.18,99902.56
10.5,3,12,7.79,52.35,163070.12
8.64,4,1,6.25,44.68,117797.13
5.82,3,10,9.42,34.61,132393.44
12.24,2,9,8.81,37.28,135731.25
2.79,1,3,3.99,59.18,74498.85
5.84,3,19,1.76,34.53,127703.22
7.33,1,9,9.5,51.78,126211.68
9.12,1,10,5.66,44.34,119033.02
15.7,1,19,1.67,52.46,170056.93
3.99,3,16,8.35,49.83,153288.5
10.28,3,18,8.82,43.18,157706.4
11.85,1,14,6.75,40.62,123894.83
0.93,2,3,5.03,52.63,99752.28
12.15,1,2,6.96,39.69,106883.29
3.41,2,1,7.36,53.63,104790.95
1.3,1,18,9.04,50.4,109834.66
18.98,4,9,9.6,47.33,194644.14
19.31,1,13,5.63,41.06,174432.16
16.17,1,2,8.19,36.15,130438.92
6.09,3,7,9.68,51.31,127485.55
1.95,2,16,2.36,32.74,98848.1
13.68,4,19,1.16,59.12,186178.19
8.8,2,15,8.82,59.36,174597.18
2.44,4,11,2.76,33.91,88980.67
9.9,1,1,1.38,33.12,85624.0
0.69,3,7,2.44,42.38,75449.0
18.19,3,8,4.46,58.91,180037.5
5.18,2,10,2.97,42.01,102235.91
13.25,3,5,3.75,40.91,144978.54
6.23,2,9,9.78,51.11,125372.46
10.4,2,1,7.34,35.36,125800.64
10.93,4,2,7.41,40.9,139626.45
3.7,2,19,1.85,38.74,105636.78
19.39,4,14,7.59,48.05,191594.04
15.5,3,10,7.65,34.88,175014.65
18.79,2,9,6.94,46.46,156076.38
17.9,2,10,3.06,55.73,158479.87
11.96,1,6,4.81,45.43,139775.37
18.44,2,17,8.62,50.5,199111.67
1.77,2,6,7.03,32.26,80871.39
3.92,1,4,7.59,43.47,86274.84
0.9,1,3,6.29,32.85,76541.44
6.51,3,19,5.05,47.98,144156.53
7.77,2,18,7.83,38.43,148703.44
5.43,3,4,1.61,38.62,81758.31
16.57,3,8,7.06,32.3,172783.78
7.14,1,17,9.97,39.31,122604.05
5.62,4,5,8.02,45.2,141986.84
10.85,3,13,3.62,47.54,125376.57
2.82,4,1,3.5,32.0,80135.51
16.04,2,13,7.0,49.54,182672.7
1.49,1,4,9.06,44.67,107245.63
19.74,2,14,6.2,46.11,178612.57
15.44,2,3,5.75,54.98,143718.5
3.97,1,5,2.44,40.27,78700.49
0.11,2,7,7.44,35.22,91017.15
16.31,1,1,7.32,46.55,145024.24
14.14,4,12,9.7,58.35,181884.28
14.58,2,11,3.7,45.54,125339.07
15.43,1,8,7.81,54.96,147167.3
1.48,3,6,4.91,52.71,84448.78
7.17,2,2,6.03,45.55,116189.09
2.32,4,19,8.35,49.43,143216.04
17.26,1,14,3.0,42.2,147029.86
12.47,2,1,4.09,45.92,120073.06
6.62,2,10,7.96,45.22,143621.5
1.27,2,16,6.13,51.27,120587.62
6.22,4,4,1.83,42.3,111576.93
6.5,1,11,4.87,32.99,96245.7
14.59,3,16,6.28,53.66,184938.21
12.75,3,1,9.19,50.55,150439.36
17.74,3,16,2.7,58.5,169834.76
9.44,1,19,8.25,42.86,134562.81
2.39,3,9,2.18,32.35,96386.1
14.26,4,9,3.18,33.65,158447.43
15.22,1,9,3.19,53.2,144888.89
11.23,2,17,8.9,32.03,155686.04
15.42,4,12,2.79,57.23,165625.54
9.88,2,13,8.08,38.45,133034.52
10.45,3,8,5.16,56.97,143256.4
8.55,4,16,9.99,53.21,165961.09
0.51,1,18,8.55,56.14,100749.09
2.16,4,1,7.66,36.42,102991.4
0.63,2,1,8.84,47.87,97359.02
12.73,1,12,6.71,32.81,129531.65
6.29,4,6,8.59,36.07,145833.82
10.17,4,9,3.35,39.3,123366.45
18.15,4,5,1.88,52.22,155613.96
4.99,4,16,6.54,30.74,125216.4
8.21,1,18,4.91,57.09,139338.94
15.11,2,17,4.84,32.12,154643.86
4.58,4,18,5.74,41.29,126312.86
1.54,1,1,4.25,32.43,45909.35
5.8,2,19,6.63,53.07,122250.81
3.22,4,8,1.28,34.24,80309.95
18.59,2,3,9.73,56.54,181068.99
16.16,2,5,9.32,45.91,148479.27
12.67,1,8,9.42,58.45,154957.32
17.43,2,19,4.29,38.71,171865.39
16.07,1,18,5.79,43.63,170385.45
3.73,4,18,9.59,50.83,140954.26
17.85,2,1,9.12,54.96,167794.02
10.79,2,15,8.11,42.64,148521.17
16.15,3,18,4.67,56.77,179224.32
17.92,4,7,6.08,33.54,169004.11
6.36,4,16,8.14,51.26,159898.33
2.2,3,16,3.46,40.45,114724.11
4.56,3,15,6.64,33.04,121143.78
8.54,1,6,8.45,41.6,112728.84
16.36,1,9,7.37,56.41,151502.02
17.21,2,7,5.32,59.42,161366.71
0.14,2,14,6.26,41.78,99450.82
10.21,2,11,9.9,56.59,150435.66
8.35,2,16,6.42,45.29,122373.4
4.44,1,6,8.07,51.51,101688.94
2.4,4,16,7.54,31.36,118617.32
6.75,2,16,7.31,46.72,132459.93
18.86,4,12,7.45,32.1,209188.75
6.46,2,17,5.09,38.06,125956.11
10.38,3,5,5.27,47.0,144930.2
14.06,2,13,5.21,54.21,147640.43
7.27,2,8,1.3,46.83,104620.52
19.44,2,5,3.17,58.09,172080.96
19.25,1,12,2.39,54.31,141519.58
5.04,3,9,8.98,34.69,119586.05
9.94,2,3,3.47,41.67,117744.98
6.02,2,3,2.25,50.05,95609.68
5.7,4,1,2.08,58.15,105918.11
0.74,3,18,7.3,59.63,120549.2
12.19,2,12,1.05,52.9,135531.16
10.05,4,9,5.24,47.21,129341.2
1.03,4,9,2.07,52.7,103423.24
5.57,1,18,8.65,38.2,129589.71
18.17,4,18,9.63,38.51,196172.16
4.79,2,7,9.63,49.63,103766.78
2.9,1,4,4.98,56.16,83481.78
9.79,1,13,6.8,59.09,135367.6
19.71,2,17,6.4,40.24,168898.75
4.84,3,2,4.15,53.9,106070.1
13.44,4,14,5.0,55.55,171254.02
15.23,1,3,1.58,48.7,134539.77
4.75,3,5,8.16,40.43,113559.52
14.56,2,14,3.17,48.57,150162.57
7.36,4,3,5.14,47.53,119614.11
12.65,4,7,5.33,48.2,148387.37
12.67,1,18,6.05,48.58,155152.38
10.72,4,13,8.36,55.41,164805.56
1.81,4,10,7.23,35.1,121721.22
16.71,4,13,6.97,41.02,179268.42
6.42,4,16,5.74,47.58,131236.23
3.73,2,9,1.86,38.5,82333.18
0.82,3,2,4.62,59.34,117972.44
11.82,2,5,9.62,37.89,137561.63
13.55,2,17,9.96,44.09,151476.09
0.33,1,4,7.57,56.32,74827.86
10.24,4,17,3.05,32.4,136682.74
4.53,2,9,1.92,54.62,91748.18
12.9,4,2,4.73,47.13,133385.52
3.49,2,18,8.71,30.95,133177.45
13.82,2,11,7.5,57.09,165455.67
7.73,1,13,8.96,31.18,118893.65
18.73,3,8,6.54,45.46,167419.93
2.75,3,1,2.17,31.47,77139.06
6.82,2,17,2.03,32.14,128760.54
2.27,1,12,1.43,56.62,79031.62
18.49,4,4,6.1,52.97,161002.38
17.55,4,13,3.19,35.91,175872.73
5.16,2,9,7.61,48.61,127352.05
13.2,3,7,7.18,53.84,170264.01
16.34,1,5,3.86,56.69,137287.24
11.1,3,5,2.59,44.05,122295.51
10.59,4,17,1.92,56.92,174222.16
4.84,3,9,7.64,45.24,128328.44
1.86,4,6,5.05,50.65,108082.79
17.94,1,19,3.91,59.37,174731.68
18.01,1,16,8.71,37.08,164342.35
12.66,2,2,6.34,35.06,129215.74
6.78,2,10,5.66,40.26,118088.63
6.98,3,16,7.69,34.93,144815.72
14.52,1,5,8.34,38.52,128010.34
17.94,1,15,7.17,52.29,173491.86
17.74,2,13,4.96,44.33,151844.06
15.6,4,13,4.41,41.25,186511.92
12.84,3,13,7.94,41.06,155036.3
1.68,3,15,5.66,35.84,91583.7
3.23,2,14,7.34,43.42,141433.5
17.97,1,8,9.01,48.74,158083.89
12.13,2,11,9.24,34.17,146780.34
0.18,2,18,3.5,59.18,86872.83
2.03,2,4,2.69,43.3,79309.9
13.27,2,10,3.35,58.44,160081.45
0.1,4,1,7.76,34.04,101261.26
3.22,4,5,4.33,53.02,94856.09
10.97,1,13,2.56,48.53,115713.0
13.84,2,1,1.89,54.6,134990.8
13.04,4,8,3.95,48.02,158370.95
4.49,1,3,2.23,58.89,81699.63
14.24,2,3,2.41,48.81,133071.09
4.74,3,7,7.15,53.54,109732.28
6.51,4,4,1.18,56.33,102658.39
14.93,1,3,2.06,51.44,99179.09
12.99,3,15,8.6,45.73,176385.92
16.98,2,8,8.6,38.18,159791.05
13.15,2,3,3.96,55.63,132858.22
11.37,2,7,1.79,44.42,88849.69
1.87,4,18,7.34,48.62,132342.47
7.35,1,11,4.24,32.38,108339.77
5.3,3,11,1.41,44.92,87509.54
4.88,1,17,2.42,50.94,106194.86
19.46,4,6,2.23,47.52,168641.66
7.86,1,8,6.3,43.46,107429.26
17.84,4,1,9.08,36.7,183540.54
12.62,2,10,8.14,39.29,156225.86
15.9,3,19,5.92,51.02,212527.07
10.05,2,3,4.8,36.73,101342.74
11.54,1,4,6.57,48.65,128468.9
9.85,2,11,4.99,47.69,145729.16
3.9,3,15,3.21,59.11,114398.43
14.45,2,1,7.11,31.82,149458.79
5.62,3,9,8.86,33.24,126810.25
0.49,3,11,4.36,45.18,80637.06
12.91,2,19,8.57,45.81,151907.24
3.54,4,13,4.88,31.2,110103.44
18.81,1,16,4.61,54.78,167578.28
19.08,4,4,1.25,44.84,172884.31
18.3,4,1,7.26,40.4,167764.64
7.4,2,13,8.27,39.57,141691.01
0.31,1,1,6.97,55.84,80653.19
18.57,1,5,2.36,35.9,134927.02
8.56,4,5,1.93,34.81,114030.49
19.33,2,14,6.16,36.4,180817.5
19.27,1,14,4.61,48.75,165600.65
17.06,4,8,4.86,54.33,166664.81
5.89,1,4,9.71,39.93,109971.99
7.7,2,7,7.52,35.2,112882.41
17.02,2,19,4.71,36.28,159721.23
6.34,2,15,1.17,48.58,123483.68
3.39,1,4,1.31,37.38,68576.87
11.14,3,19,7.16,56.32,188038.96
18.72,1,9,8.54,33.12,165922.34
13.92,3,13,7.37,30.97,149118.1
11.4,2,14,4.65,32.65,124545.25
1.94,4,14,1.28,55.37,99891.83
12.3,3,10,9.71,49.54,168148.29
19.8,2,16,9.88,58.73,189635.4
2.8,2,5,5.94,40.09,69927.85
10.37,3,6,1.64,36.38,101050.3
17.55,4,2,5.87,46.86,155184.34
14.82,2,13,9.03,46.13,168290.59
13.94,3,13,7.12,47.73,163660.0
14.05,4,19,7.48,40.43,188779.87
7.19,4,18,1.76,30.18,119070.03
5.87,2,19,1.96,31.05,106145.06
16.19,1,1,2.15,49.91,143118.04
16.2,1,8,9.14,45.7,151664.33
17.34,2,16,5.73,54.63,176123.44
18.26,4,2,8.12,39.01,165374.97
10.23,2,8,2.04,54.46,119996.9
10.03,3,6,9.35,42.76,147302.71
15.97,1,16,8.39,32.9,164055.86
13.0,3,11,3.02,59.34,152415.71
14.04,2,17,8.87,45.36,164340.95
15.92,2,19,3.37,48.88,164020.6
17.8,4,11,2.85,50.12,165945.28
6.76,4,8,3.38,40.87,119455.4
7.51,4,4,9.19,52.43,145151.74
1.88,3,11,9.24,56.11,133663.45
11.57,4,8,3.96,41.62,133837.93
0.72,2,9,7.35,49.71,97505.11
9.31,4,2,7.08,52.71,129799.0
10.85,1,16,8.26,35.7,133596.22
5.73,4,6,3.67,39.98,124923.04
11.82,3,19,5.59,33.26,147807.07
0.61,1,8,7.01,48.07,86540.39
0.75,1,14,1.24,54.03,70342.92
16.45,1,16,4.39,48.33,149531.36
7.2,3,12,7.26,35.39,114817.31
2.54,2,5,3.27,46.39,89467.76
10.44,4,19,9.62,55.05,182342.42
15.4,1,18,1.27,39.08,143323.6
4.32,1,9,9.62,54.98,119134.83
12.46,1,2,2.95,53.54,119840.34
1.71,2,12,1.44,30.65,65209.21
1.03,2,2,3.63,37.18,64745.31
10.63,3,10,8.08,46.29,126444.81
10.81,2,1,7.77,51.53,125195.26
12.75,4,4,2.88,56.42,137133.72
14.52,3,12,2.77,49.23,152629.39
19.52,3,9,6.78,41.41,201217.61
10.33,4,4,5.12,35.54,140264.44
6.46,4,9,8.13,52.8,157424.68
15.9,4,6,1.22,36.2,154582.35
5.42,3,1,6.49,50.86,111078.41
8.78,3,10,7.58,35.44,134467.03
1.57,3,14,9.94,32.73,126109.6
0.51,4,18,7.11,37.53,123605.18
19.25,4,6,3.09,38.55,163666.03
16.72,1,18,1.97,49.42,166772.23
13.92,2,16,6.77,34.83,157843.24
8.18,1,15,5.71,57.91,115045.07
3.47,4,16,9.09,46.63,138652.2
3.13,3,8,7.54,44.73,113999.73
5.0,4,13,5.59,43.04,125759.21
10.98,2,11,4.63,47.0,129982.46
14.29,1,7,4.64,30.67,120749.69
13.2,1,17,3.04,59.7,127430.25
5.6,3,18,1.16,46.73,100600.04
19.1,1,19,6.17,31.06,160405.8
14.76,1,13,2.91,47.7,135111.65
11.09,4,15,2.87,43.11,135636.38
12.23,1,1,2.13,30.72,89941.24
8.39,1,16,2.71,57.73,120022.22
4.95,1,5,1.29,30.32,84645.87
7.12,3,3,7.07,47.34,131503.13
15.16,3,10,4.61,58.85,172880.46
0.29,4,19,6.05,37.13,108273.47
2.32,1,5,6.73,37.63,81573.53
0.92,3,7,9.75,30.01,114800.07
0.81,3,14,1.61,31.99,71449.84
17.11,4,3,4.76,31.35,150299.46
14.07,2,13,3.21,54.68,150993.39
9.48,1,13,5.29,55.1,111804.9
1.96,3,10,9.28,51.8,124868.59
9.83,4,2,7.52,40.58,152637.95
9.47,4,6,6.96,54.64,159315.04
3.46,4,8,4.97,46.19,114088.84
8.68,3,4,7.04,39.13,133536.77
7.97,1,12,1.29,43.12,86150.36
12.32,2,15,6.28,31.97,145366.5
12.7,1,8,5.98,58.35,134886.35
0.91,4,7,4.12,48.57,101276.01
7.49,4,14,2.81,51.94,138416.7
12.52,2,19,8.27,50.3,168397.86
10.06,1,14,1.48,50.03,104200.53
17.13,4,13,1.63,30.52,150354.7
13.17,4,1,4.96,45.76,141407.53
3.26,1,19,3.27,54.65,88892.77
1.41,4,1,7.71,31.34,99312.99
12.85,1,4,6.71,58.68,143186.34
0.53,4,10,7.95,42.72,128263.17
11.72,1,3,3.92,38.7,111441.01
18.8,2,9,7.66,45.95,189553.6
11.51,4,3,8.76,54.04,155487.9
7.76,2,6,4.11,44.24,97929.45
12.87,4,6,4.06,49.35,148757.29
9.17,4,12,9.1,45.0,154400.91
10.91,3,1,1.45,48.94,123124.34
18.83,1,16,4.15,34.14,159549.02
7.72,2,5,2.07,31.16,98165.06
19.22,2,9,1.26,34.11,156900.34
18.11,2,10,2.02,38.58,144463.52
3.92,1,13,4.88,37.6,101994.51
1.39,3,15,7.18,48.46,120633.01
2.02,2,12,3.6,43.68,95850.66
0.36,1,5,8.65,31.16,77824.11
1.89,4,5,4.94,31.05,84681.24
13.66,2,18,9.71,32.72,160602.39
1.42,2,12,9.59,40.59,106855.57
6.38,3,3,7.96,30.19,105762.01
16.9,2,7,9.39,44.82,151095.93
0.47,2,17,7.36,40.82,100298.15
16.29,4,19,9.06,46.66,191435.59
5.64,1,18,3.13,51.62,99342.43
2.36,1,1,4.11,37.53,56630.54
13.93,3,5,7.78,34.71,127004.92
12.58,4,2,4.82,38.34,141900.12
17.55,1,1,8.54,30.05,150112.42
14.7,4,7,8.9,33.6,164963.15
16.07,1,11,3.7,52.52,142090.48
5.64,4,11,8.41,36.68,120737.95
3.55,3,18,2.39,59.83,100226.0
15.01,2,17,4.01,35.03,150760.23
16.14,3,2,5.66,53.66,161520.09
19.81,1,7,3.04,51.15,144105.98
8.25,3,7,6.21,39.66,136535.72
7.44,2,10,6.21,39.92,112458.42
15.53,3,3,2.86,46.91,153502.67
6.82,1,12,8.16,55.57,117724.25
18.62,1,3,6.68,41.59,121178.47
17.17,3,11,3.86,31.84,162933.81
8.58,2,12,3.09,41.23,108976.33
15.02,3,4,8.91,36.22,139480.99
15.09,2,16,8.52,58.18,179832.51
2.06,4,18,3.07,50.92,113018.86
18.05,2,4,1.32,31.52,119799.06
10.11,4,6,8.24,38.79,158651.49
16.53,3,15,6.54,31.51,165941.09
6.4,2,1,1.91,54.9,81927.11
17.91,4,3,6.29,57.19,170963.7
7.78,4,5,5.07,33.37,143854.89
0.22,4,17,7.97,43.21,125007.83
18.11,1,14,2.88,57.96,152635.64
1.83,3,9,5.08,34.36,102230.11
6.39,4,3,2.41,38.76,104098.85
19.0,2,13,9.62,39.13,174828.24
19.01,4,3,8.01,30.9,165461.69
11.47,1,11,7.63,31.09,137350.12
12.64,3,2,7.21,58.58,150421.99
8.97,1,15,4.81,47.13,138594.55
5.86,1,13,9.31,39.2,121554.06
6.57,1,19,1.66,41.36,123718.05
13.45,2,16,8.23,51.45,170712.98
15.05,3,18,2.94,41.0,157899.52
15.83,3,7,3.92,36.83,146637.73
15.79,2,13,5.67,33.06,170500.34
1.82,3,4,8.04,51.87,120400.34
9.89,1,9,8.55,35.42,139870.12
1.15,3,10,6.25,32.09,88335.69
10.99,2,9,4.63,42.81,109996.9
8.83,1,7,9.52,31.19,109539.9
17.75,2,15,3.22,58.95,170302.2
7.02,4,8,8.23,48.82,134710.52
2.34,1,19,6.51,34.58,102955.24
2.86,1,11,4.39,35.17,82190.21
15.23,3,5,1.01,47.09,121358.22
12.36,1,2,5.02,40.7,120153.07
2.02,2,10,3.49,53.23,96483.93
1.68,3,16,1.94,46.37,117026.52
14.02,4,13,1.68,43.0,155705.38
1.46,2,8,4.13,58.89,103476.32
16.44,4,9,6.53,41.72,163515.48
14.12,4,11,8.54,42.02,175091.65
1.63,4,11,2.65,49.97,116036.49
1.7,1,16,4.82,54.28,105958.24
19.73,2,10,4.53,48.79,165641.72
7.49,2,12,5.62,50.96,129786.95
7.41,1,6,8.29,41.19,118331.67
16.26,3,12,5.98,44.38,179178.72
18.94,4,10,8.62,35.91,180983.94
19.72,2,18,5.67,50.41,172916.48
15.07,1,18,6.43,36.64,144582.8
7.53,4,4,4.94,30.04,119382.98
1.67,3,9,8.41,58.01,118453.98
15.54,3,7,9.31,39.18,170478.49
11.17,4,18,6.75,35.9,170186.5
8.48,3,8,8.39,38.04,115269.04
18.13,2,11,1.53,39.91,144747.42
2.22,2,7,9.16,44.24,107101.35
9.85,2,9,2.7,32.08,124203.05
0.23,3,8,3.31,31.58,82090.63
9.37,2,3,1.48,38.79,115480.94
1.13,1,17,9.69,38.87,112020.35
2.38,2,2,8.67,33.53,95082.18
2.35,2,15,9.22,42.14,115527.72
12.98,3,14,8.62,38.52,161825.98
14.92,2,18,5.32,30.78,157329.57
11.67,4,16,9.32,56.57,176951.73
19.24,1,4,9.73,56.58,179565.47
7.5,3,6,5.52,36.28,126492.47
5.71,1,6,2.58,34.89,97021.87
17.37,4,11,6.93,46.42,171581.15
4.47,3,17,9.78,48.92,130458.39
19.26,3,3,8.85,58.73,186347.95
0.24,2,13,8.76,41.32,102595.43
19.4,1,3,9.4,48.55,165164.8
0.86,4,16,9.05,56.35,123588.02
17.82,4,15,7.99,43.5,176920.69
10.55,3,11,7.46,33.67,144270.44
19.86,2,18,3.38,41.32,165648.76
1.48,3,15,6.59,34.1,116369.47
11.08,3,5,5.69,30.5,121984.41
19.39,3,16,8.76,52.55,189215.26
10.46,3,16,5.43,37.15,122033.9
12.59,4,17,2.15,30.06,161806.52
13.91,4,9,1.04,56.17,159356.14
9.09,3,3,7.1,43.31,112865.72
12.55,3,13,5.95,37.17,130160.51
11.69,2,3,3.98,37.88,112152.23
18.02,3,7,2.52,37.22,162236.17
0.91,4,6,5.2,35.84,92884.53
5.62,1,9,1.9,55.24,95232.02
19.01,4,12,4.02,35.11,185568.68
17.81,2,15,4.41,46.86,156504.96
9.11,4,3,5.19,32.32,117862.89
12.4,1,10,5.2,58.49,139648.05
5.55,3,1,3.31,48.1,98877.44
3.76,1,19,8.65,57.09,117280.75
9.27,3,19,4.2,41.94,150236.21
7.07,3,13,3.07,54.32,133305.49
11.67,4,12,2.58,55.61,160565.95
1.55,4,1,3.9,51.09,95439.6
19.49,4,19,1.61,32.79,162060.85
19.72,2,16,1.3,30.48,158134.11
13.96,4,15,6.45,35.06,155502.2
10.72,2,16,6.57,33.54,119106.89
6.19,4,11,5.77,51.75,133691.02
16.28,3,6,7.86,46.71,166058.03
13.69,2,11,1.35,45.78,150207.6
3.25,1,3,9.42,37.59,80517.59
18.22,2,15,1.86,34.64,161030.58
16.45,2,1,7.07,36.2,126610.65
19.0,1,7,2.2,42.01,154790.97
14.51,2,1,8.92,52.2,141410.7
12.27,3,17,5.6,37.64,150831.91
8.36,4,9,1.74,50.96,126440.37
18.65,1,13,6.55,44.75,171732.1
17.32,4,11,1.08,56.56,154807.96
0.9,3,6,7.98,36.99,97289.76
0.53,1,1,6.86,43.53,67524.86
7.53,4,7,2.91,32.9,139788.39
16.21,4,12,4.37,40.05,157140.05
19.75,3,19,1.07,45.21,151475.44
3.01,4,17,7.24,51.98,154199.87
11.88,3,4,3.9,35.94,132127.04
7.62,2,3,6.14,36.54,99801.8
19.4,3,1,9.61,48.95,176076.36
16.84,2,18,3.7,41.47,154182.04
16.77,1,15,9.91,44.46,149964.16
9.37,4,8,6.69,55.08,147478.4
8.3,3,1,3.18,44.97,108993.85
5.47,3,14,4.93,49.57,129846.53
1.13,4,4,7.66,49.7,100623.94
17.29,4,5,5.02,54.11,163039.6
16.26,1,13,1.62,49.14,138188.21
19.99,1,15,2.52,31.94,144193.39
19.93,3,6,8.12,40.27,188596.21
11.11,1,1,6.84,59.68,132771.58
15.38,2,19,6.13,35.9,157193.09
18.9,1,13,2.51,47.6,159753.82
16.99,1,6,8.54,55.29,145852.48
4.95,3,15,9.65,47.6,134412.69
9.01,2,16,1.37,41.17,135367.32
2.58,1,16,1.7,32.41,90101.78
19.08,2,10,8.96,40.85,177527.44
12.12,2,9,8.34,35.46,137159.42
4.57,2,9,6.56,58.83,116469.22
13.43,4,17,9.5,51.45,170791.71
12.36,4,17,6.82,52.48,170410.76
7.16,4,17,2.94,43.08,140284.47
2.27,4,12,7.56,33.3,118143.21
13.43,3,13,6.81,38.0,156396.63
10.41,1,12,9.87,37.79,129591.42
15.45,4,14,2.93,44.6,156784.87
10.4,3,10,6.38,43.83,131678.42
17.04,1,19,8.02,43.0,167721.37
11.04,4,2,4.05,44.88,141087.19
11.22,1,4,4.42,59.61,113346.4
17.53,4,19,8.99,38.95,197488.55
8.07,3,7,4.64,48.46,125075.72
2.68,2,15,6.62,37.19,116982.92
0.58,2,15,9.0,44.0,109944.96
15.1,1,6,2.89,36.0,109198.54
12.41,3,3,9.84,46.75,172257.11
14.08,2,6,7.32,37.95,151971.21
4.26,4,16,5.47,31.1,129816.16
2.73,2,2,4.88,54.46,86018.67
0.29,1,7,9.59,33.85,82165.94
7.01,1,11,2.85,41.04,87398.28
11.8,3,7,3.81,44.32,131929.19
7.84,1,4,3.77,42.97,99934.09
8.75,2,7,3.6,51.77,117934.05
18.08,2,4,5.22,47.9,171460.44
6.97,2,12,9.9,38.86,137708.71
10.28,2,5,9.0,31.55,137127.97
15.67,3,19,3.95,53.03,178962.46
7.93,4,5,4.81,40.58,127555.21
12.44,4,19,7.03,56.69,184236.92
17.25,3,3,1.15,41.85,122036.79
18.99,1,11,8.38,51.53,168766.99
2.94,4,7,8.92,58.19,116136.2
18.53,1,17,8.71,49.53,166739.23
9.84,4,9,4.38,42.4,151134.33
5.16,1,9,5.16,47.02,90379.11
9.18,3,10,1.11,46.3,108980.46
19.6,2,13,4.59,47.54,175354.38
9.85,1,15,5.14,34.4,121856.48
6.58,2,5,9.16,50.96,127228.73
12.67,1,3,9.05,34.35,145044.44
4.8,1,8,9.69,30.44,109243.11
1.52,1,10,8.97,48.74,84832.5
2.58,1,13,1.07,33.51,87114.47
2.56,1,3,6.77,53.11,87420.04
3.04,2,8,1.61,55.98,94663.57
2.78,1,9,3.45,58.34,75603.17
12.82,2,12,6.2,49.93,153883.95
3.64,3,11,7.31,44.46,106182.46
6.91,4,2,6.89,40.57,128955.16
17.94,1,18,1.44,44.73,146202.88
9.48,4,9,1.93,35.71,134291.16
13.35,2,2,2.16,40.45,106152.25
3.45,3,2,1.82,51.54,76415.05
3.85,3,3,2.6,36.52,84542.91
0.82,3,16,7.2,37.92,114482.86
3.38,4,19,8.48,52.48,134235.76
5.57,2,4,4.68,35.34,98031.05
3.54,1,18,7.24,37.38,118298.32
1.77,1,18,2.8,30.53,72523.79
2.41,2,10,9.76,51.6,117783.95
9.22,4,11,4.15,48.54,147478.63
4.13,1,17,8.61,50.83,119332.1
7.29,2,16,9.51,36.43,135056.56
10.07,1,13,8.78,50.62,125342.35
13.81,3,2,1.6,47.89,135362.62
0.79,1,2,6.85,40.98,75807.24
15.99,4,14,2.08,43.13,166269.33
12.56,2,4,1.05,47.04,139550.49
1.64,4,17,1.47,44.8,108771.6
17.47,2,13,9.25,49.25,180976.28
18.42,3,4,9.18,35.43,181794.12
1.22,2,3,3.03,46.22,77111.21
5.54,1,12,5.92,43.51,100509.28
16.12,1,8,9.6,43.83,159180.96
14.97,3,2,5.47,44.08,138462.5
3.69,2,6,4.54,56.44,113603.76
4.19,3,10,5.35,54.56,124222.26
7.41,1,12,8.11,48.89,115806.53
9.69,4,10,5.3,51.49,134923.86
12.37,3,10,8.05,31.28,149814.41
7.38,4,3,4.89,52.32,129383.78
9.25,4,10,3.27,44.58,123651.9
14.95,2,9,3.94,39.53,148736.09
0.73,3,19,1.7,34.19,104285.05
5.05,4,14,5.48,32.26,129168.01
14.27,4,2,2.33,31.35,142318.33
17.9,2,5,8.3,34.85,147558.12
10.23,2,8,4.79,30.9,109427.94
10.64,1,7,7.89,51.98,128116.48
2.14,4,6,9.59,37.46,110728.98
8.95,1,11,8.65,41.06,131781.6
10.65,4,12,9.56,54.68,176694.81
4.85,1,18,6.11,33.44,102416.92
5.38,2,19,2.49,55.07,112359.09
7.55,3,10,9.42,49.19,150579.51
0.4,2,14,8.82,40.26,95365.86
6.44,1,3,8.78,33.53,98517.02
4.23,1,18,7.24,32.74,99907.84
6.55,3,15,6.62,40.07,126686.66
2.4,4,6,1.13,34.21,76019.84
17.81,1,10,7.73,38.03,169277.05
11.87,1,12,1.82,31.59,124876.27
13.58,1,7,3.34,47.85,118696.22
15.78,3,17,5.96,34.36,172333.68
9.97,2,1,5.07,52.7,104565.96
1.74,1,18,1.14,36.55,89869.74
10.74,3,15,8.42,53.94,152845.52
11.74,1,19,8.91,35.7,160198.91
14.91,4,1,7.14,51.64,165475.84
8.63,3,5,5.87,39.99,119982.22
2.55,1,15,9.65,47.49,109311.18
5.68,3,3,2.08,31.16,94465.67
7.26,1,1,7.64,44.86,94659.61
12.92,2,8,2.16,34.46,134618.53
11.42,1,12,4.44,44.59,130326.7
7.12,3,19,6.27,34.24,146559.83
19.73,4,12,7.63,43.11,168882.73
12.12,4,13,1.03,33.32,139882.42
4.74,4,1,3.35,36.6,103294.21
2.04,1,19,5.84,47.85,106065.6
3.06,2,6,5.8,59.3,104491.25
4.92,1,8,6.74,43.48,98418.98
3.21,4,4,3.73,50.62,129939.84
3.73,3,5,5.86,46.18,109543.6
5.7,4,7,2.71,44.95,117131.96
3.47,3,4,2.68,31.94,97251.72
17.94,2,4,6.19,34.33,143882.4
1.6,3,15,7.17,56.49,109794.5
10.49,1,5,2.08,42.3,113935.97
8.21,1,9,2.11,48.43,101526.98
19.65,1,2,6.09,45.85,164384.2
2.24,3,7,3.43,41.37,107419.04
7.96,1,17,4.53,41.63,96514.01
19.39,1,16,4.61,46.66,167433.16
17.31,1,17,2.61,34.23,158444.69
16.34,2,2,1.01,41.62,110657.56
5.16,3,11,8.68,43.41,132532.55
3.42,3,2,7.44,59.55,119331.93
13.37,4,1,7.21,40.54,148360.15
18.59,3,2,5.92,49.34,163298.97
11.14,2,9,7.31,34.12,145011.59
11.43,3,2,9.42,31.96,122029.54
5.6,2,15,6.99,56.15,138255.75
15.39,2,10,3.39,51.92,153270.69
3.74,3,15,6.14,39.52,132648.29
6.47,4,10,4.98,45.14,120924.36
8.51,1,17,6.01,34.07,137361.52
10.15,1,9,5.66,51.21,110807.43
4.85,3,18,8.73,32.11,129330.67
2.3,3,4,6.87,52.71,94509.2
12.21,2,9,2.7,46.41,136895.98
5.77,3,16,1.57,38.37,107355.32
11.62,2,4,4.82,55.88,142242.72
3.09,4,16,1.14,59.58,104680.47
9.62,3,19,3.86,37.63,136947.84
10.65,1,1,4.31,54.19,129997.11
1.04,1,6,4.38,52.5,72932.16
6.73,3,10,9.81,52.42,152172.05
2.69,2,16,3.74,58.72,118280.13
1.27,1,4,3.39,44.6,58455.84
19.8,2,13,2.16,50.23,168416.29
6.45,3,16,5.6,54.72,153230.48
16.2,3,6,2.38,44.39,143032.27
5.09,1,11,6.55,44.44,99833.32
13.63,3,3,2.4,39.56,133273.96
15.2,4,10,6.19,53.42,170953.09
11.91,4,1,8.44,50.59,136793.65
9.43,1,11,1.38,43.53,105923.3
8.24,4,12,4.78,42.58,133717.38
6.98,2,14,5.15,32.18,115106.2
18.59,1,8,8.12,30.2,129785.34
16.61,1,11,5.21,45.87,153159.94
19.3,2,4,6.11,42.52,142448.61
2.49,4,7,8.12,53.88,131213.78
14.62,4,10,6.04,46.28,177443.77
18.77,4,19,4.22,58.1,177435.83
3.62,1,4,1.77,35.88,84708.67
1.33,1,2,7.57,59.7,87710.97
14.82,4,18,8.84,38.94,195048.78
11.49,3,14,9.73,49.27,174097.44
16.84,4,16,9.34,45.06,179439.5
2.8,2,11,8.18,40.79,100074.86
15.91,1,10,6.79,34.18,160226.89
4.03,2,17,8.03,34.05,106346.4
3.27,2,14,4.89,51.35,114040.57
3.29,1,4,6.35,41.33,79305.92
16.29,3,19,4.14,58.84,170460.5
13.3,4,2,3.94,39.77,139734.86
10.46,2,7,7.81,59.51,163442.43
7.18,1,9,5.09,36.16,111224.88
17.54,2,19,2.91,33.08,149409.68
7.85,4,16,2.82,39.38,137490.99
16.33,3,16,8.73,56.57,169215.27
8.78,3,18,7.1,45.66,127710.94
7.54,3,11,5.91,34.07,127124.82
9.25,1,7,4.61,36.07,114526.68
6.03,1,9,4.88,39.34,115521.39
14.95,3,4,1.52,47.71,141941.19
10.05,4,13,5.09,39.97,147049.82
4.64,4,4,8.16,52.41,123871.15
17.99,1,19,4.49,48.49,171464.01
7.68,3,2,4.45,56.21,107015.98
10.87,4,9,1.14,45.03,128140.22
18.13,4,12,5.12,39.94,166029.08
12.48,4,2,1.23,59.89,133325.43
2.34,1,6,6.13,40.67,77838.13
18.8,3,5,5.56,42.86,156873.84
12.55,2,5,8.56,54.27,140135.02
6.7,3,5,6.24,32.66,115438.14
2.79,3,4,3.91,41.59,106361.62
15.88,1,9,5.65,32.57,141128.59
12.4,4,10,7.3,34.18,149854.81
10.67,4,16,1.85,30.14,143663.59
17.88,1,10,6.59,30.29,150525.92
15.77,1,10,9.25,41.41,156233.69
3.03,1,19,3.69,54.27,106616.54
6.23,1,10,6.64,47.61,128919.13
4.97,1,6,8.39,49.05,107566.7
14.88,2,17,5.61,45.58,155009.68
0.67,3,5,7.46,54.59,96092.92
11.4,3,6,3.8,56.41,147208.34
15.25,3,15,3.75,55.49,154641.71
17.54,4,19,7.01,54.36,212417.92
6.84,2,18,7.35,35.48,110986.61
16.43,3,4,9.43,47.82,180170.82
2.21,4,8,3.02,47.46,113625.93
16.93,2,16,5.21,45.84,161881.57
2.55,2,19,3.25,44.42,99173.14
7.95,4,3,1.72,32.68,122104.52
15.95,2,10,4.63,33.06,163198.13
3.0,4,2,4.37,57.07,102491.8
4.59,3,4,3.43,48.91,108899.0
14.45,4,6,3.67,37.87,158528.79
14.4,2,11,4.24,38.38,148052.91
12.82,3,14,9.9,48.31,170686.48
13.88,3,16,8.05,42.21,164861.46
10.85,1,19,1.64,43.24,129245.75
5.04,1,2,8.85,31.82,72751.7
6.91,2,17,6.7,34.16,139743.4
3.63,4,9,9.02,41.8,110906.54
18.17,4,17,4.08,50.99,179512.62
11.67,2,15,5.18,31.44,133060.52
8.02,3,7,9.07,40.04,123797.83
9.24,2,19,3.45,50.85,125963.53
18.95,2,3,9.24,53.76,184976.72
3.07,3,1,8.46,35.71,118954.51
11.72,4,4,9.83,51.94,175830.92
10.12,2,18,3.92,58.66,152912.4
12.23,4,8,3.12,57.2,175529.38
0.36,2,19,3.98,53.68,102059.84
17.44,3,6,9.59,51.37,173607.59
18.64,3,1,4.0,37.05,150702.17
11.3,1,8,6.09,49.02,142270.33
13.93,3,1,4.63,49.3,145640.77
18.45,1,19,4.57,42.2,182374.94
14.14,2,11,2.74,44.79,140348.74
3.05,4,15,5.83,50.82,114629.02
11.53,3,11,8.64,58.56,155086.04
12.13,3,19,1.45,38.86,155050.21
8.48,3,10,9.0,37.39,133688.81
14.73,2,12,6.99,48.05,158864.03
18.69,1,1,6.55,33.92,143330.91
18.51,2,7,6.63,47.48,182264.62
9.02,4,17,3.67,32.67,149693.73
2.26,2,10,4.74,44.72,103459.7
19.7,4,6,8.19,48.61,190254.1
16.78,3,17,3.76,32.1,155626.42
2.49,4,18,5.23,36.21,125193.8
18.42,4,5,1.18,40.06,178485.38
17.4,1,18,7.6,41.06,173059.09
10.38,4,17,4.76,50.28,152912.39
11.83,4,16,5.73,45.87,159236.0
7.98,2,8,2.03,41.46,120934.79
1.1,3,13,9.93,43.52,114092.41
6.7,2,16,3.72,30.39,111169.04
16.06,2,11,6.71,53.12,152011.24
0.09,3,6,6.23,31.23,84899.61
6.67,3,3,8.07,54.88,131547.23
7.96,4,1,3.64,46.23,116436.88
10.75,4,18,7.8,45.83,168565.33
18.4,1,5,4.44,51.14,136455.33
6.93,2,13,4.7,55.79,119631.94
6.94,3,10,7.05,58.28,158380.97
14.75,4,5,8.06,46.3,164486.69
9.04,3,14,7.0,34.52,143071.96
4.49,4,17,9.1,56.36,142923.76
9.05,1,1,3.57,31.22,92521.77
2.82,1,2,9.11,54.22,93988.9
3.53,3,7,2.18,50.41,111353.46
9.97,1,10,6.94,57.14,142775.62
8.38,3,7,5.93,56.92,145846.35
18.3,4,16,5.45,31.59,182143.1
7.25,2,5,3.8,48.28,128426.32
11.61,1,12,5.53,33.74,133955.78
12.65,4,17,2.46,32.35,137330.69
0.26,2,16,4.32,43.45,111168.17
13.27,2,16,1.89,32.93,135153.81
3.56,2,19,6.15,51.84,134485.91
19.22,4,15,1.86,59.07,175977.39
2.97,4,12,2.44,47.09,112053.91
8.29,3,10,1.77,37.06,123504.62
1.71,2,2,4.43,55.3,89211.16
19.94,2,7,8.58,55.59,178285.27
10.04,2,13,9.16,51.98,124570.03
11.91,3,3,1.65,48.45,117900.3
1.34,2,15,6.71,56.03,102243.82
15.0,4,1,7.16,34.9,133810.71
4.2,2,3,5.8,57.95,96584.04
17.96,1,10,7.0,58.42,183648.13
4.1,4,15,3.1,56.16,139876.89
3.81,3,6,5.41,37.52,94883.53
0.73,2,15,4.52,55.75,96967.09
9.44,1,7,1.81,44.93,98289.32
11.3,3,5,6.63,47.85,148061.79
1.31,3,4,5.46,55.22,103286.49
15.51,4,18,3.48,30.89,159794.47
9.07,3,3,5.26,40.89,115030.3
10.49,3,17,7.98,54.47,173432.54
8.82,3,18,8.21,54.42,173358.95
8.02,3,18,6.85,55.46,142362.44
11.19,2,2,5.21,35.08,115768.41
3.1,2,13,6.18,51.18,113336.9
3.64,2,15,4.47,34.4,101757.12
17.24,2,5,2.14,53.55,156938.97
18.92,1,3,4.47,37.35,138755.02
7.47,2,5,5.77,52.13,135832.34
5.41,3,5,6.39,43.65,126162.89
12.88,2,5,9.42,59.59,146216.81
8.17,2,3,8.0,47.4,121553.47
0.51,4,3,2.37,48.98,80357.73
3.12,3,18,2.57,41.04,107802.59
14.32,2,4,1.9,52.04,139715.79
13.18,2,1,7.64,44.85,138025.52
0.54,2,16,7.36,30.54,120629.22
4.44,1,8,9.88,48.26,99298.83
4.62,2,17,5.7,54.91,124207.85
13.44,4,8,8.44,37.1,156558.97
0.39,3,7,6.19,36.63,89795.51
2.08,3,8,8.87,48.27,115481.37
16.0,2,12,7.49,54.54,160961.18
3.57,2,16,6.79,37.49,122964.82
13.05,2,12,6.09,57.97,170976.06
4.76,3,19,7.51,57.82,119630.59
1.99,3,10,4.78,36.02,113223.05
4.86,1,7,1.87,37.91,107686.03
14.45,4,12,1.36,51.02,159267.15
17.11,1,5,5.31,58.55,143059.11
16.6,4,16,6.39,51.3,181524.91
7.94,1,9,1.71,43.35,96999.18
13.36,3,7,3.58,35.07,140532.31
4.1,1,14,3.9,43.83,94734.54
5.86,4,11,6.07,48.2,133450.23
17.93,2,7,3.51,39.93,139131.15
0.26,4,10,1.86,45.31,91708.6
1.71,2,9,2.48,33.91,76622.86
4.16,3,4,2.57,43.57,95753.43
0.53,4,16,8.58,32.72,105684.6
3.63,1,10,3.56,31.47,80629.24
11.66,4,19,7.43,55.72,175153.82
8.43,2,17,6.11,36.15,133469.6
17.85,3,9,9.79,47.25,195906.51
16.35,1,13,3.46,34.47,139482.96
6.84,4,1,2.43,37.88,94886.8
5.19,2,2,1.47,40.84,85899.72
7.59,1,13,3.17,34.31,97448.57
11.81,3,9,7.16,31.38,134536.19
5.36,1,7,1.77,56.31,90445.25
12.48,3,16,3.2,30.35,137521.79
8.19,1,19,8.7,31.84,120615.64
11.04,4,7,6.25,54.15,147627.58
8.72,2,6,1.63,38.46,108554.32
5.89,4,18,1.43,51.68,133092.36
18.97,4,19,1.55,34.39,168293.1
15.27,3,11,9.48,37.12,159974.0
2.8,3,12,8.65,47.18,123979.78
17.37,3,10,8.6,59.66,174248.6
9.75,4,13,9.32,32.2,145582.08
17.89,1,12,5.55,42.02,149504.2
16.0,1,10,3.23,31.29,122594.37
8.5,4,18,4.61,35.98,145849.2
0.45,4,4,7.47,57.22,107742.17
5.37,2,5,8.88,32.89,122136.4
10.83,3,5,4.92,55.71,125812.79
12.67,3,12,5.82,35.33,159308.34
5.16,4,3,9.39,55.85,135589.31
2.79,4,8,1.97,46.14,119031.83
16.7,1,2,8.76,56.35,165803.19
19.69,4,18,2.43,34.55,178058.29
10.51,1,9,5.35,52.86,111961.35
3.43,4,13,2.97,50.42,117866.76
5.45,2,7,6.43,46.29,90941.73
0.37,2,10,6.03,54.32,104308.14
18.29,1,9,4.42,49.45,154143.91
2.36,3,15,8.77,56.31,124395.6
11.53,2,5,6.94,41.43,126656.59
5.48,1,12,7.49,47.7,104024.62
11.08,4,1,2.36,56.12,132641.09
13.03,4,12,8.95,36.44,157261.81
16.59,1,6,2.5,44.57,132804.44
4.13,3,19,3.01,58.82,130971.03
0.22,1,19,2.15,44.21,92441.45
2.74,1,16,4.96,37.58,101087.69
18.0,2,19,8.99,40.53,180753.67
17.48,1,3,3.27,56.55,144944.61
11.95,1,10,4.36,58.65,134558.79
12.01,4,18,8.61,58.5,183404.94
13.3,2,13,6.56,50.97,143603.48
3.51,4,18,7.76,45.29,126484.45
18.29,4,3,2.93,35.48,158750.85
8.38,3,3,7.45,33.7,126058.57
7.66,3,12,3.05,31.79,111482.45
10.38,2,7,9.89,30.53,144678.99
0.94,2,8,6.04,56.34,120180.06
3.33,3,9,7.26,54.27,137256.38
14.76,3,14,2.07,47.03,151090.37
1.66,3,5,3.26,59.96,93542.42
12.06,3,19,2.26,58.59,164689.26
4.91,3,16,4.51,49.65,132777.82
7.79,4,12,3.56,43.94,122652.33
5.77,2,4,7.6,34.57,102744.87
7.11,4,8,1.98,45.47,127738.39
14.38,4,7,7.77,34.73,151732.69
5.94,1,15,1.41,41.95,92034.04
11.33,4,6,2.82,58.28,137969.73
9.52,3,5,8.13,40.26,130104.21
13.27,3,14,7.68,34.58,142747.86
18.74,1,13,5.29,47.47,168972.35
14.65,1,10,1.45,48.07,122649.41
4.3,1,18,6.49,35.81,111593.2
0.62,1,4,4.66,35.9,69375.88
5.25,1,8,3.85,59.69,92253.43
11.9,4,11,6.76,37.3,137384.63
1.03,1,17,4.93,55.15,100866.86
9.93,4,18,1.83,44.11,141902.03
11.94,2,11,9.24,43.05,154057.84
6.68,1,16,8.01,38.85,130305.47
15.42,1,12,1.51,53.21,118415.16
2.13,4,13,5.73,56.42,123103.85
1.5,2,16,1.75,37.83,100596.63
14.56,4,1,8.54,32.85,168161.11
9.91,4,16,6.52,34.11,133921.26
13.77,1,15,2.55,53.78,151640.08
8.7,3,6,1.19,43.07,102788.56
4.93,3,12,1.28,33.96,109602.95
16.38,4,8,5.57,40.21,160842.29
15.99,1,7,7.61,45.43,155461.78
13.89,2,2,2.09,55.56,125001.55
5.44,3,12,2.99,49.25,102987.57
11.8,2,14,3.95,35.28,127880.64
7.22,3,16,2.96,34.76,128548.37
1.83,1,11,4.52,42.37,82353.62
18.35,4,9,6.04,32.26,162390.47
2.74,2,10,7.16,52.67,97058.6
19.0,2,17,9.67,42.04,179469.08
8.92,4,12,9.38,40.29,145778.44
3.7,2,6,6.13,45.27,106582.73
10.84,3,19,7.61,51.27,160355.47
17.46,4,11,9.56,47.08,187562.54
14.64,3,9,1.75,54.07,146569.5
16.13,3,6,1.05,48.88,150518.5
13.18,1,16,1.27,53.64,141698.5
13.85,3,16,6.07,50.9,161775.3
16.98,1,6,7.87,35.79,143789.33
4.99,2,5,4.3,31.57,98594.61
9.79,2,4,5.91,57.1,120468.16
4.42,1,2,5.65,58.37,89348.95
19.75,3,6,1.85,51.81,169880.24
18.88,4,9,3.89,51.73,172831.07
0.79,4,17,1.17,38.1,105706.79
14.11,1,14,2.0,46.27,118775.3
18.5,2,7,8.31,59.77,181161.17
3.61,2,19,8.46,55.68,130173.8
11.36,4,1,8.22,39.13,147222.26
18.31,1,15,7.54,39.03,177072.76
0.68,4,18,8.14,44.51,125051.79
13.95,3,3,7.04,42.14,131142.81
5.95,3,18,7.03,41.13,132821.89
18.49,1,2,7.01,48.81,162520.71
19.42,1,10,5.63,30.34,154434.65
18.89,3,11,4.27,52.9,164657.35
9.48,2,3,7.57,52.2,125315.68
17.24,1,7,3.69,54.91,150859.79
16.89,3,8,5.89,55.24,167589.2
6.38,3,19,4.9,46.99,134697.9
16.58,2,18,3.49,53.4,159346.36
0.74,2,13,9.77,44.77,103829.09
11.93,2,13,3.33,58.55,144685.42
4.6,2,19,3.78,35.72,117036.82
2.41,4,12,2.45,57.47,114009.37
1.54,2,17,8.41,37.76,106815.17
13.93,4,12,6.28,33.08,168645.48
6.8,1,13,6.52,43.17,111591.74
14.5,3,12,8.39,48.45,172253.4
1.31,4,19,4.09,36.93,121782.37
6.31,1,14,2.74,46.67,93147.35
10.79,1,7,2.79,54.24,118532.0
15.81,4,13,7.59,37.71,149420.07
6.38,1,6,6.53,47.41,104762.46
12.52,1,19,2.86,40.18,141027.15
17.72,4,19,2.31,45.89,184610.72
12.32,1,4,2.09,50.01,122531.44
4.66,2,19,6.65,40.51,126848.21
0.49,2,9,1.0,59.83,78949.14
17.4,3,16,1.16,46.91,149167.02
0.43,1,4,4.51,54.73,77717.94
17.49,3,6,7.22,51.75,175307.65
10.58,2,8,7.26,55.58,122297.59
18.78,2,16,4.87,35.21,171384.61
15.98,2,5,7.22,36.68,148277.35
19.96,1,10,5.69,44.62,158568.65
7.01,1,13,9.79,55.57,137116.65
15.34,2,14,2.46,35.93,140971.83
8.04,3,7,6.41,59.13,132043.8
9.6,3,6,5.42,33.83,111854.63
12.55,4,7,2.75,35.25,142624.45
17.47,2,5,7.75,35.02,141091.63
19.68,3,18,3.48,47.58,177114.49
15.37,2,12,4.44,57.53,162089.06
8.36,3,6,4.37,37.65,116693.59
8.43,4,1,3.2,46.59,137188.42
14.75,4,4,4.88,35.27,155200.79
4.78,2,19,5.26,48.93,131362.93
2.21,3,12,7.7,33.7,119320.0
7.09,1,15,7.89,44.74,122483.2
5.74,4,3,2.43,49.66,106269.5
5.93,2,8,6.33,47.37,102257.98
4.67,2,11,9.07,34.2,100950.1
0.84,3,16,1.98,34.84,106199.1
0.36,2,9,5.26,50.14,85547.37
19.75,4,3,7.75,54.27,194850.11
8.56,2,5,6.5,57.24,111134.48
7.69,2,14,1.91,54.41,118839.61
13.59,1,15,4.57,59.22,160866.04
4.37,1,6,5.57,42.25,94940.34
19.0,4,4,9.96,39.93,186777.26
15.73,3,8,2.61,30.85,136289.8
1.79,1,19,9.84,43.5,105899.78
8.35,3,5,4.39,49.54,122383.45
17.58,4,13,2.8,54.46,166212.52
18.89,1,16,4.73,38.02,159696.76
9.35,3,1,6.53,45.41,134986.22
12.27,1,13,2.92,49.86,117596.97
3.34,4,11,3.62,46.55,122427.4
19.82,4,8,8.69,38.22,198435.65
4.63,1,8,9.99,53.89,112848.89
18.85,3,14,3.86,35.2,169943.25
12.99,2,13,2.34,57.15,138270.72
12.15,2,3,8.14,58.58,139723.09
10.25,1,4,6.4,40.97,122892.19
4.61,3,15,1.9,41.29,118557.11
3.53,2,15,9.52,52.3,131268.59
4.41,4,13,1.7,43.69,122169.76
3.73,3,9,6.63,30.86,109729.12
15.59,2,10,4.82,57.6,144342.51
7.0,3,12,6.01,42.92,140140.1
1.16,1,14,2.92,36.1,71501.7
19.38,3,1,7.19,46.67,166940.75
17.68,2,14,9.64,36.57,183431.4
18.56,1,14,5.13,36.18,142675.67
19.9,3,8,5.71,46.37,182143.83
3.48,4,16,3.16,41.73,108331.02
7.92,2,14,9.03,47.19,145322.11
15.16,1,1,9.74,59.9,161359.85
13.92,3,16,8.08,55.77,168421.65
3.08,4,18,5.88,30.23,115405.64
16.32,2,7,9.61,31.52,157118.87
4.49,4,15,2.38,48.3,114770.32
4.48,3,17,5.31,48.79,105946.19
10.74,3,19,5.84,56.35,160893.12
11.86,1,13,5.43,48.87,139003.98
11.6,4,9,8.22,36.83,151703.23
1.83,1,15,7.03,44.06,102078.43
17.55,2,3,2.14,54.27,154740.23
5.31,1,1,4.12,57.68,88365.88
2.59,2,16,4.05,37.11,98803.69
17.77,3,8,6.09,46.19,168268.62
19.11,3,13,3.62,34.77,165065.7
17.24,4,8,2.06,44.91,158454.42
16.19,2,17,6.88,32.7,180348.52
13.1,3,14,8.66,58.25,173780.61
11.02,4,7,9.38,49.14,156324.76
1.74,4,15,9.75,55.63,152374.82
8.17,1,16,8.03,59.95,149594.77
7.45,4,19,2.26,35.48,141069.74
5.2,3,6,8.68,50.82,119129.46
14.47,1,1,4.6,56.61,156800.95
9.92,2,12,7.57,47.28,124359.08
1.62,2,18,5.78,49.19,93611.4
4.4,3,16,8.46,42.23,135931.11
13.67,3,12,4.83,50.24,152701.64
1.52,1,13,1.56,41.87,54421.76
17.02,1,8,6.01,44.3,146872.24
9.9,3,1,2.54,33.09,110069.01
9.61,3,7,9.69,30.23,135450.51
11.85,2,15,5.74,31.65,141970.12
16.49,2,13,5.98,35.78,152610.59
6.96,2,13,9.17,43.7,131283.64
13.56,3,9,6.62,30.63,160001.31
11.31,4,15,3.72,34.68,157859.65
5.34,3,4,3.66,53.44,106992.27
17.57,3,13,5.51,52.86,182247.8
15.95,2,12,8.8,53.69,179774.71
13.17,3,5,8.15,57.65,148081.39
17.01,1,7,9.66,33.57,155630.8
17.35,3,8,1.65,34.89,149334.76
14.17,3,5,3.41,40.01,144993.46
16.74,3,9,1.72,57.45,148914.01
13.95,3,14,7.76,53.26,170367.12
13.6,4,12,2.27,39.72,143532.42
12.37,3,4,1.9,32.63,124820.78
15.05,1,8,6.06,48.49,134376.08
3.17,1,17,4.7,37.7,93697.73
17.62,3,8,7.44,45.93,172971.07
17.44,2,1,5.38,58.25,143121.49
0.58,4,2,4.83,47.18,79255.17
16.52,3,4,4.83,57.72,169803.14
2.58,3,1,8.85,41.79,96811.79
6.7,3,7,4.56,49.0,105483.14
14.87,2,1,4.0,56.82,126304.55
3.22,2,9,4.05,47.64,97323.52
16.36,2,3,2.77,48.45,154239.88
16.64,4,12,8.75,51.49,187156.92
10.15,1,19,2.32,56.46,138116.77
0.13,4,15,9.18,32.65,115024.07
5.74,2,16,3.55,40.11,115528.12
12.34,1,10,9.09,41.93,138537.02
19.62,1,6,8.12,57.29,174193.58
12.64,2,17,6.24,58.68,148773.11
5.2,2,17,7.03,33.61,120917.71
12.68,4,19,3.93,33.57,161341.84
10.8,2,18,6.17,58.05,157685.05
15.6,1,11,3.63,38.87,123761.07
2.14,3,7,4.62,37.25,90787.51
15.22,2,10,7.88,31.07,157072.53
10.83,2,7,3.2,38.27,120779.73
19.26,4,5,8.55,50.81,204929.39
6.84,4,12,4.38,42.78,126595.57
12.65,2,16,5.79,45.51,130859.29
18.64,1,18,9.48,57.52,182091.32
2.05,1,3,7.13,33.44,52195.23
18.74,3,15,6.81,32.14,184999.7
13.76,2,5,7.4,55.56,148491.45
1.36,4,13,9.26,53.25,135321.87
6.02,1,19,3.24,37.91,114819.08
14.16,3,12,6.52,39.73,168474.08
1.35,2,5,4.6,39.31,56443.01
11.64,1,6,1.11,49.43,91190.88
6.92,2,7,2.13,31.84,88917.87
12.42,2,10,3.92,44.68,131750.07
0.91,1,16,6.08,34.02,92918.15
17.43,1,8,8.93,54.59,165066.91
19.47,1,9,8.12,41.42,166205.42
19.38,2,4,5.98,45.83,144733.43
14.99,2,8,1.66,30.88,120458.34
2.6,3,7,3.57,31.75,88276.13
15.17,4,15,4.3,50.25,171681.04
0.49,2,3,6.6,53.0,83750.46
0.44,4,17,1.58,51.3,112216.78
6.47,1,11,5.77,52.11,102347.05
9.77,2,9,9.11,33.14,127674.44
15.41,3,5,7.35,50.8,165610.8
13.67,3,10,8.17,35.45,157955.51
8.92,4,15,7.14,32.94,144313.96
5.47,1,14,2.86,52.71,102318.7
19.94,4,4,1.99,56.68,167333.31
8.52,1,2,8.47,51.5,112891.0
9.03,3,12,7.26,54.17,141935.16
3.27,4,1,6.18,59.73,111338.83
15.9,3,5,2.7,34.04,143173.75
13.87,3,6,6.43,58.95,160010.67
4.42,1,11,1.28,48.04,76895.93
1.65,4,8,2.07,54.4,121915.57
13.61,4,7,3.81,49.51,147681.93
13.09,3,4,4.99,47.1,145581.19
5.47,3,6,2.09,51.11,95953.71
19.02,1,16,2.08,39.61,168738.11
3.02,2,15,7.53,57.73,127429.75
8.65,2,14,6.13,33.46,130523.32
18.87,3,12,5.8,39.54,172881.89
8.39,2,12,5.07,30.93,99860.76
12.77,2,16,9.79,38.14,176146.8
7.95,2,15,1.45,36.55,121462.26
5.48,2,13,2.63,31.49,97843.82
19.68,3,11,6.83,44.75,186863.41
8.19,2,17,2.23,44.06,109851.99
17.88,2,15,6.3,32.33,146041.93
4.6,1,14,6.11,37.86,104818.15
4.26,3,10,9.74,58.6,126590.16
0.62,4,12,8.95,33.32,111177.14
13.03,4,16,9.51,39.15,175711.6
7.37,1,15,2.02,31.08,89714.53
17.29,1,10,8.81,34.47,155020.07
9.46,3,4,2.16,50.98,108791.71
19.36,4,9,6.7,41.0,193670.11
3.71,2,9,7.48,43.56,107561.92
17.37,1,11,2.45,34.71,143963.16
15.53,4,11,6.69,50.46,158215.92
15.42,3,7,1.47,52.55,152760.58
16.9,2,10,3.64,35.43,162189.76
15.22,3,4,9.29,31.35,155604.21
12.52,1,5,2.55,32.43,114669.9
2.62,4,5,1.59,49.71,97236.72
0.65,4,11,4.99,34.07,106866.94
18.42,4,9,8.66,44.82,203555.13
12.33,4,16,1.69,34.58,170154.38
15.93,2,9,4.2,35.1,146546.46
9.63,2,4,9.1,30.13,112684.3
2.35,3,2,2.06,39.62,88620.29
2.5,2,14,3.8,32.69,82373.44
13.71,1,3,8.01,41.82,126027.81
8.61,1,18,5.89,47.93,125956.07
4.01,4,6,8.49,41.03,143439.7
9.83,1,11,2.0,51.15,129703.96
1.28,3,18,9.28,52.24,142329.72
11.64,2,12,9.41,50.9,162457.15
5.38,2,5,2.4,58.1,92179.53
15.95,2,9,1.3,37.12,138140.95
6.21,1,18,9.91,35.68,145775.7
9.1,2,19,5.34,48.29,145559.44
0.23,4,3,6.15,47.85,110100.31
1.45,4,9,6.54,45.3,97478.38
7.85,4,4,8.11,30.13,136004.59
9.6,1,17,8.31,46.66,129604.02
12.0,2,17,2.75,57.98,144520.58
5.83,1,2,3.13,40.04,97961.18
13.9,2,9,8.89,59.03,164758.66
17.2,3,9,8.38,40.7,179938.28
15.6,3,5,6.56,34.2,148811.81
0.79,1,15,9.95,41.95,85242.3
9.61,4,15,7.62,44.84,148856.86
2.1,1,3,2.94,48.88,80966.4
4.84,4,19,8.62,45.15,151643.3
19.73,2,3,4.73,46.1,173305.92
2.85,4,6,1.33,30.72,93002.8
9.98,4,4,3.89,37.61,119465.69
12.36,2,13,7.87,39.32,147970.55
14.05,3,13,9.64,59.61,188407.37
11.19,2,11,3.49,38.87,109590.14
0.2,1,5,3.22,56.9,77842.77
6.53,1,1,6.07,39.14,80800.66
10.35,1,9,8.31,32.88,125901.18
1.76,1,17,7.72,37.43,109664.21
7.01,1,1,6.04,38.18,100280.21
0.66,3,3,6.68,59.35,114281.38
1.57,3,15,3.18,50.23,109944.63
7.94,4,10,4.89,57.95,147544.4
2.65,1,8,3.3,55.05,93522.6
11.35,2,12,8.96,47.36,140264.28
13.79,1,15,2.01,50.26,135552.2
16.01,3,9,7.12,48.75,142682.61
4.0,1,10,3.34,49.99,97802.42
3.35,3,9,5.28,37.94,78195.0
2.09,4,15,3.69,42.24,123562.41
12.73,4,1,3.91,47.78,156564.4
14.13,4,2,3.34,31.08,142074.86
0.63,3,19,7.78,44.49,127125.59
18.72,1,14,4.29,55.79,176715.93
1.04,1,8,7.54,44.77,84806.53
10.83,2,6,5.1,46.57,114177.5
14.18,3,12,5.93,36.06,153669.19
17.42,2,15,5.89,53.83,165132.19
14.28,4,14,9.78,40.77,180625.76
16.03,1,1,4.3,58.7,138445.13
6.79,3,11,2.87,59.81,121387.03
16.3,2,3,9.21,57.48,154907.21
1.6,2,19,2.57,32.55,73361.68
17.9,2,18,8.51,40.0,178424.34
10.95,1,2,2.35,58.35,106671.79
16.35,1,7,6.93,54.14,148077.99
9.05,1,8,2.35,57.34,119234.17
12.87,3,19,9.31,47.18,195150.58
10.53,1,15,6.09,44.41,129504.61
14.63,3,10,3.96,33.19,149875.53
1.63,2,1,2.26,55.18,80951.58
1.21,2,6,4.34,52.35,100373.98
4.94,4,13,7.35,31.77,120069.17
3.19,1,14,4.46,36.28,83885.55
17.44,2,3,3.21,46.72,134998.61
4.38,1,11,6.2,50.53,83218.12
19.52,3,3,4.76,34.13,157455.42
6.74,2,19,2.49,37.34,107074.32
3.64,1,10,2.39,35.79,85135.54
15.79,2,15,7.37,36.6,138153.19
13.17,2,11,9.77,57.62,162753.37
9.96,1,15,3.1,51.47,122824.79
11.11,2,13,7.96,52.11,144411.07
14.38,2,5,1.79,53.82,143293.5
4.57,2,4,4.43,40.7,85881.44
19.93,2,13,5.56,53.02,181432.38
19.5,3,9,3.42,59.35,169097.51
13.01,2,17,5.77,50.95,172891.0
3.99,4,2,8.94,42.5,117675.69
13.6,2,5,9.5,51.49,158921.56
1.44,1,16,1.91,57.02,98099.75
0.61,4,7,3.45,33.86,103679.75
5.15,3,1,9.81,37.96,115991.5
9.25,4,12,3.43,57.58,132925.97
17.37,4,11,7.23,58.39,193288.21
14.54,4,12,3.28,44.52,163050.25
14.85,1,19,4.21,41.24,118794.88
8.51,1,12,2.72,38.48,90726.49
6.92,1,12,8.71,44.96,129335.59
7.42,3,14,8.94,58.04,164736.53
19.75,1,2,3.67,34.49,137448.75
0.8,1,2,8.41,42.59,88835.44
17.34,4,4,4.22,57.35,169800.76
11.57,1,16,1.89,40.47,124568.42
8.77,2,10,7.82,53.04,134646.73
14.51,1,13,6.37,41.68,146270.78
9.73,3,2,3.47,54.15,127299.8
17.47,3,3,3.28,59.43,153902.73
18.01,2,19,9.78,41.63,199182.31
8.43,3,6,8.76,55.35,130699.63
5.54,3,19,8.29,59.65,166348.48
11.85,4,19,2.15,59.51,161947.04
18.25,2,8,7.8,43.01,165365.35
4.21,4,14,2.93,44.57,114655.31
12.46,4,10,9.8,39.1,169872.07
12.63,1,3,1.47,39.42,103374.91
14.66,2,6,4.17,44.77,133789.59
2.63,1,15,4.86,36.02,99736.4
14.32,1,18,8.42,51.33,174798.1
18.18,4,14,7.9,46.09,182034.19
3.59,3,19,4.37,56.94,136726.24
4.75,2,10,6.09,54.32,127911.25
19.43,3,15,8.52,39.67,171959.81
3.62,4,4,1.16,45.17,90095.87
17.09,4,2,8.22,52.52,186505.66
9.85,4,3,9.52,35.8,146077.98
4.94,4,7,1.29,30.95,118711.1
17.41,4,16,1.41,55.57,175902.15
8.91,4,10,4.1,34.13,126729.24
10.3,3,19,1.79,56.68,161009.97
7.18,1,17,5.31,57.41,118527.11
11.86,3,19,7.56,43.82,162081.13
3.27,2,5,6.1,54.2,107584.75
7.82,3,13,2.77,40.9,130122.69
19.39,4,13,6.89,55.75,189630.33
5.16,3,11,7.16,54.74,132618.82
13.13,1,11,9.39,32.36,138483.72
6.5,2,16,2.32,47.48,99890.48
15.47,3,15,7.23,49.2,170060.11
2.62,1,17,9.2,30.03,90248.4
19.4,3,18,5.51,59.4,188232.1
9.08,2,19,4.26,42.2,122654.29
4.72,3,4,2.54,45.52,106992.67
1.47,4,5,8.8,35.84,112708.69
3.4,3,7,4.55,48.33,121275.28
10.4,1,2,9.32,54.32,118495.39
6.74,3,1,8.63,47.58,123370.87
16.58,1,12,4.39,53.64,141270.74
8.62,2,10,6.17,51.93,123617.49
4.97,3,8,1.24,37.13,94201.04
12.34,2,1,3.37,43.07,138252.24
14.14,2,12,7.39,34.46,153587.85
3.34,3,2,7.1,31.26,96018.36
3.35,1,10,4.18,31.89,95686.64
0.73,2,17,8.28,58.27,125133.58
14.73,2,3,3.12,59.54,137986.97
13.28,3,7,5.15,32.85,146235.27
9.49,3,12,5.25,40.06,132699.11
16.88,3,8,4.07,33.43,182308.4
16.11,3,12,9.59,55.03,194943.16
11.71,3,3,7.27,44.89,135517.35
17.37,4,17,5.85,48.64,196431.44
4.12,3,9,5.59,46.2,119338.77
2.24,1,10,2.43,51.31,87739.46
5.39,2,6,4.35,39.57,104563.85
1.14,1,1,7.05,34.12,64169.87
10.62,1,12,9.32,30.53,127370.68
18.73,4,5,8.35,43.37,197745.29
0.79,3,13,3.7,57.24,108415.71
2.44,2,15,4.91,39.16,95562.12
9.04,1,11,1.75,35.88,102452.23
18.68,3,8,1.92,57.78,160017.51
6.32,3,5,5.23,33.16,118047.7
10.14,4,2,5.77,31.55,123063.34
0.83,4,12,3.38,56.38,112087.1
2.97,4,2,6.79,51.03,106111.04
19.73,2,16,7.33,42.66,204331.8
19.3,1,3,3.69,52.57,153362.98
0.1,4,10,7.83,52.24,122890.21
19.04,4,19,2.85,31.2,187775.46
12.78,4,8,5.9,50.29,154021.88
17.36,1,7,8.24,49.23,172474.82
9.09,1,1,5.83,58.91,112158.31
10.31,4,12,9.17,59.0,185990.07
9.78,4,5,1.53,41.33,120606.21
13.34,3,16,6.29,47.7,171236.05
2.79,4,4,6.06,34.24,106128.08
0.6,2,17,6.94,31.99,103400.73
6.16,2,2,8.5,42.98,93927.9
14.09,4,12,7.53,50.7,164488.72
4.04,1,1,8.11,47.03,108601.88
13.47,3,12,3.6,42.89,135229.31
19.4,1,12,4.49,54.54,173247.39
1.88,4,12,6.64,53.83,150351.24
13.45,2,19,5.98,51.96,167760.87
8.88,3,17,9.65,32.31,171372.78
17.36,1,11,2.68,53.89,155864.08
3.54,1,13,4.16,57.58,105576.39
13.85,4,8,6.15,31.78,157512.55
16.76,3,10,8.81,42.05,171735.54
18.89,2,8,9.36,59.65,179405.79
13.66,4,8,4.02,47.98,149469.8
9.94,3,9,1.6,45.41,129021.55
12.36,1,7,4.79,35.32,141977.05
17.38,4,14,4.55,46.96,193886.71
11.41,1,2,9.88,43.17,129918.33
0.61,1,11,4.88,33.82,84623.36
18.62,4,8,3.75,43.93,170841.47
13.79,4,13,4.29,34.93,171207.92
13.53,4,15,4.57,51.92,151975.06
4.31,4,3,8.39,59.21,147846.26
13.18,4,14,1.73,44.09,147489.41
7.88,1,15,3.85,48.97,114199.88
13.02,2,2,9.7,42.93,129426.65
2.13,2,19,2.38,34.15,98785.53
13.16,4,12,7.68,59.12,168427.56
19.99,1,4,4.21,33.89,155154.26
0.96,2,3,6.24,33.35,86490.89
19.54,2,5,1.9,43.78,142312.8
8.14,2,3,3.76,49.77,100439.54
17.42,1,15,5.51,40.65,150587.75
15.65,4,19,3.09,35.78,160778.01
11.34,4,2,5.88,54.57,142480.75
14.77,4,12,2.98,40.89,150048.8
17.57,3,5,6.85,35.83,171931.48
8.08,3,17,9.14,40.95,144741.58
6.54,3,14,1.77,36.44,120446.18
13.35,1,10,2.95,45.58,133887.0
16.16,2,3,8.6,50.05,137420.31
15.25,2,4,6.68,53.99,157162.6
15.96,1,6,1.71,36.83,107294.86
8.71,1,16,5.38,35.01,112144.02
16.36,4,7,2.89,30.59,158557.93
2.4,4,15,2.79,36.84,112162.01
10.89,3,11,9.47,30.72,144410.71
0.12,3,1,7.85,40.36,71874.65
6.49,1,5,7.27,34.37,110096.87
7.33,3,13,3.15,47.4,130307.43
7.92,2,14,2.07,41.51,107086.58
13.91,1,9,8.84,32.81,130438.23
7.77,1,17,1.05,42.0,119010.22
8.97,2,15,4.49,36.28,129018.36
4.75,4,7,3.5,50.41,103598.74
7.47,4,12,6.13,40.93,131422.87
4.55,2,6,3.25,34.41,109723.66
1.46,2,16,3.8,40.49,107524.62
12.07,3,5,8.65,36.73,144098.35
13.36,1,9,6.43,53.87,141403.52
12.39,3,14,2.31,59.5,129489.36
9.27,2,8,7.54,30.76,136142.87
7.6,3,14,2.87,50.7,124820.38
17.27,2,12,4.9,37.92,148630.51
10.38,3,10,6.82,31.99,144480.8
9.58,3,13,3.45,30.43,121092.38
0.51,4,19,4.46,56.43,105907.74
6.82,2,15,7.61,40.61,133024.06
7.6,3,8,9.44,59.84,129502.78
7.98,1,10,5.76,43.27,113243.15
11.6,3,3,1.09,35.63,119173.06
10.67,3,3,4.05,53.31,127205.48
12.16,1,5,4.59,57.79,124059.25
15.3,2,16,4.05,54.47,176091.9
16.26,4,17,4.93,52.36,199149.09
14.36,4,6,6.69,40.04,149376.93
19.11,4,16,2.09,31.93,168732.14
0.36,1,2,3.45,36.04,55440.45
3.92,3,15,5.57,43.4,120256.5
0.15,2,18,3.84,58.69,103648.68
12.95,3,1,9.92,51.69,170070.92
17.96,4,19,4.88,54.85,192560.02
4.87,3,12,8.83,38.32,116819.91
18.54,1,8,9.07,50.51,160745.72
1.21,1,6,8.52,55.87,99063.95
18.69,2,12,1.42,44.38,152641.06
7.03,2,7,9.53,42.9,127803.4
2.03,4,18,2.16,51.58,116939.03
9.72,2,14,1.31,46.8,130445.29
5.14,3,8,4.73,59.8,119745.02
5.7,1,14,2.75,42.75,89257.46
6.15,1,5,2.66,35.28,82227.11
16.06,1,9,3.59,44.16,160706.29
10.78,2,8,3.24,37.06,131730.18
6.23,1,2,7.16,46.84,89196.22
12.21,1,16,2.68,33.77,143540.57
14.32,1,13,5.89,58.5,153076.92
5.45,4,7,9.88,55.79,136956.94
8.27,4,16,4.89,34.67,138275.92
2.44,2,7,6.78,35.17,94735.58
3.62,1,14,9.72,45.37,126192.21
13.62,2,14,2.24,53.19,146699.19
3.63,1,12,4.77,36.57,96437.67
10.5,1,1,8.65,31.83,125496.14
14.18,1,1,9.39,46.37,133588.07
2.14,2,12,6.41,50.75,110181.8
11.35,2,15,2.29,37.33,133811.58
5.13,1,4,9.11,52.19,109308.56
19.26,3,7,2.57,58.52,173493.89
9.67,2,16,4.18,34.11,121355.4
16.12,4,3,4.38,45.33,166583.54
11.0,2,7,5.03,31.71,115909.07
0.87,1,6,8.11,36.2,87453.95
12.66,3,16,8.22,32.69,161761.2
19.03,1,8,7.48,42.12,152736.93
12.03,4,6,1.2,54.62,156263.51
16.38,2,10,6.08,47.31,175608.52
17.68,2,16,7.73,36.68,163049.26
4.56,1,11,5.0,31.2,101345.87
4.24,1,13,9.5,46.6,115052.45
12.22,4,6,8.41,33.98,145375.0
8.22,3,1,6.74,40.28,122438.57
16.8,4,19,1.56,45.31,183365.18
18.0,3,12,6.87,57.11,184782.02
7.07,2,6,9.2,32.45,113478.73
4.74,3,18,4.42,50.06,141518.02
15.61,3,13,8.54,30.42,180436.82
5.5,2,7,3.82,48.9,97559.55
16.45,2,13,6.13,46.55,163883.8
8.47,2,8,6.84,54.36,113794.86
13.35,4,17,7.1,45.95,183538.22
1.91,2,9,8.94,40.58,117535.91
12.48,1,13,3.11,37.28,129280.25
9.04,2,2,3.36,32.56,91150.26
11.73,2,4,7.34,46.04,150109.94
3.36,2,2,2.59,56.65,108854.36
14.74,3,4,5.18,45.44,142887.61
17.26,4,18,1.18,52.17,182105.85
4.33,2,5,2.27,38.95,95288.89
1.91,4,19,7.11,43.44,139081.76
0.47,1,10,7.73,39.74,88423.54
12.84,1,18,2.04,33.28,147089.07
12.14,2,10,3.05,42.51,114317.55
10.93,1,5,1.89,52.93,95845.61
4.64,4,17,4.9,41.85,131525.69
7.82,3,13,2.14,49.51,143365.93
11.89,2,17,4.94,52.76,161841.26
9.94,1,9,7.59,39.68,108915.77
19.76,4,12,7.15,53.93,225871.55
2.73,4,14,3.52,40.17,120114.93
13.9,1,14,7.06,37.68,133122.56
8.09,4,8,9.35,36.67,141809.21
8.56,4,5,4.13,36.0,133809.14
14.35,2,19,3.96,52.11,172375.65
13.85,4,14,6.14,56.63,174476.61
19.83,1,9,3.21,36.92,154110.4
2.57,2,7,6.86,32.56,92394.96
2.08,1,8,8.49,39.41,92847.83
14.49,3,14,5.13,49.74,170464.29
11.57,1,14,7.12,41.06,151552.6
5.48,1,11,6.87,46.48,98896.78
1.59,2,14,1.35,52.33,91234.22
1.71,4,8,2.65,42.25,93912.71
17.88,1,3,9.04,59.99,151075.96
3.84,2,18,9.45,38.94,115578.29
6.47,3,3,8.02,59.35,128364.83
4.53,2,13,9.29,36.09,108826.06
7.1,2,12,3.76,33.33,99265.04
1.39,4,15,3.23,52.52,114211.04
10.38,1,18,4.46,51.07,125641.06
1.35,3,5,1.5,54.34,93656.72
16.01,2,7,8.29,40.31,150757.45
4.67,1,11,9.86,57.92,109786.67
10.8,1,11,8.42,33.58,152999.17
17.6,2,15,5.99,30.91,141017.24
13.02,1,10,3.66,39.02,134114.31
10.66,2,15,2.78,53.92,139895.34
6.49,2,13,4.28,50.19,114523.68
6.66,2,14,7.0,43.09,117114.32
13.39,3,17,5.02,37.69,174257.62
19.88,2,13,9.41,31.78,200378.8
13.24,4,10,8.69,40.13,163145.57
11.16,1,1,1.92,43.8,97405.43
14.61,3,1,2.18,50.61,147096.04
9.3,1,15,7.09,49.38,131204.46
1.2,3,16,3.08,58.42,117086.85
11.25,4,12,8.12,33.01,161427.64
19.15,3,6,6.32,40.09,168995.04
3.51,3,6,3.07,44.45,100104.32
13.8,3,12,5.31,50.12,161881.31
4.02,1,15,4.65,44.86,92084.69
10.72,2,4,8.86,57.38,133335.57
1.93,1,4,1.29,48.26,71990.2
9.01,2,2,9.06,31.19,113269.65
15.12,1,12,6.87,33.41,171577.66
6.95,4,7,7.64,52.6,140847.47
13.3,4,9,1.02,51.47,130118.2
15.91,3,9,6.65,34.6,130261.47
18.54,4,8,6.3,31.77,181157.58
4.69,3,14,5.83,47.36,126369.32
7.99,2,1,8.07,49.07,132606.57
3.05,4,12,6.0,34.06,110791.3
19.85,2,2,8.71,44.21,165438.71
18.54,1,13,3.09,39.17,153320.73
10.8,2,4,8.25,57.94,137377.08
16.84,1,18,2.61,36.58,146114.69
10.42,2,19,8.32,52.0,164385.72
12.47,2,16,9.46,45.54,152713.58
1.78,4,14,4.02,30.35,112723.32
15.11,2,8,5.77,45.51,166768.63
2.55,4,12,6.92,32.98,134035.43
16.52,4,9,1.72,49.77,143558.31
15.64,3,6,5.45,46.97,150487.47
14.17,3,18,4.25,30.31,158497.5
0.72,1,2,8.85,36.14,91298.47
6.06,2,8,8.89,53.29,127662.97
5.26,1,14,7.31,38.27,123904.34
7.2,2,6,6.9,44.98,110310.92
1.75,3,10,7.6,39.36,111798.96
18.74,3,8,4.29,57.65,176210.83
11.08,2,17,4.64,46.1,155908.29
6.11,2,12,5.98,50.89,130920.13
7.94,3,17,9.44,32.5,152737.44
8.94,3,13,7.52,31.21,145922.54
12.01,1,19,5.96,37.78,129216.67
10.31,3,12,7.93,39.27,144977.9
18.39,2,16,4.34,50.63,161831.53
9.94,1,5,7.57,47.07,114985.44
19.84,2,16,4.7,41.24,172342.15
17.03,4,6,3.52,49.62,141912.65
4.17,1,11,6.49,34.91,96720.07
18.61,2,17,7.18,31.9,165617.47
2.33,3,14,5.13,55.64,106966.77
16.35,4,6,6.09,46.92,169082.26
7.61,2,11,7.25,49.47,125538.74
17.56,1,12,7.91,39.22,162989.77
17.36,2,13,9.06,41.16,166216.06
16.12,4,4,4.19,32.47,149526.24
15.8,1,7,9.56,55.71,182833.99
6.09,4,2,6.74,47.77,129698.49
1.62,2,6,8.09,32.51,83535.19
8.06,3,6,7.3,54.14,146594.44
3.47,3,18,2.85,43.32,130578.21
13.9,2,8,1.64,52.95,140988.26
6.92,2,8,7.54,30.38,105667.45
19.51,2,8,5.6,30.86,168608.14
12.82,1,8,7.32,35.12,125026.15
16.45,4,1,5.29,36.33,166845.42
2.65,4,2,3.81,52.92,101082.45
17.24,4,12,3.57,51.2,172461.9
18.46,2,15,7.57,48.48,184526.84
9.74,4,4,3.49,56.55,149813.56
12.13,2,3,7.43,37.41,153685.93
15.3,1,14,4.46,57.13,152387.93
3.5,3,8,7.94,57.28,118346.68
10.05,2,13,2.29,43.03,115868.34
7.97,2,19,2.84,32.83,106524.55
2.93,3,5,7.17,51.8,100567.56
7.35,3,13,6.04,40.11,133439.32
1.36,1,1,2.83,53.85,80928.96
0.52,4,16,9.13,34.91,113859.23
2.7,2,2,3.48,46.19,91227.84
19.26,4,7,4.79,45.24,167920.22
10.99,2,6,2.82,33.01,106525.44
19.32,1,5,4.49,40.9,135997.03
8.65,3,4,5.42,32.54,130464.02
6.24,1,2,3.66,43.94,104952.11
10.12,3,10,7.92,55.29,143609.32
8.79,4,5,4.55,38.11,119258.79
2.11,4,18,7.57,52.95,142848.59
12.82,1,10,2.86,35.5,137888.78
4.32,3,15,4.39,50.21,138208.23
12.39,1,9,1.07,57.47,119167.07
13.0,3,11,7.83,39.72,154022.74
3.04,3,17,6.63,57.01,117751.69
1.23,4,9,8.36,45.16,114107.14
15.62,4,16,5.1,39.5,174480.81
9.2,3,6,8.2,56.9,129326.89
1.16,3,11,6.83,30.96,95668.51
19.9,3,17,1.03,30.84,169829.28
1.16,4,4,3.28,47.99,81269.89
13.9,4,15,5.45,53.9,178079.74
19.67,2,1,6.57,52.55,172376.01
4.78,3,1,1.59,32.38,91297.71
2.84,2,9,7.35,58.51,107202.95
2.43,3,12,5.89,51.09,126652.19
6.07,4,4,5.73,58.47,142569.2
2.02,2,13,3.63,39.87,97583.25
13.84,2,7,6.35,50.82,147832.6
1.25,1,8,1.25,55.8,70427.66
10.19,3,13,1.58,41.41,125640.87
19.93,4,11,7.6,58.95,211244.89
16.28,1,9,3.9,37.95,155777.45
12.3,1,16,4.12,39.47,129170.1
6.13,3,10,2.88,57.61,119218.63
12.48,1,11,5.01,59.09,132515.94
10.54,3,12,1.47,38.56,123536.95
8.52,1,14,3.7,34.09,98662.29
2.61,3,19,5.74,52.77,130866.65
17.73,4,12,5.19,57.89,172764.24
9.0,3,18,10.0,48.02,155502.12
3.89,3,17,4.5,49.04,122472.94
7.36,2,3,4.48,52.89,96673.46
8.28,4,1,5.53,34.59,112784.72
16.55,4,19,2.71,59.2,173189.67
14.67,4,4,8.89,40.93,174810.42
15.39,1,16,6.15,48.85,170665.98
0.22,2,12,2.73,44.06,77205.55
8.32,4,13,8.14,44.05,178871.1
9.63,1,17,1.31,51.08,112135.3
0.38,1,8,9.84,59.84,96751.94
5.2,1,13,8.79,49.77,124459.12
15.21,2,5,6.22,53.82,155757.24
2.74,1,18,2.0,30.83,84197.79
10.71,2,15,2.94,54.31,148236.02
4.3,3,12,3.51,39.0,121247.67
0.24,1,17,3.17,33.8,80801.3
4.82,4,15,5.48,33.4,125428.14
19.52,1,2,9.5,50.4,156665.73
16.03,3,6,5.0,59.93,151677.41
19.19,3,17,6.95,49.99,184116.69
9.76,1,16,7.2,37.87,137000.61
2.19,3,17,8.84,36.1,122868.2
10.96,2,9,1.3,45.78,117697.24
9.09,2,5,4.64,31.95,104032.45
16.89,1,1,8.06,41.98,136732.36
1.96,2,6,8.33,49.99,102390.06
9.76,2,14,9.35,59.03,152371.06
3.0,4,17,7.33,42.77,132853.74
6.49,1,19,3.21,36.01,105650.38
14.75,3,1,5.55,54.52,141693.85
9.52,1,1,1.29,52.33,97702.01
7.52,2,13,6.82,55.79,140431.66
7.89,4,14,5.99,36.44,135658.93
9.19,1,6,7.0,42.14,91959.22
15.7,1,6,9.37,59.45,143963.7
17.84,2,1,7.19,34.74,158536.39
19.11,2,14,3.88,50.14,180088.07
15.74,1,3,2.79,37.12,128843.51
6.31,2,10,8.69,45.0,129936.75
13.76,2,19,2.75,54.02,164982.47
8.75,2,19,2.45,44.66,125768.9
5.09,2,19,2.86,54.16,121923.55
16.82,2,4,5.58,42.79,139685.84
0.77,4,19,2.12,59.98,118164.12
18.04,2,10,9.44,43.07,191970.16
9.23,3,2,9.7,34.48,121981.49
12.74,1,4,9.76,42.06,123645.17
13.19,4,6,1.35,52.28,142007.25
17.9,4,7,9.52,55.44,186376.98
12.73,2,16,9.98,43.8,165425.12
12.28,1,7,9.48,47.83,147906.12
1.33,3,18,7.04,55.35,121375.57
10.37,2,19,7.31,54.41,176176.84
3.0,1,9,2.1,49.73,96987.18
14.75,2,10,8.87,54.45,156190.86
10.24,2,13,1.54,47.28,123935.8
13.6,2,18,3.86,30.14,149350.7
0.83,2,16,9.92,31.24,100424.79
1.7,2,17,4.8,59.39,91736.39
14.33,2,13,2.18,34.35,155815.76
1.44,2,12,9.72,42.14,98935.4
1.43,3,10,9.86,58.01,131803.72
0.24,4,1,2.68,35.85,87448.72
19.13,3,8,8.78,55.31,178368.19
14.75,2,18,4.51,54.55,182415.15
7.07,2,2,4.43,59.59,110997.9
5.93,3,16,3.36,38.45,122418.59
6.99,3,12,1.4,39.46,98530.76
15.49,4,9,3.41,57.09,145131.8
13.23,3,3,1.48,37.02,121947.07
3.7,4,4,9.32,46.44,136964.83
3.48,2,2,6.96,51.22,80787.11
1.97,1,8,8.98,38.16,95342.27
13.21,1,10,7.46,58.15,148083.3
15.29,1,16,2.18,49.97,157090.3
5.3,1,11,9.47,31.41,119971.31
0.42,2,18,9.1,34.07,110411.59
1.64,1,14,4.13,35.72,84897.88
19.36,3,8,2.0,37.35,150915.97
5.91,3,15,7.34,51.92,126653.57
15.38,1,17,7.56,32.67,147773.64
12.49,3,18,9.07,40.52,157378.27
7.64,4,6,1.47,57.34,123596.6
4.11,2,14,2.28,46.7,103283.68
2.43,1,3,6.38,37.96,77599.27
12.3,1,7,6.57,58.71,137866.96
15.49,2,15,1.3,37.33,138451.01
12.88,3,16,4.57,57.15,170222.61
10.61,2,16,6.26,51.77,149370.24
0.84,2,8,7.64,52.22,95547.3
19.37,3,7,3.85,52.95,158323.92
15.97,2,6,5.36,45.2,146745.27
5.86,3,2,8.33,54.44,134035.41
19.6,3,13,9.59,55.09,204090.13
12.04,2,12,3.07,40.81,139358.02
11.65,4,15,3.28,42.01,159171.61
14.96,3,9,9.46,56.66,186208.91
16.24,2,2,4.56,45.74,149123.23
13.13,3,17,7.47,56.01,173908.55
2.56,4,5,6.51,48.8,109609.61
6.77,4,11,3.57,47.81,138935.54
18.56,1,19,6.88,30.93,142666.57
4.49,3,7,6.9,38.34,125011.87
7.44,3,2,6.33,45.06,125200.29
8.64,2,16,1.9,47.62,140452.75
8.79,3,12,9.96,48.91,140282.65
12.26,1,15,4.6,51.49,150710.05
18.86,4,1,6.74,49.69,180657.95
4.81,4,13,8.97,55.46,139324.93
2.43,1,6,4.81,38.86,79217.43
3.95,3,13,7.97,49.25,125754.46
17.74,3,18,9.75,31.53,183310.97
12.92,1,3,4.23,44.41,105572.47
5.72,2,1,4.65,38.04,105078.68
16.32,4,15,9.15,41.43,178476.29
17.23,1,13,2.44,40.64,133542.37
16.93,1,5,1.26,31.81,134891.31
18.38,3,13,9.18,44.0,172526.78
5.04,4,5,8.39,59.84,131755.34
15.1,3,19,9.75,38.97,171704.48
9.21,1,18,1.52,52.08,138825.07
16.84,2,10,2.41,46.43,160231.05
14.57,4,8,1.95,39.76,139784.29
15.53,1,15,7.15,32.69,140441.72
13.12,1,4,6.45,36.48,131765.48
3.55,2,2,4.23,53.46,96957.65
10.9,1,6,1.52,38.37,100797.08
19.69,1,3,6.76,34.33,144243.42
18.75,4,7,6.13,39.94,173515.03
0.86,4,10,2.02,47.52,109282.26
3.3,4,6,9.18,51.1,142984.77
2.63,3,16,2.79,41.62,125947.63
14.52,2,2,7.69,44.94,135280.91
16.36,4,17,8.97,43.65,192223.83
4.27,3,13,6.22,30.27,127796.92
10.12,3,1,3.22,41.87,107861.47
16.81,2,6,3.78,47.62,140594.97
14.66,2,5,8.97,47.1,160557.18
10.84,1,13,3.68,52.49,123491.6
11.81,3,18,7.72,50.11,151676.51
10.17,4,12,9.91,38.3,151286.23
5.95,2,7,10.0,37.67,129036.57
11.3,3,15,5.8,43.92,153558.17
13.78,4,3,8.44,51.99,147299.99
17.47,3,16,9.91,32.81,177920.62
12.73,2,1,4.37,58.45,148971.62
15.22,1,16,3.27,46.29,145157.2
3.2,3,12,2.03,39.19,98052.18
9.23,4,19,2.27,50.8,149711.85
0.19,2,8,8.68,31.34,92514.75
4.93,1,12,6.3,44.53,102987.63
14.53,4,15,8.86,44.58,194902.02
19.84,4,2,8.11,34.86,171380.07
1.98,4,17,7.06,55.12,144123.84
8.03,3,7,6.48,53.9,151247.6
16.0,2,13,1.44,34.58,144879.05
4.08,4,1,8.85,40.91,106355.27
11.1,3,6,4.76,33.01,130077.4
14.66,2,13,6.04,55.46,154351.42
12.32,2,11,1.2,39.7,134202.17
3.76,3,10,9.42,43.18,125978.18
7.11,3,16,9.12,39.72,142472.3
15.68,4,17,5.89,39.3,167438.61
11.08,2,17,6.2,52.42,132025.67
0.1,1,4,7.35,52.43,74551.92
15.22,3,5,3.38,45.53,151803.31
0.71,2,14,3.0,49.73,105508.89
14.91,2,10,7.07,45.35,151431.25
4.05,4,14,1.94,30.86,100999.81
19.16,1,1,5.09,31.98,139292.92
7.36,4,11,5.43,41.51,141880.93
6.54,1,18,4.43,52.49,128468.74
2.98,1,16,2.67,57.4,102557.08
6.11,3,18,4.2,30.89,144190.28
17.53,2,8,4.04,41.04,163455.38
19.93,2,10,5.49,36.71,153315.8
7.37,2,10,7.07,54.46,114234.51
8.97,1,5,9.71,55.38,116917.44
14.44,2,10,2.3,36.19,145437.83
17.72,3,18,8.86,51.32,177036.95
11.86,1,6,3.56,51.95,125668.29
7.83,1,3,6.32,35.31,98744.96
8.25,1,8,5.92,43.01,99829.16
13.91,1,9,6.01,48.61,141980.57
0.06,3,5,7.51,30.78,87914.7
12.39,2,2,4.44,42.14,131010.97
7.11,3,2,3.87,34.65,88109.66
15.88,2,7,8.68,46.26,150255.15
1.86,3,17,2.98,55.29,104790.21
11.76,4,10,2.62,45.74,151410.59
9.62,4,12,1.14,31.08,125062.64
12.85,4,2,2.9,30.89,142324.48
1.3,4,10,5.67,48.17,109283.24
11.6,1,1,5.85,39.84,115564.67
11.23,1,4,3.29,47.18,127220.52
11.21,3,13,1.65,34.91,113029.45
12.07,3,12,7.7,53.31,160327.23
13.53,4,11,7.82,55.82,173677.83
16.1,2,10,9.98,56.68,165800.65
5.4,4,15,9.1,39.12,141308.95
16.5,3,5,9.33,49.82,173540.46
9.97,4,17,8.18,38.37,153635.17
1.54,3,5,6.54,52.88,104278.67
1.17,4,2,2.16,33.62,72765.34
6.68,2,9,6.6,52.88,120439.9
15.7,4,6,1.5,43.19,159185.51
14.15,2,18,8.97,55.67,184105.72
15.77,2,14,5.34,52.17,173910.01
10.35,3,19,7.28,41.3,155344.68
8.8,2,14,1.47,57.11,121912.35
2.95,1,8,5.81,38.5,95850.54
6.56,1,17,3.71,59.01,132063.16
8.68,1,3,3.56,53.02,105258.14
1.77,3,10,4.51,59.72,124590.51
4.41,1,17,1.01,31.62,97080.63
11.96,3,11,5.2,38.22,137358.3
14.71,3,8,5.38,52.24,152609.61
19.97,1,1,8.77,57.67,164101.3
18.66,2,13,5.04,30.86,144986.3
12.85,4,4,4.27,30.0,131686.98
8.42,3,7,9.95,37.69,148309.8
12.72,1,14,6.14,55.58,159559.96
15.71,3,5,5.25,53.01,159480.29
2.37,2,11,5.46,40.21,103005.01
8.2,2,17,8.28,30.06,131071.26
16.8,1,5,4.07,46.64,131801.54
7.68,3,3,4.5,37.14,116986.37
11.44,4,5,7.8,52.37,150444.41
11.76,4,15,1.66,43.39,165090.71
3.69,3,19,8.79,50.36,142882.61
7.24,3,16,4.87,55.57,143831.66
6.69,3,8,6.23,46.07,113897.03
0.52,1,13,7.82,40.08,69901.02
0.48,2,16,3.39,53.09,103113.17
16.63,4,3,9.01,37.96,164083.03
5.46,1,1,9.81,56.75,118997.23
10.36,3,9,5.45,32.14,122235.69
5.97,3,9,9.43,55.06,131915.27
18.81,2,17,1.01,32.75,167352.73
5.19,3,2,9.05,31.68,115098.15
8.59,1,9,3.8,40.9,97706.4
17.45,1,19,3.8,58.7,167417.11
16.84,2,13,3.05,59.5,180802.68
3.72,1,5,3.85,36.06,81414.86
16.05,4,9,2.92,34.46,154224.72
9.16,1,13,9.15,40.59,140860.05
9.66,1,1,9.09,40.11,118990.19
2.67,1,15,1.92,52.79,107768.66
1.61,4,4,2.29,43.32,100516.26
14.56,3,4,8.76,53.4,170273.34
9.93,1,10,4.59,52.46,137641.99
8.74,2,6,2.52,47.35,108202.52
14.59,4,12,5.6,55.01,166663.78
15.31,2,16,4.75,35.87,139968.48
3.18,1,3,2.97,34.85,69448.7
12.2,2,14,7.49,52.52,141451.99
2.71,1,1,6.68,37.34,82699.95
15.03,4,10,1.9,30.08,141707.9
13.14,2,15,9.33,57.36,177344.6
19.13,2,7,6.03,48.69,173238.7
1.38,1,4,3.25,43.35,67050.23
1.14,1,14,2.86,51.77,97783.23
5.64,3,16,2.22,40.0,118737.89
5.23,1,14,4.82,58.61,95994.04
4.94,1,3,2.22,32.06,65060.89
18.13,3,17,4.74,49.23,173600.0
4.99,1,14,2.34,53.32,102742.28
5.44,1,18,6.91,44.07,115236.09
15.19,3,3,8.07,52.65,154488.1
8.99,4,19,5.95,57.81,169029.66
15.53,4,3,7.12,52.32,174027.45
1.31,1,12,9.45,39.28,93020.5
9.75,1,5,6.75,46.86,109672.07
0.67,3,10,4.28,57.35,115837.43
1.25,3,9,5.05,43.47,126645.48
18.13,4,1,8.74,50.45,168055.65
2.78,2,13,2.18,43.97,104063.2
10.65,1,3,3.93,33.64,102318.46
8.22,2,19,6.2,31.76,138613.03
6.95,2,11,7.09,58.57,121304.6
18.0,3,16,7.87,48.38,175271.79
0.44,1,6,3.86,33.11,55667.24
13.28,1,3,2.31,55.72,114761.57
19.27,3,19,9.59,45.68,198845.53
11.2,2,6,1.69,53.16,130906.3
18.74,3,8,1.86,33.8,145099.25
1.05,4,13,5.45,57.21,114269.45
8.38,1,12,8.37,47.72,149287.0
5.2,4,10,7.97,52.15,138331.9
14.62,3,3,9.44,30.94,153607.43
19.63,1,4,2.27,39.46,146509.68
5.13,4,1,4.38,38.02,100940.33
13.08,4,13,3.54,58.49,163512.28
3.96,2,4,8.75,35.56,98646.81
11.31,1,11,5.4,51.21,130687.38
9.28,4,19,1.24,31.28,145413.22
19.44,4,11,7.37,35.93,193087.39
12.17,2,12,4.5,40.16,113433.18
6.99,4,11,5.78,53.84,150697.84
2.28,4,6,9.04,53.7,120652.31
3.02,4,12,3.31,58.58,125268.73
4.51,2,9,3.16,57.5,101688.36
5.02,4,10,3.37,32.45,112888.2
17.01,4,3,4.04,54.9,177279.12
11.22,1,3,1.97,43.54,108424.74
10.47,1,16,7.27,55.98,156326.21
2.3,2,3,2.87,32.68,74110.88
17.2,3,10,9.34,54.68,181609.56
14.46,1,11,2.94,34.79,128665.09
1.35,2,8,3.3,40.02,70628.66
14.16,4,6,3.67,30.87,117168.99
10.87,4,11,7.92,33.71,144782.15
1.63,2,12,4.85,43.37,107041.63
9.17,4,16,8.37,54.55,179266.54
9.69,4,18,8.06,53.21,148548.16
3.32,3,13,9.37,37.06,136254.44
18.91,4,3,7.81,34.55,166936.28
17.0,1,15,1.47,41.68,129474.58
13.38,4,14,8.54,56.5,190969.67
9.25,2,18,9.44,32.74,139628.54
8.24,3,14,9.94,46.29,177069.91
13.02,4,5,2.13,32.66,127559.79
10.91,2,14,6.52,44.11,139482.56
1.25,1,8,2.8,33.8,60504.19
10.25,4,15,3.36,32.41,143292.03
16.13,3,15,7.71,35.73,179976.46
9.18,4,19,9.8,37.66,148162.3
1.04,2,6,6.35,38.29,93919.59
15.73,3,19,8.66,49.36,181960.43
4.03,4,8,1.08,31.65,90564.61
5.17,1,6,1.33,32.42,63878.57
3.29,3,15,6.37,35.66,126404.89
6.6,1,3,4.5,56.16,103367.57
15.14,2,10,9.01,48.86,157171.87
10.39,4,15,3.72,51.91,160954.52
4.1,1,16,4.89,41.11,108909.57
17.56,2,17,5.75,36.4,175856.73
17.59,4,19,3.46,31.14,193214.01
17.41,2,11,9.18,44.66,174178.85
4.78,1,16,5.18,47.23,129584.08
9.02,2,5,4.82,56.91,136782.19
19.7,3,5,8.65,56.46,192308.31
15.44,4,14,3.81,42.74,150642.39
0.54,2,18,8.36,42.71,112696.55
1.3,1,8,2.1,34.83,71397.83
9.28,4,5,2.65,37.72,125567.25
18.18,3,7,9.56,57.77,183697.22
10.77,4,16,8.58,34.23,168418.27
9.96,3,14,4.49,59.06,155620.32
2.11,4,5,6.75,45.14,94025.59
13.14,2,9,9.49,43.7,165900.11
16.44,2,4,2.91,35.24,119343.5
7.61,1,4,1.53,49.85,89891.01
15.51,3,16,5.84,43.8,160582.49
19.29,1,17,2.28,41.12,150850.56
4.08,2,15,2.69,37.94,112692.01
10.47,3,4,9.02,31.99,136151.43
5.74,1,6,1.07,45.58,92786.84
15.86,1,16,8.35,39.39,166496.28
11.55,1,4,5.65,51.24,103632.66
12.69,1,6,6.03,51.71,126142.96
15.96,1,5,7.05,39.96,147938.2
7.92,3,16,4.88,50.07,145931.84
18.3,1,16,2.04,37.76,132642.09
10.66,3,10,1.93,51.82,143626.33
3.16,1,9,7.79,30.48,98905.88
13.92,2,4,2.99,34.55,114286.09
15.87,2,14,1.25,37.35,146981.07
6.34,1,4,9.82,53.19,113093.42
17.14,4,12,9.82,31.99,188960.21
18.12,2,10,4.4,35.64,136519.77
5.54,3,4,1.23,40.76,92694.82
19.67,1,18,7.55,30.28,183262.66
2.81,3,13,8.48,52.86,132014.25
4.04,4,13,2.13,46.8,125354.61
3.68,1,14,2.22,57.02,96570.15
17.88,2,18,8.4,30.93,180828.15
13.09,3,1,9.3,38.14,143174.87
3.04,2,16,8.12,51.94,113239.1
8.81,2,15,2.81,50.25,124751.68
12.31,1,5,4.7,37.29,132021.18
1.67,3,6,6.41,47.87,114158.4
17.65,4,6,2.44,53.81,155905.58
16.07,2,3,2.9,31.0,124801.85
10.1,1,16,3.55,51.53,119576.51
19.34,1,12,5.59,37.56,160703.68
8.36,4,4,5.6,58.44,147403.11
19.68,1,1,8.33,46.15,176606.02
13.36,2,4,7.78,31.0,119991.15
12.69,1,1,9.22,42.1,137579.5
3.32,3,8,8.5,58.99,124182.56
17.64,3,5,3.28,51.91,154193.14
8.55,2,2,3.98,39.01,95298.45
3.24,3,12,5.5,47.26,132917.72
0.25,4,17,1.13,47.97,89591.8
11.2,1,7,9.14,30.7,121138.48
10.55,2,11,1.4,35.37,120244.73
14.39,4,4,3.9,46.55,155063.74
17.81,1,5,6.12,42.08,158597.63
1.59,4,6,5.66,35.7,93378.01
14.63,2,11,6.89,53.18,164524.04
3.75,2,1,5.75,44.67,91441.58
17.16,4,10,3.06,39.3,164888.97
16.38,1,11,2.81,34.85,131283.58
10.82,3,17,9.17,48.33,166045.29
14.2,3,8,3.38,49.99,146516.58
6.29,4,13,3.53,50.09,128715.8
9.42,2,18,4.72,36.61,127895.44
16.43,1,16,2.25,47.86,152150.82
9.19,1,2,5.57,57.16,99709.77
7.16,2,5,6.99,40.6,111454.05
9.88,3,18,8.07,36.32,145243.34
16.56,1,3,7.4,53.16,146322.35
6.7,4,17,2.33,35.31,127854.02
3.48,3,16,5.1,37.61,124689.5
14.24,4,6,1.35,33.02,145102.77
16.52,3,19,1.16,38.04,163994.88
2.01,2,7,4.96,42.31,92316.86
4.8,4,18,3.28,31.92,122073.61
2.84,4,14,7.15,56.15,131790.67
6.96,2,6,7.52,45.41,100616.29
9.01,4,8,9.06,47.64,158363.03
14.98,3,15,7.85,41.14,173179.08
13.02,1,15,1.43,50.1,143945.67
12.42,1,15,4.34,42.95,129139.2
7.05,2,16,3.46,52.84,137585.03
16.83,3,1,4.48,54.64,151644.2
9.43,4,11,2.44,50.16,132871.15
19.58,4,5,1.88,44.74,181290.89
12.68,1,5,5.69,53.47,133670.92
2.53,4,6,7.48,44.83,132675.83
13.52,1,2,7.32,33.35,125423.33
6.5,2,6,5.06,33.49,111003.15
13.73,4,14,5.7,58.46,184523.5
1.39,3,11,5.65,36.41,98401.91
3.5,4,4,7.22,54.48,124362.46
17.11,1,9,1.43,37.4,134495.72
4.54,2,3,7.39,42.92,110626.49
16.74,1,16,6.24,49.65,151853.38
5.59,4,11,2.78,34.77,122585.36
12.86,1,4,1.44,52.12,125018.5
13.88,1,1,1.98,50.7,109482.24
10.25,2,16,5.72,46.29,132510.82
6.11,3,19,7.83,46.98,127307.48
4.25,4,16,4.01,33.17,142418.55
0.66,2,11,4.41,43.08,82613.92
6.08,3,8,9.41,32.6,139015.77
13.06,1,1,2.92,39.24,108042.5
18.77,3,9,1.93,57.01,177852.38
17.42,1,12,4.09,47.24,157395.84
15.32,1,8,7.71,52.28,171587.12
15.77,2,17,6.63,47.22,182546.34
13.3,1,10,4.74,35.83,130469.82
5.21,2,7,9.68,47.84,123391.74
18.14,3,19,7.61,52.66,201042.53
13.41,3,6,1.56,34.15,155217.96
11.21,1,19,7.7,54.51,152371.24
2.22,2,18,1.22,46.66,85932.29
8.94,1,15,6.85,30.13,124334.43
9.21,2,2,2.89,45.59,100901.72
17.29,2,14,7.27,41.87,171016.88
10.93,2,10,3.79,38.89,137054.13
7.61,3,16,8.86,53.14,156612.88
19.54,2,7,4.03,56.98,159301.16
2.21,3,8,6.58,52.88,109000.29
8.45,2,10,3.57,55.4,112563.19
0.84,3,15,9.25,57.26,139015.0
14.8,4,8,8.03,57.38,184174.79
18.36,3,13,3.19,33.44,152351.45
5.6,3,12,9.54,43.69,160076.49
17.17,1,8,4.21,30.01,134145.29
5.84,2,15,6.87,45.19,128030.04
18.22,4,12,7.69,57.73,191407.07
15.08,1,11,1.21,35.97,130622.77
16.1,2,19,9.63,49.19,183322.01
0.36,4,14,4.1,49.33,97429.99
19.26,4,18,2.71,34.81,193289.26
14.53,4,13,8.66,37.16,165899.32
6.1,2,4,7.33,43.86,119459.8
16.59,4,17,1.78,35.65,164698.17
5.63,4,19,2.05,47.55,133590.06
17.46,1,9,7.44,44.54,160719.74
2.25,3,7,1.67,45.58,92686.23
14.07,2,1,9.25,34.03,146013.85
10.81,3,7,7.67,45.52,136454.25
1.93,1,7,4.02,31.48,84392.07
4.84,3,7,4.27,56.45,104568.55
0.25,4,8,5.56,40.3,92688.12
9.38,4,16,4.25,55.69,159882.82
6.03,2,3,8.05,51.05,124775.18
11.97,2,13,9.77,52.99,162017.31
5.94,2,10,6.26,39.44,128201.26
6.0,1,18,5.01,36.83,104116.83
14.86,2,7,3.0,42.2,124418.44
0.96,1,5,6.88,30.73,83740.01
18.06,4,7,7.17,57.56,186246.52
17.05,3,17,7.17,41.61,188048.02
13.36,4,4,1.24,59.66,134701.03
11.86,4,16,9.09,52.84,172723.56
17.85,4,19,4.04,32.42,197648.66
3.71,2,10,7.7,49.81,111811.56
1.58,2,3,7.84,38.13,103659.95
4.79,2,3,6.85,37.31,106649.53
15.89,3,17,4.55,37.7,162721.47
0.69,2,10,6.48,57.48,116058.7
11.66,1,17,1.36,45.0,129973.16
19.91,4,17,7.86,50.08,205883.55
17.11,3,4,1.9,38.43,142560.15
10.43,3,6,4.57,45.69,135660.54
1.27,3,12,1.93,40.5,81857.38
16.63,3,17,8.53,39.63,190418.12
11.98,3,17,5.95,37.41,158395.11
2.3,1,10,7.22,42.27,89273.78
1.88,4,7,7.14,49.8,103654.03
18.19,3,16,8.57,36.66,182317.45
13.38,4,13,2.19,58.96,163598.74
16.59,2,3,6.94,33.74,146084.51
17.58,3,2,6.18,44.41,159548.17
11.44,3,16,1.28,32.55,140589.45
10.35,4,6,2.81,30.68,114667.25
8.61,3,6,3.41,57.68,125844.65
6.34,3,13,1.65,54.31,123948.92
8.69,3,7,4.19,50.82,131864.46
15.48,1,5,1.24,55.96,138111.06
12.04,1,7,5.98,54.09,129597.57
17.85,3,2,2.9,49.42,152354.0
8.87,1,17,3.58,55.42,120014.18
12.14,2,13,9.19,41.72,156394.35
12.63,3,16,5.53,46.58,149667.43
11.83,2,2,3.42,53.29,128981.05
14.05,4,5,6.39,32.54,162952.56
4.75,2,18,2.82,55.76,123002.34
10.25,4,7,1.67,34.7,138683.22
2.08,3,11,1.19,55.94,95835.76
7.69,4,11,9.56,39.34,135635.09
9.75,4,17,7.52,39.8,157361.82
13.04,2,16,8.2,32.22,146745.35
19.01,2,13,9.83,56.58,184381.43
12.01,2,5,9.38,35.24,115105.51
14.87,3,16,7.63,48.9,176591.16
10.13,3,16,7.25,49.32,155113.52
12.68,2,16,4.03,38.43,150471.26
1.42,3,14,1.94,59.57,111798.93
5.09,3,6,6.16,31.92,106050.9
7.24,4,2,6.19,48.24,135753.69
9.45,4,14,9.57,44.39,170569.47
0.91,2,16,4.98,37.36,92413.68
2.8,3,13,7.22,34.91,115768.07
5.54,4,15,6.17,52.11,156330.58
19.43,1,12,2.59,57.49,163505.2
6.63,3,9,6.33,33.23,111384.97
9.64,1,18,5.86,35.82,117831.33
3.92,2,14,5.45,59.59,104104.14
12.22,3,4,5.62,30.45,110472.67
5.61,2,8,2.48,45.25,95665.31
4.14,2,8,5.17,45.48,101069.36
10.33,2,16,6.45,37.89,129862.6
0.11,2,10,5.41,49.89,85758.68
0.15,2,17,5.4,58.35,97941.11
4.38,3,1,1.7,43.51,74072.46
0.73,1,18,2.72,52.48,90631.16
2.16,3,10,3.89,49.38,110686.29
6.78,3,4,4.77,44.19,108425.61
16.05,3,1,6.35,31.49,155851.36
11.44,4,4,8.77,52.25,157731.78
10.25,4,4,2.43,40.9,135689.73
5.87,3,4,1.14,36.73,95570.86
18.64,1,17,5.04,58.45,179105.55
7.94,3,9,4.89,53.21,116421.26
1.74,2,19,5.97,58.87,127227.39
12.34,4,13,8.5,37.69,165270.59
2.28,4,4,8.22,55.07,130286.96
6.9,3,5,1.9,48.23,106412.37
10.15,3,13,9.41,59.45,179450.35
17.48,1,16,1.99,58.39,162450.85
9.87,1,5,6.71,59.19,115659.01
14.05,2,8,7.05,58.55,165893.44
19.86,3,16,7.12,30.23,173318.46
2.63,3,1,3.39,52.23,81162.16
5.49,3,6,3.97,38.16,118864.53
7.89,4,11,5.94,51.15,146810.29
8.44,2,16,2.8,59.42,132568.21
8.22,1,5,1.18,31.18,82480.99
18.15,4,16,6.06,47.01,198608.6
14.28,4,7,5.19,52.05,158491.97
12.16,4,19,6.91,37.6,170680.91
6.19,4,1,2.32,36.75,92315.14
16.48,2,9,8.57,31.81,156436.68
19.1,3,18,2.32,32.82,172514.14
16.42,1,13,9.02,49.7,170456.52
0.03,1,15,5.05,45.16,91718.25
12.73,4,3,5.95,30.9,137372.5
1.02,4,10,9.07,59.09,130690.69
5.15,2,9,3.7,49.68,115854.04
1.19,4,13,2.64,45.46,92062.36
12.08,1,16,5.01,38.18,132775.03
13.73,1,3,3.2,49.74,123983.81
2.29,3,15,5.75,40.93,104150.68
7.68,3,17,3.48,51.07,145473.65
9.12,1,14,8.78,50.48,143073.72
7.38,1,7,6.47,32.78,113794.38
2.42,2,16,1.0,57.28,122924.35
8.38,2,8,8.25,44.61,131869.61
15.02,1,4,3.97,41.79,124072.45
1.42,4,15,3.88,58.66,130543.91
1.6,3,5,4.45,43.15,86950.6
7.1,1,13,6.67,51.64,126358.32
18.83,4,6,4.98,49.65,186469.03
13.37,1,5,6.66,34.95,134757.99
13.57,3,17,2.32,59.73,174697.27
7.24,3,7,9.73,43.91,131869.96
11.87,2,6,7.57,41.84,143204.53
0.2,2,2,3.25,57.59,79288.36
12.72,2,11,7.52,45.88,151411.24
18.27,2,7,6.18,51.15,166197.68
12.25,3,8,1.98,55.39,144036.78
17.47,4,5,2.6,37.06,155405.37
14.48,4,18,1.37,35.08,144370.75
2.41,4,16,8.28,32.06,128063.86
18.05,1,14,5.97,56.91,171166.9
1.33,2,12,3.85,36.01,88454.56
10.68,2,17,2.14,39.23,134599.86
2.84,3,5,5.36,38.57,96992.51
0.23,3,14,5.73,39.14,99975.98
8.44,1,6,7.32,50.04,131647.14
5.9,1,15,9.73,58.62,155173.66
9.72,4,7,4.91,39.88,144861.48
11.54,3,14,4.65,42.23,140507.95
0.87,2,18,4.33,53.13,108304.46
2.46,4,1,8.44,42.97,111652.77
11.17,2,6,2.41,57.78,132509.81
6.86,4,3,4.09,45.1,120666.18
14.58,2,5,7.52,40.43,150774.58
13.05,1,12,1.14,59.15,149064.55
16.91,4,11,3.6,42.77,149914.97
13.85,2,13,6.77,36.94,144623.42
8.6,2,16,2.67,35.33,129674.86
13.46,3,18,3.72,59.86,165496.12
5.51,4,17,5.37,52.59,147876.24
6.13,2,17,4.8,42.26,119631.6
15.78,3,11,1.95,54.79,172478.68
8.93,2,10,9.44,46.4,149860.76
15.97,4,16,1.4,39.52,166814.11
16.45,1,2,7.75,52.3,162929.78
17.15,4,17,1.64,52.38,180318.47
18.33,4,10,5.21,45.01,179112.71
8.62,2,13,2.58,31.35,128093.95
6.38,2,12,2.27,32.31,88482.23
11.64,4,15,2.13,53.66,155984.87
7.42,3,7,5.08,54.7,130302.78
12.02,3,13,5.64,50.35,151452.19
14.11,3,12,2.2,55.17,145179.13
13.77,2,12,9.81,51.58,163589.37
7.49,2,2,3.32,56.91,92274.76
3.34,4,5,5.13,34.51,121027.63
8.61,1,2,2.95,41.63,111131.89
2.85,2,13,5.45,43.92,105938.21
17.8,4,3,7.8,38.93,167475.44
6.92,4,11,5.69,51.76,124349.85
3.09,1,16,3.57,57.37,97218.06
0.51,3,1,3.24,42.37,93258.72
12.92,4,19,7.83,58.25,184861.33
12.74,4,11,2.06,45.5,143258.4
6.81,4,9,4.33,45.68,129040.28
1.43,3,14,2.36,48.01,96436.36
8.19,3,9,3.32,38.05,103495.21
6.22,1,7,2.37,41.5,88205.86
13.54,2,16,8.98,46.6,153960.32
12.12,3,3,7.59,58.26,153133.58
7.29,2,19,6.05,49.28,145735.66
4.36,2,4,3.02,39.99,81366.87
19.76,3,7,5.59,30.31,167422.67
9.08,4,12,5.69,59.45,152951.51
13.77,1,18,6.31,44.79,144027.72
2.81,2,5,1.54,58.15,65667.81
9.71,4,10,9.76,46.48,148109.37
0.55,3,12,5.19,48.16,96090.76
10.11,2,8,9.34,51.36,143564.43
19.28,2,19,1.09,39.63,167132.75
7.68,2,15,3.23,50.97,136820.76
0.78,4,1,1.94,45.8,74995.64
0.62,4,3,7.93,50.17,99644.88
7.76,4,18,3.88,55.07,142771.74
3.2,2,18,8.56,35.53,117353.88
0.47,2,2,8.49,48.41,92741.47
15.12,1,5,7.01,31.56,137110.95
9.17,1,1,6.99,33.06,84866.37
5.78,4,10,7.3,50.24,149112.79
18.0,4,10,7.06,32.13,180957.84
2.32,3,5,4.48,47.86,106995.14
19.12,4,18,7.15,36.6,171321.11
6.28,1,15,9.08,39.12,130727.58
17.77,1,8,3.99,33.89,130045.68
12.06,1,17,9.5,37.46,144470.21
16.53,2,12,1.12,54.64,165162.73
19.68,2,12,4.14,49.17,176305.41
5.77,4,1,2.19,58.49,105618.61
19.22,3,4,2.14,31.46,157002.66
7.79,3,8,8.34,53.77,142669.38
7.71,3,1,9.27,50.97,125549.46
6.81,2,15,8.0,37.83,133401.71
10.83,1,18,9.79,51.88,149837.0
3.08,1,1,2.95,51.5,80289.91
11.07,2,11,2.27,43.78,129230.44
10.83,3,2,5.69,50.66,137759.32
15.24,3,1,8.46,43.34,172748.24
16.67,4,12,1.36,40.07,170253.42
8.81,4,16,9.96,43.99,173112.75
6.05,3,10,6.42,56.85,125605.21
5.19,2,18,9.81,41.54,118773.12
3.89,3,15,4.29,42.11,114105.52
1.15,4,17,5.12,48.25,116740.69
6.85,3,10,7.77,52.59,142000.7
5.4,2,3,8.13,52.04,110565.47
19.33,1,16,3.1,30.59,167164.51
11.15,2,6,9.37,50.62,125640.84
6.95,2,3,8.81,43.52,113667.49
11.61,4,9,1.16,45.72,142018.22
2.78,2,11,2.16,46.85,83776.51
8.88,2,13,5.46,51.95,142444.52
12.52,4,18,5.15,54.94,180738.24
9.78,4,4,7.38,49.39,139619.88
8.04,1,8,1.81,46.92,127512.02
19.88,3,13,6.8,41.21,172847.42
17.61,2,10,6.55,34.14,144671.5
12.47,4,2,3.1,58.76,138816.53
11.39,1,8,5.88,43.86,127025.38
12.41,3,6,3.0,46.99,119013.17
4.03,4,16,2.32,52.53,131530.53
7.9,3,18,6.16,32.05,161714.76
0.79,3,17,9.8,55.65,115943.62
9.51,2,6,3.13,53.91,121360.44
10.86,2,13,4.2,53.23,147732.0
4.55,4,14,3.31,30.66,124134.02
19.28,3,10,3.4,45.8,190798.56
18.19,4,11,4.64,31.63,166289.82
14.44,4,13,7.32,46.53,194344.49
10.67,3,12,1.35,51.55,133892.74
17.4,4,9,9.61,33.66,175665.44
2.61,3,4,1.42,50.85,108916.34
15.81,3,7,8.93,43.49,162600.45
2.5,3,2,9.05,54.35,122018.72
15.88,3,7,5.72,46.01,153275.18
5.52,1,9,2.23,40.08,77561.63
17.54,3,5,6.09,39.96,147193.55
18.88,2,15,6.66,56.92,189514.84
2.98,2,18,8.72,43.59,112216.98
9.25,2,4,5.96,42.17,115873.66
19.62,3,19,4.7,31.2,174170.67
9.67,2,7,8.54,40.93,122483.32
17.27,1,8,9.83,55.49,158745.25
11.77,4,17,6.81,52.83,173503.79
7.51,3,13,8.87,36.63,108669.32
5.72,2,11,6.39,42.39,124165.16
4.06,1,1,7.21,35.9,72381.43
15.24,4,2,7.19,58.63,155163.45
7.73,1,17,7.34,47.94,115984.2
10.23,2,5,3.89,52.63,125076.43
9.85,1,6,6.18,51.41,135275.03
11.55,4,7,6.35,56.21,154472.91
17.31,2,15,3.84,58.48,172861.88
19.61,4,19,4.15,30.97,192280.3
8.15,1,16,7.86,59.26,145228.89
16.55,3,13,6.24,56.12,166457.46
15.29,3,5,2.34,41.49,156369.7
11.47,3,3,8.54,55.11,144214.93
19.12,3,3,8.95,52.1,180686.83
4.01,4,19,5.2,53.79,137520.74
2.19,3,14,2.88,36.62,96237.23
17.08,4,16,9.53,49.46,207026.47
8.78,2,17,8.94,30.78,145193.26
16.94,3,4,3.2,55.45,133217.53
17.86,4,13,1.86,58.53,181985.47
1.25,3,8,4.97,49.86,121802.35
17.67,3,19,7.09,45.38,188987.3
8.97,3,5,2.58,51.77,115878.73
10.21,4,2,5.62,39.79,128752.2
12.53,1,15,4.83,48.79,133890.19
18.53,3,2,9.01,51.57,162449.85
0.38,3,11,4.87,34.28,91921.01
9.54,2,13,5.8,34.2,126268.26
13.75,1,10,9.6,51.48,158554.19
14.45,4,3,3.7,42.95,141660.08
13.85,2,5,3.6,56.68,158152.63
2.69,3,3,8.2,39.36,94155.91
5.99,2,6,3.5,31.27,96554.27
7.17,2,13,8.49,49.5,126930.03
16.09,3,10,1.86,50.53,148811.36
5.58,1,19,2.0,46.61,105314.12
4.21,1,8,9.11,50.5,111480.25
19.15,2,18,5.87,45.71,188083.11
0.18,3,3,7.47,50.78,92350.08
19.96,4,17,3.03,31.32,167099.28
13.54,2,8,2.5,41.05,143857.44
16.57,4,10,8.51,36.32,167212.14
5.89,2,2,4.23,32.98,89277.37
0.29,2,12,5.1,37.02,89493.94
14.76,3,6,1.25,35.74,132632.47
16.68,3,2,4.47,59.19,142628.05
14.81,4,3,7.93,38.6,167458.62
2.86,4,17,8.39,36.93,104384.27
15.07,1,7,7.29,55.05,157961.63
15.38,3,5,7.23,42.57,167553.11
13.17,2,1,5.56,42.64,137205.69
15.32,2,8,5.84,43.31,145435.64
16.92,1,12,7.68,42.5,159266.87
12.27,3,14,3.23,39.8,136971.23
1.77,2,16,3.08,38.59,96321.13
9.75,1,10,9.55,56.46,145179.16
1.55,1,15,1.25,34.85,66934.79
8.15,2,15,2.26,35.43,114242.07
8.14,2,10,6.13,47.15,120771.29
1.32,4,7,7.64,40.31,122585.88
6.98,3,3,5.84,42.65,105841.11
2.22,4,2,4.2,54.2,109826.35
16.16,1,6,9.8,57.11,159091.0
18.95,2,9,7.33,53.72,172934.76
1.45,4,10,8.48,37.05,123317.59
19.1,1,4,1.36,59.4,140355.58
10.45,3,3,3.12,40.9,121156.32
5.99,2,9,4.37,35.07,115214.92
1.54,4,17,2.64,44.98,106301.95
10.01,3,14,1.66,51.76,138607.27
15.89,4,10,3.03,32.5,164701.27
14.14,1,13,5.8,49.03,150658.76
1.0,3,12,7.26,55.74,128486.21
1.46,4,1,7.97,37.85,100959.01
8.06,3,19,1.39,50.79,141000.29
5.91,1,19,4.85,42.0,126704.64
4.65,3,6,2.1,42.42,82186.62
5.62,4,13,4.88,38.42,123767.19
16.07,1,19,4.91,48.73,163652.55
18.58,2,13,5.48,40.83,175910.92
8.1,4,4,9.04,54.93,147413.6
18.12,4,2,8.25,58.89,195636.47
6.43,1,15,6.73,58.05,120095.72
9.53,1,12,8.97,34.89,116119.11
4.52,2,7,7.11,30.43,109060.7
12.81,4,18,8.37,43.15,175794.21
19.58,1,13,6.07,51.87,161595.89
12.07,2,17,5.73,59.32,173706.35
7.16,2,4,7.52,53.5,127395.92
12.96,1,14,1.18,47.42,134576.73
2.46,4,13,7.21,30.79,134301.91
17.77,3,3,9.41,54.77,171336.96
10.06,3,18,7.43,35.31,165314.82
8.99,2,14,1.33,31.67,116960.62
11.72,3,15,4.4,55.51,148431.01
12.5,3,3,8.29,46.99,146765.24
1.44,1,1,9.63,33.86,82918.61
13.65,2,17,4.33,41.6,161029.09
4.84,4,3,8.57,32.57,104349.79
14.28,2,14,8.77,49.14,147524.55
16.45,1,3,2.11,38.47,115992.31
16.08,3,13,8.61,55.98,180967.02
11.05,4,15,3.92,40.73,157966.09
10.4,2,18,6.34,44.84,141472.18
2.86,3,14,5.85,31.91,114106.35
15.51,2,3,6.97,38.27,158595.41
5.43,4,19,7.66,50.3,133364.11
9.93,2,8,4.97,52.09,127322.97
5.69,2,4,8.99,37.28,134563.31
2.68,2,4,8.29,45.11,93012.84
12.59,3,19,8.07,54.53,166165.09
1.09,4,11,5.12,41.4,114128.5
14.97,4,1,1.34,34.01,129115.04
6.35,3,8,5.43,42.96,129933.77
0.0,3,15,9.09,48.02,142529.08
10.22,3,1,2.71,30.22,110390.8
0.94,1,7,9.84,40.46,119383.67
5.52,2,11,8.27,48.22,118983.39
14.14,2,14,7.39,58.56,163325.89
1.25,4,16,7.09,42.26,113828.21
16.79,2,14,6.28,34.89,155940.13
0.08,1,12,7.49,46.03,89389.95
4.94,3,17,4.8,38.57,127063.51
14.82,4,14,8.61,36.44,163856.09
6.33,4,10,7.27,47.71,132783.58
2.04,2,14,7.94,57.48,112791.57
7.2,4,18,8.13,55.06,168679.69
5.41,3,9,1.83,35.47,103518.19
16.85,4,17,1.5,52.98,177075.69
6.27,3,6,8.21,36.9,121975.05
15.78,1,8,3.33,38.72,115032.33
17.84,1,13,6.24,57.6,182436.54
8.68,3,18,4.99,57.33,140101.95
18.2,2,5,1.2,35.06,146320.73
7.55,4,6,1.36,31.93,108984.19
19.28,2,19,8.44,38.79,180240.91
1.79,4,4,6.47,47.45,118714.12
13.74,1,7,5.71,56.31,126821.88
9.88,1,4,9.5,33.57,107694.46
7.75,1,11,2.56,42.45,105985.15
12.65,4,12,3.32,38.15,151530.88
14.08,1,14,7.81,30.45,152159.47
0.09,1,13,7.98,53.65,105772.69
3.34,1,10,4.64,54.4,96794.18
14.26,1,18,9.56,36.64,160083.2
13.33,2,16,9.44,34.54,157459.63
19.32,1,5,1.11,34.34,147465.7
15.22,1,8,2.55,43.92,120674.56
19.02,2,14,8.38,37.39,177221.63
14.05,2,5,4.02,45.34,142119.67
5.96,4,8,1.86,41.55,125294.15
2.11,3,6,8.06,36.33,97110.2
15.64,1,16,5.09,52.54,146382.28
12.88,1,4,5.43,34.51,106668.05
0.96,1,12,2.68,53.97,81440.84
7.2,4,11,6.95,46.84,144111.7
19.14,1,3,5.96,54.96,149686.25
10.01,3,12,2.86,30.14,132675.66
8.65,2,5,4.06,52.48,115889.54
9.15,4,6,6.37,31.55,138599.47
4.18,2,19,9.32,58.5,139905.43
7.37,1,18,9.28,51.08,121035.26
7.4,1,16,3.59,39.61,100662.63
1.05,1,11,7.62,39.6,102919.06
15.35,3,5,7.98,55.84,155397.35
8.33,3,9,8.28,57.09,152720.6
16.44,4,3,6.14,56.75,170321.01
17.01,2,8,1.09,54.26,136597.18
4.24,1,6,7.86,54.57,112306.71
13.15,1,4,1.96,47.18,111281.18
9.45,1,12,2.05,30.85,106877.16
17.6,1,12,6.45,32.6,149967.46
4.31,3,16,9.85,49.49,112515.64
13.56,2,10,3.18,42.03,142528.63
12.16,2,14,6.81,47.02,157238.52
5.91,4,13,3.73,36.93,119848.23
2.73,3,9,9.09,49.48,126858.54
13.03,1,7,6.34,37.28,119581.05
14.77,2,12,2.87,43.82,135088.26
6.31,2,5,3.36,44.36,103404.64
12.9,3,18,4.89,35.33,147967.18
7.9,4,4,2.1,56.29,122756.98
14.26,4,2,1.71,45.77,130679.54
3.98,1,3,7.12,56.0,84954.84
17.8,4,12,4.66,37.88,176225.8
5.75,2,3,7.54,35.17,105856.35
7.36,4,4,1.99,30.54,108856.75
1.16,1,6,6.49,32.82,74615.52
2.23,2,12,4.99,34.42,88066.4
10.32,4,19,1.52,32.37,131705.91
5.35,4,10,5.9,56.91,123366.27
16.71,3,1,1.75,57.34,140206.95
0.29,1,17,8.45,58.12,119297.17
7.58,4,16,6.69,58.8,158098.3
6.75,3,9,6.01,44.76,128505.8
0.39,2,9,2.2,45.9,68043.14
2.49,3,9,3.59,33.92,97030.42
8.27,3,12,5.44,34.11,131825.52
9.86,4,9,6.7,53.18,167477.81
8.09,4,15,2.65,55.67,142438.52
10.62,4,2,1.08,53.54,123547.23
11.9,3,11,4.1,55.04,140273.75
0.2,2,11,5.35,38.3,89077.43
9.28,1,8,2.66,43.98,105149.31
19.27,3,6,5.43,43.78,179480.93
10.38,4,7,4.05,59.86,155110.92
13.55,1,3,5.1,58.48,121277.7
6.24,2,8,4.13,47.95,109085.84
15.48,1,18,6.66,34.14,178432.34
15.46,4,17,1.39,37.76,147712.9
10.43,3,11,2.54,40.91,128406.91
19.52,3,2,4.89,56.2,175388.54
2.51,4,19,4.21,35.12,118347.54
0.34,3,7,4.52,36.59,84505.89
15.4,4,18,8.23,40.48,180858.94
16.14,3,8,8.98,57.81,165768.29
2.4,3,14,3.24,45.11,105197.31
5.31,3,7,8.53,49.41,136291.97
0.35,2,4,5.13,41.62,66881.55
5.87,2,17,3.46,35.66,115852.65
15.46,4,5,9.87,36.68,180090.64
10.36,2,12,8.42,54.08,147540.02
6.96,4,9,9.95,56.8,147382.42
7.43,1,13,2.51,44.79,113919.78
0.03,1,18,2.29,40.71,73344.17
6.0,2,9,5.53,54.24,121411.77
12.93,1,4,6.75,50.19,129391.13
19.48,1,8,2.54,31.23,141793.71
16.94,3,1,8.74,40.52,176522.93
0.47,3,17,5.79,50.47,125546.43
17.97,4,9,4.7,47.21,189900.83
15.66,1,13,6.42,59.34,150902.76
15.61,4,2,6.71,55.98,155348.13
9.16,4,13,1.39,31.79,132858.31
7.96,1,9,10.0,51.77,132464.29
6.06,2,6,4.28,40.09,82339.39
1.31,1,1,1.55,50.46,68024.8
4.56,3,5,8.67,48.52,140503.05
4.93,1,3,9.94,45.09,123556.08
9.68,2,4,8.35,55.59,126565.11
14.95,4,1,8.67,51.26,172037.02
9.48,4,14,6.63,56.69,150258.06
1.16,3,9,9.3,38.45,108295.41
19.16,3,4,1.32,40.44,142607.71
18.85,3,18,7.9,48.66,182758.6
15.7,4,14,7.04,58.99,195254.22
19.83,3,4,1.45,41.15,157083.7
10.89,1,10,5.9,30.97,124171.39
19.26,4,3,5.64,43.38,178446.76
1.51,2,7,7.22,46.32,99351.28
7.31,4,10,1.7,54.03,117986.37
4.51,1,13,8.25,51.86,118305.95
3.92,1,4,2.25,58.94,83721.79
2.82,3,18,4.77,53.48,121394.39
12.45,4,11,8.93,38.96,155130.85
15.63,4,4,6.04,49.24,148198.75
11.57,4,14,4.42,50.17,151924.09
2.94,2,18,1.43,59.94,114482.38
16.22,3,8,7.05,34.16,158428.32
12.72,1,10,9.88,35.74,159214.74
7.76,1,5,9.21,34.67,110849.22
13.48,3,7,7.46,47.67,156582.44
5.2,1,12,1.95,34.06,89831.03
6.9,1,3,3.15,49.68,83793.9
18.35,3,4,2.68,54.11,158285.79
5.81,1,10,4.2,42.98,89646.29
9.4,4,4,3.12,46.82,127683.42
17.8,2,15,3.2,57.38,150402.63
14.15,3,10,6.55,47.09,158118.28
1.24,2,16,3.87,36.26,96190.79
2.95,1,15,7.09,40.3,105916.74
0.16,1,19,9.53,45.9,94322.63
12.62,4,19,6.75,34.65,173343.3
8.95,3,18,7.76,48.38,160886.58
2.69,1,12,7.76,59.98,100441.68
19.16,3,16,3.98,49.58,191205.37
10.59,3,1,1.13,41.17,113749.75
4.84,3,16,1.5,39.95,111211.78
10.01,3,2,3.54,57.95,132316.58
13.59,3,15,7.21,56.15,186774.58
1.52,2,7,9.16,44.17,100757.07
5.49,4,1,9.63,40.6,119725.1
16.14,3,5,1.23,51.31,166218.52
9.19,2,10,9.91,39.44,135493.96
10.93,1,4,3.9,33.58,109891.18
8.66,3,14,8.59,39.3,143303.97
0.88,1,13,2.62,43.03,64323.84
3.31,3,1,1.57,37.66,79214.17
8.91,2,16,4.41,36.5,138222.9
4.18,2,9,8.73,30.18,99419.77
1.0,2,16,2.99,48.93,110606.2
16.87,4,19,2.39,48.43,187001.99
19.62,1,15,9.19,35.64,164337.76
15.86,4,14,9.45,58.31,181897.16
17.08,3,10,1.11,42.29,139463.21
4.84,1,12,7.55,30.76,99294.44
19.21,2,1,3.78,36.59,133099.36
3.94,1,17,4.37,50.76,119950.23
19.03,2,9,5.22,36.05,147468.89
19.9,4,19,4.84,31.62,181500.5
14.23,4,18,5.63,48.53,192296.2
19.62,2,7,6.24,45.55,163856.26
11.39,2,9,5.19,52.84,141267.93
5.19,3,12,7.31,53.18,135940.18
8.74,4,7,7.47,58.8,134716.61
11.87,4,14,4.96,31.71,159257.62
1.46,3,15,2.28,31.17,100910.68
12.45,4,15,6.77,59.62,180917.77
19.62,2,6,7.96,49.35,165250.01
3.8,1,14,6.74,51.46,113037.64
15.85,1,2,6.29,32.89,128002.93
18.16,4,8,3.06,32.09,162804.59
18.87,3,13,6.81,34.81,169046.44
19.2,2,6,4.01,42.82,153357.46
10.43,1,5,9.28,33.31,131466.52
19.55,2,5,6.88,43.39,144770.36
15.15,4,1,3.5,46.85,144359.15
3.23,4,9,5.26,30.01,115595.33
9.54,1,6,8.62,33.43,106844.8
14.37,4,7,4.02,41.26,156655.48
4.95,3,9,5.73,31.6,114964.42
12.81,4,5,7.12,34.01,147571.7
13.33,4,14,7.79,36.95,171189.75
3.25,4,5,2.57,42.89,117941.53
11.3,2,8,6.09,51.45,130464.88
15.43,2,7,9.21,33.98,138971.51
9.98,1,13,9.72,52.14,138381.95
0.24,1,13,6.91,55.65,87065.08
0.18,1,8,9.85,49.54,98904.34
7.14,4,11,6.14,31.31,126573.0
18.52,2,18,4.98,43.22,179786.79
4.57,3,19,5.96,49.8,136499.84
12.69,4,6,2.04,59.36,140698.95
4.44,4,2,4.62,58.55,106663.57
6.43,4,13,5.13,41.87,119615.53
16.96,3,11,8.64,48.48,189009.28
14.58,1,1,7.83,56.72,144899.18
1.91,3,2,6.41,54.93,97228.11
8.57,1,17,4.13,44.38,128426.54
0.58,3,8,2.68,37.84,74258.49
9.62,2,2,4.13,34.11,98168.79
13.25,4,6,7.12,44.64,147921.56
2.37,4,5,3.37,51.69,107690.96
5.78,4,16,4.84,59.09,137136.87
7.96,1,8,4.48,55.85,98656.24
18.39,3,19,7.89,36.13,188710.29
19.87,2,16,8.95,51.59,197849.58
0.9,3,13,7.29,38.67,106953.0
15.22,4,7,4.07,50.5,172253.47
7.43,2,16,4.9,49.97,137448.71
7.85,2,16,2.29,38.17,128540.35
15.09,4,12,2.51,37.03,164233.43
18.37,3,14,2.48,33.12,164827.73
19.02,4,18,2.18,31.52,164919.67
11.54,3,18,2.62,55.75,149433.96
7.14,2,16,2.82,31.5,107665.86
15.75,2,16,2.01,32.66,136469.9
5.02,4,13,6.76,37.17,124701.83
11.28,2,9,9.91,56.63,138037.16
7.17,1,9,8.91,39.99,125757.86
13.13,2,13,1.41,35.75,119549.62
4.81,1,4,4.81,51.47,101520.6
3.83,2,9,8.73,39.57,124082.29
18.36,4,15,2.21,40.0,166934.31
2.04,4,14,8.63,52.17,127570.32
10.12,1,19,6.33,37.55,139739.78
4.42,4,12,9.38,56.9,139899.8
0.78,2,6,8.88,46.84,90190.77
0.72,2,3,7.09,46.13,92138.49
3.5,4,16,6.92,37.94,122344.0
17.34,2,17,2.92,55.05,188500.95
5.65,3,16,2.05,47.18,125958.99
19.01,3,6,4.74,34.67,167278.18
11.63,2,8,2.68,36.19,119764.03
8.73,4,19,1.92,44.05,161848.04
11.6,1,2,3.72,53.39,107838.22
10.33,4,14,8.74,58.18,177265.17
15.18,1,12,1.15,49.9,121735.59
5.65,4,17,3.63,45.18,156529.24
7.06,2,15,4.82,37.52,128153.43
17.88,3,18,5.6,50.19,175007.21
18.93,4,16,2.63,59.47,194609.85
17.85,1,13,9.68,44.29,180709.42
8.39,3,17,6.21,34.86,130177.21
15.61,1,8,5.7,33.1,131473.15
9.53,2,1,1.08,38.08,87948.87
9.95,3,3,5.37,47.08,132747.53
4.09,1,16,8.54,58.4,125015.06
11.82,4,2,2.98,38.97,131022.41
3.72,2,15,4.16,39.16,97399.05
6.63,2,1,1.19,44.44,87729.2
17.1,2,9,9.79,57.56,168900.37
4.14,4,16,1.6,42.57,123498.46
1.42,4,4,9.08,36.7,98764.38
1.38,3,12,3.82,34.89,88428.8
18.82,4,1,6.29,43.71,177635.12
10.14,3,1,7.11,54.02,130006.41
8.19,2,7,2.27,38.74,123034.76
16.22,3,18,4.99,45.38,175500.31
16.72,1,15,3.93,48.09,135066.33
6.64,2,13,1.51,43.51,95117.47
13.87,2,16,8.5,35.75,152958.11
15.42,3,7,1.41,57.65,156662.48
13.09,2,16,6.88,46.96,162903.24
3.03,4,13,3.83,51.87,116208.29
17.52,1,14,2.73,49.08,164122.48
10.78,3,17,7.0,59.94,166896.92
5.65,3,12,6.17,43.69,121763.64
8.5,2,13,3.84,42.75,134135.77
0.75,4,15,5.62,40.8,106683.66
2.56,2,4,3.22,40.85,87853.36
15.31,2,2,8.77,38.27,152271.84
0.0,3,18,3.82,59.42,118367.84
8.33,2,2,3.21,56.12,108450.3
10.45,1,15,7.77,39.5,144059.89
1.09,2,19,1.16,39.16,110340.01
19.46,2,15,3.41,33.11,161582.64
4.52,3,10,4.38,56.31,119056.23
6.08,2,11,8.94,41.15,133484.02
6.08,4,10,9.55,47.18,140909.63
4.61,3,5,7.45,57.01,117853.88
0.03,2,9,5.43,42.24,75436.7
14.59,1,19,6.77,54.21,145005.91
19.34,1,13,4.73,42.91,149131.77
4.49,3,18,3.69,51.03,134153.2
13.26,3,17,9.56,42.94,162403.0
14.84,2,6,2.04,41.78,136223.39
16.97,4,10,4.12,59.72,191940.64
8.45,2,2,9.09,48.37,125857.51
6.06,1,6,7.51,41.02,95446.29
6.51,4,13,1.26,37.73,118853.72
14.25,4,18,1.21,31.19,159028.16
16.34,4,7,5.65,51.2,174236.43
3.63,2,2,5.36,41.16,91356.89
7.42,1,14,4.99,54.64,127271.57
18.04,3,5,3.72,40.92,165272.49
16.13,2,18,9.88,41.2,172976.43
19.7,3,11,3.45,53.38,190367.42
15.08,4,10,5.41,44.68,169209.07
7.86,4,11,4.64,56.55,119907.68
11.81,2,2,2.53,47.7,115821.25
13.22,1,15,2.82,37.22,128726.08
1.57,4,7,9.26,47.05,130896.14
10.89,3,9,8.72,30.12,136480.7
14.19,3,5,2.79,39.37,137797.45
3.35,2,7,8.88,36.24,90456.61
15.61,3,2,2.88,49.63,134609.13
11.68,1,3,6.64,34.08,124128.95
19.04,4,2,1.73,38.7,143510.27
0.85,3,19,8.92,39.94,132292.92
5.31,3,4,1.46,30.1,102065.61
12.03,4,7,5.99,31.4,156722.97
5.93,2,7,8.02,39.33,129397.1
14.29,3,17,2.05,36.67,158895.65
15.18,2,19,4.64,33.51,160149.56
2.05,2,16,1.38,34.62,95842.68
10.28,3,3,7.14,55.07,139288.59
10.18,1,15,3.77,50.5,124026.22
7.39,2,14,6.03,44.52,134608.97
18.66,3,15,9.39,57.27,202441.56
16.55,2,14,3.75,30.89,158705.05
13.94,4,7,1.44,40.35,140677.74
14.29,1,3,7.08,54.7,137033.12
9.23,1,17,8.08,48.85,141221.26
18.42,4,10,9.62,59.45,198000.85
13.89,4,15,2.42,58.34,194914.22
14.58,2,6,4.53,35.1,153799.93
17.23,4,17,8.6,59.16,201849.8
5.48,1,17,8.26,58.37,128085.48
16.14,4,14,6.62,41.21,182499.61
3.9,3,18,3.42,59.49,122341.03
6.91,3,5,3.56,31.08,100871.16
6.71,2,8,2.12,49.82,106537.21
19.57,1,7,9.3,37.98,159950.48
17.13,3,4,2.56,33.88,144971.75
14.02,4,18,6.16,47.33,180925.46
14.54,3,5,6.26,39.19,116214.47
11.24,3,16,4.33,50.0,131683.62
18.94,2,14,4.17,46.2,159907.91
9.93,4,19,7.02,41.78,164938.12
7.61,4,14,4.49,35.45,126945.75
3.26,4,9,3.3,48.04,135550.7
15.72,2,6,4.59,54.88,158057.74
14.69,4,17,8.27,48.0,204645.27
7.69,4,19,9.7,48.32,173502.91
0.5,3,12,6.72,45.36,91025.37
16.78,3,4,8.04,41.65,150404.31
0.23,4,16,5.8,43.72,111047.57
14.07,1,11,6.62,59.69,138549.4
19.41,1,4,9.89,52.49,178356.25
8.75,4,17,4.95,42.92,147223.53
4.7,1,8,1.6,43.72,87497.08
14.1,2,14,9.61,44.99,178488.97
16.34,3,2,8.14,49.78,180939.84
10.93,2,11,4.58,43.98,129244.3
19.34,3,11,9.84,50.59,179034.4
1.03,1,6,4.11,39.88,61518.16
10.1,1,14,4.35,42.32,135084.55
14.37,4,10,6.49,55.92,174555.9
17.25,1,8,3.47,39.87,130451.85
3.59,1,7,7.29,58.93,111247.94
16.0,4,8,2.38,35.18,141952.55
11.05,4,8,1.97,37.25,115034.58
7.93,3,2,5.81,43.91,98043.97
2.63,1,16,6.0,53.92,93037.01
17.31,3,9,1.96,51.95,170150.14
3.15,3,13,9.68,35.23,120706.0
6.2,2,12,6.16,37.1,115474.04
5.8,1,17,2.36,47.26,109280.22
17.43,1,2,3.8,38.85,121444.68
13.45,2,13,8.2,42.67,150460.77
15.93,3,1,5.71,44.6,144826.5
5.01,1,19,2.69,47.83,99221.38
12.5,3,11,1.93,37.53,130174.24
11.43,2,5,4.88,34.89,120101.14
16.66,4,1,4.04,41.96,150736.42
18.12,3,13,6.9,32.46,177258.99
0.24,1,8,9.33,45.8,86999.39
13.48,4,6,3.23,55.19,167652.84
1.04,3,17,8.7,33.57,106195.41
10.98,3,12,9.28,33.38,145149.26
5.75,4,1,9.12,32.41,124008.01
6.14,4,3,9.57,55.44,143642.22
7.06,4,14,8.58,32.42,131122.67
12.43,1,8,6.34,59.5,137452.11
6.68,1,11,4.69,40.75,113660.15
14.65,3,14,5.43,39.86,143797.01
8.09,3,8,8.85,32.75,130419.06
1.37,2,3,3.71,47.57,66021.38
15.68,1,7,2.43,47.58,124159.72
5.72,3,19,2.27,44.81,125425.52
8.66,4,4,8.44,39.33,135442.19
13.71,4,16,7.85,41.06,163518.26
6.65,1,13,5.48,39.62,122554.51
1.13,4,19,3.47,42.78,113504.0
7.48,2,5,7.1,40.25,120334.96
18.89,3,5,1.35,50.27,171243.97
12.83,3,4,6.11,38.87,132353.52
13.43,3,2,4.59,40.53,140894.49
12.65,1,13,9.8,43.06,153168.32
3.98,4,16,5.57,30.12,109787.45
8.37,2,2,5.97,44.76,124831.54
15.02,1,19,7.41,37.67,158655.66
2.03,3,17,5.36,31.68,104206.27
5.56,2,5,3.02,57.33,87260.66
5.53,3,18,5.84,39.67,117705.52
8.64,3,18,9.5,42.78,154362.88
19.61,1,8,4.69,54.82,146528.65
1.35,3,15,7.12,35.0,117079.81
10.37,2,13,9.8,55.51,150367.4
3.59,3,13,8.47,37.25,106267.51
19.41,4,16,6.93,47.67,191654.13
2.27,3,13,7.62,50.57,110092.46
8.07,1,2,9.43,57.15,107906.99
14.76,2,3,9.64,48.23,130407.27
14.09,1,15,9.72,43.6,158820.07
8.45,4,19,6.63,47.17,148256.31
6.93,3,13,4.46,36.06,141406.58
7.95,1,5,2.2,50.67,109165.99
5.29,1,6,4.47,35.61,105669.88
4.11,1,14,9.49,46.72,124400.71
9.66,1,4,9.01,49.43,118535.42
5.37,4,19,5.71,56.96,150841.09
5.75,4,7,5.83,43.51,121721.4
13.14,3,4,3.78,53.26,143917.62
19.37,3,2,5.09,35.03,166180.4
12.07,2,7,7.43,34.69,140398.71
1.54,4,3,4.62,45.74,99479.38
1.51,1,15,2.69,47.89,89225.66
19.03,1,1,5.87,48.97,149898.19
5.95,2,2,3.03,52.37,109110.89
1.84,1,10,9.77,38.85,94198.45
11.98,2,16,4.51,48.68,143214.69
12.47,3,15,9.19,35.64,156700.23
12.97,4,15,3.03,36.57,155128.3
5.35,2,14,2.7,32.02,108877.31
0.3,1,14,6.55,52.41,99066.73
19.3,2,6,8.01,45.21,168272.61
5.02,3,14,6.1,37.15,132674.6
13.52,1,17,3.07,46.69,132187.98
14.13,3,18,1.34,40.63,136869.1
12.2,3,19,6.56,55.12,171768.06
6.26,2,17,2.18,45.84,115590.22
5.42,3,16,4.09,30.89,115729.36
11.95,1,8,7.08,59.55,125641.46
17.32,3,7,1.88,32.23,147534.78
18.93,3,12,2.15,50.88,187564.6
2.12,2,9,1.55,43.12,70880.87
3.1,3,14,9.96,37.48,124449.18
18.89,4,1,4.48,50.29,168431.78
14.73,2,10,9.15,33.78,149828.41
17.66,2,17,3.64,55.75,172584.05
4.05,1,17,7.78,37.52,107335.96
11.75,1,17,2.97,40.84,131379.4
14.02,1,4,5.48,48.98,128486.66
13.6,1,17,8.42,30.03,142810.76
8.16,4,18,8.35,44.18,158013.63
0.31,2,2,8.15,56.83,97903.52
11.66,3,8,8.41,50.41,137506.51
5.06,1,13,2.9,41.64,104215.4
9.01,1,15,5.34,49.81,120189.07
19.15,1,9,5.36,58.1,169430.78
7.98,3,3,9.01,35.63,118585.63
16.8,1,3,3.67,45.95,140810.63
3.77,3,2,9.38,37.04,108265.19
13.45,2,1,5.06,55.63,124987.53
19.54,2,14,7.03,51.63,177672.76
2.04,2,17,3.42,54.03,118864.1
0.17,4,13,4.69,58.29,115907.11
8.67,3,19,7.39,36.97,143255.53
1.85,1,15,5.61,31.46,101890.37
14.97,1,14,9.38,38.73,164915.09
18.29,1,2,7.63,41.97,139651.1
8.68,1,7,6.08,48.75,113793.06
5.17,4,17,8.98,53.93,134477.48
8.69,1,18,6.99,40.49,139688.87
14.47,4,6,6.83,44.2,161496.6
0.18,3,8,3.22,53.56,99859.97
11.79,2,2,4.55,36.76,98876.34
12.27,1,1,7.15,36.51,115460.94
12.75,2,16,9.03,47.68,163607.83
4.84,3,7,3.84,43.08,85739.98
14.28,3,11,2.94,58.47,162239.32
1.83,1,15,6.34,40.71,93961.94
3.99,3,13,1.6,52.79,93102.11
17.55,2,2,7.43,47.49,150091.54
14.77,1,14,7.33,31.64,150468.05
0.27,4,6,4.19,32.53,81818.43
4.97,1,9,9.03,36.09,106063.02
4.29,2,7,5.52,34.29,93027.37
5.42,1,18,6.81,39.88,97099.71
4.95,1,9,2.89,47.37,99886.59
1.25,2,4,4.76,48.07,93383.09
9.18,1,9,8.76,47.63,139804.35
14.65,1,4,2.92,33.53,118222.3
12.13,2,12,4.52,48.01,144933.46
13.46,3,4,3.86,42.29,120423.62
1.62,2,14,2.36,57.09,101518.96
19.03,1,7,3.61,57.36,150941.91
16.77,4,13,3.09,53.05,173617.26
16.1,4,8,9.31,51.09,170717.46
16.46,2,5,7.67,33.45,160298.76
18.65,4,12,3.84,32.54,155912.25
10.89,1,13,7.87,55.23,144983.09
4.01,1,14,1.2,42.81,80850.5
12.34,2,18,5.74,43.54,172515.29
14.86,1,4,3.25,55.43,137860.11
14.76,3,18,2.03,48.64,160156.57
10.43,1,7,8.95,35.38,114489.32
1.37,2,15,2.79,36.33,99424.38
7.42,3,6,8.4,30.19,90342.89
18.42,3,16,4.72,51.32,185320.09
11.69,4,8,1.13,44.57,141529.73
10.77,1,16,7.59,58.5,151611.77
5.38,2,16,6.37,51.42,134698.65
7.37,4,3,4.1,33.09,109166.12
17.91,4,17,3.53,34.85,182645.69
13.33,1,9,1.66,45.05,115632.65
15.75,1,3,9.47,57.75,144478.74
9.09,2,7,5.45,37.42,107570.53
12.6,4,18,1.77,54.77,159592.85
4.97,2,12,8.82,39.37,131121.37
14.11,4,19,3.51,38.1,183664.58
8.55,4,16,2.83,57.04,144522.07
8.85,4,17,3.53,31.42,132747.9
12.99,1,15,6.08,49.82,158894.65
18.73,4,1,1.67,31.3,153383.76
1.28,4,2,5.34,54.02,103430.0
16.49,4,8,9.06,54.88,173547.78
5.85,3,2,2.69,56.8,121188.65
8.88,1,19,3.98,35.58,122683.85
0.44,3,9,4.57,33.73,89817.43
6.02,1,9,6.28,45.11,112381.42
10.05,2,13,9.27,38.15,142823.84
1.12,3,6,4.55,48.19,109987.47
9.82,2,15,1.62,45.41,135479.0
18.54,4,19,4.13,34.35,178623.0
2.11,2,15,2.71,52.18,102021.83
15.29,2,18,6.87,54.11,165955.74
8.19,2,7,1.26,58.89,131403.05
13.1,2,11,3.63,41.87,129500.3
5.2,1,8,5.91,40.13,97414.35
3.19,3,6,3.5,35.77,97770.61
3.21,1,8,5.96,35.43,93484.05
1.41,1,2,2.03,39.63,69298.18
3.71,1,19,9.49,59.45,137544.4
13.28,2,16,3.62,32.77,147304.52
17.63,1,7,9.31,37.78,151517.03
16.28,3,10,3.93,32.58,146753.7
13.7,1,12,8.04,38.21,144407.2
2.21,4,17,3.22,32.77,106850.64
5.78,2,7,7.03,45.25,106766.21
6.2,4,8,3.91,43.15,117880.84
5.0,3,7,5.58,35.22,129875.95
10.3,3,4,7.06,35.24,145453.78
10.71,3,3,6.3,48.78,132243.97
7.14,3,19,6.19,41.61,119752.14
7.08,1,15,1.59,31.69,93516.53
16.57,2,4,3.24,57.61,155612.62
15.79,3,9,6.15,42.15,144502.02
6.16,4,13,1.16,47.73,129522.37
18.28,3,18,3.26,56.56,187548.79
19.06,2,16,3.06,42.06,166618.83
6.53,4,1,3.25,54.62,116319.38
7.09,4,4,5.82,57.44,123490.97
10.11,4,18,6.24,35.22,162742.91
18.82,1,8,9.18,56.77,174319.13
17.53,3,16,4.47,33.59,163519.6
2.05,1,11,9.34,38.25,91999.85
7.85,4,19,6.87,54.25,147710.15
11.07,1,19,9.21,57.02,160637.0
10.06,1,18,8.5,50.52,143993.99
3.88,1,19,7.19,33.14,108251.2
17.18,3,11,4.2,45.69,149053.27
13.54,4,3,3.17,47.18,132803.01
16.76,4,8,3.0,38.46,147225.73
17.18,3,19,9.57,59.74,207466.78
14.97,1,10,9.63,40.07,153501.38
8.78,1,16,7.52,36.31,125031.28
12.21,2,5,8.95,33.3,146913.88
3.21,2,9,9.27,41.36,120460.91
13.47,2,8,5.6,50.78,155147.29
3.59,3,11,6.66,36.94,110875.69
13.88,4,16,4.77,53.09,158221.81
4.59,2,7,4.77,34.06,113263.11
2.35,4,15,1.35,43.21,114790.79
3.31,4,17,4.9,51.07,136420.88
0.04,4,6,7.06,34.06,106131.93
14.37,3,15,4.8,47.94,189995.31
14.65,3,8,8.85,53.97,167127.03
10.3,3,7,3.99,47.87,145971.93
3.23,3,2,2.19,45.34,80637.25
1.67,2,13,8.3,55.15,122823.25
0.38,1,6,7.07,59.56,107342.64
3.31,1,5,3.18,35.44,75539.05
17.82,1,1,5.83,50.74,124433.56
4.83,2,18,4.62,32.42,118052.95
7.09,1,15,9.45,31.29,120664.45
2.11,2,10,6.47,38.42,106480.48
4.45,2,3,2.43,59.13,90465.1
10.38,2,5,5.52,46.57,148754.72
12.16,1,13,8.76,38.05,142497.64
4.91,4,8,7.04,33.98,129658.17
1.15,1,2,8.58,57.61,80170.63
7.82,1,9,3.25,40.87,91228.22
4.68,3,17,9.0,39.2,121853.46
4.39,2,18,7.8,55.74,118933.78
19.2,4,13,7.56,48.13,201820.38
12.33,3,1,4.12,35.06,118660.07
11.14,4,12,8.99,42.65,150139.41
8.32,4,5,6.74,57.85,134944.01
8.58,2,8,8.67,57.04,143869.66
10.82,1,15,4.25,32.1,129357.15
13.93,2,3,2.31,38.06,132145.21
14.04,2,6,3.99,34.64,127647.6
3.43,3,13,5.1,46.01,135506.04
10.0,2,12,5.8,52.5,148480.9
8.24,1,19,5.6,38.87,113940.07
17.41,4,18,5.91,52.74,200876.96
12.63,2,1,8.58,50.06,138961.39
10.65,4,7,2.53,51.85,136965.65
2.31,2,12,3.84,58.45,104087.04
12.11,4,10,9.0,42.74,157153.06
2.34,2,12,6.04,40.28,111737.17
6.74,3,11,6.25,50.52,125703.43
2.86,4,4,5.3,54.23,106846.76
13.84,2,19,5.94,35.74,163161.82
4.13,2,6,2.78,55.4,119255.08
7.84,3,9,5.92,31.74,117512.7
17.91,3,10,9.97,30.19,163208.31
4.09,3,5,6.09,34.75,114903.45
10.16,4,13,1.4,59.36,147953.7
8.39,4,9,8.17,45.71,151422.48
0.36,3,2,4.57,31.4,78196.55
15.86,1,18,2.38,59.92,161463.49
1.38,1,1,8.76,52.35,91124.25
9.49,2,12,2.78,55.14,122621.15
11.21,1,10,9.29,36.39,140947.87
12.57,2,2,4.98,33.16,125785.37
13.77,4,9,7.69,45.45,162660.16
5.07,4,2,5.92,53.17,117883.13
0.2,1,14,3.31,49.13,76435.09
14.47,4,11,7.04,48.93,176579.7
10.71,3,11,9.62,52.71,163300.88
16.72,3,17,7.93,36.81,178187.48
16.43,1,4,6.44,49.85,132555.07
16.87,1,13,9.92,41.76,145369.43
9.7,2,7,3.39,32.09,109203.77
6.67,4,16,1.56,36.06,127771.78
15.83,2,1,1.29,53.82,138049.02
9.03,2,13,7.4,56.88,153559.13
3.67,3,1,8.47,38.48,101262.88
17.1,3,11,6.72,35.71,151080.22
17.65,3,6,9.15,30.8,161304.61
9.33,3,3,7.28,58.43,158698.26
1.51,2,12,4.34,50.52,114771.91
7.76,3,5,2.63,58.71,124056.41
16.07,4,9,9.32,55.92,181390.15
18.04,3,12,1.93,40.21,159133.25
4.07,3,10,5.89,33.38,126775.75
1.34,3,19,3.83,44.97,113921.86
17.55,1,5,3.44,30.8,127613.4
7.79,4,5,6.81,34.5,141601.18
10.84,4,9,3.08,37.0,117109.01
19.36,2,17,9.25,49.97,181626.21
1.33,2,10,4.65,45.3,84887.01
12.97,3,1,7.1,39.07,148207.13
1.48,1,16,7.55,46.94,98441.56
7.51,2,15,7.15,33.76,109124.7
16.08,2,17,9.13,52.67,172610.76
8.67,3,13,3.08,51.36,128389.28
19.94,3,1,1.77,36.5,148170.66
11.18,2,8,1.5,48.19,122600.52
6.42,2,5,8.9,45.1,128121.04
4.4,4,6,9.76,31.82,120679.57
7.01,1,14,3.72,38.34,101554.6
7.45,4,11,7.24,59.98,150486.74
1.37,2,6,1.08,32.99,72657.26
7.39,4,11,2.7,45.19,122741.86
9.28,4,13,7.2,55.48,140959.34
14.45,2,12,1.59,39.02,131208.76
13.13,3,2,5.22,37.82,142173.12
14.18,2,3,6.96,56.72,145664.75
0.17,3,4,7.89,39.14,106360.92
4.35,2,17,5.08,49.54,123964.37
13.23,2,6,6.67,52.21,138777.9
9.68,2,7,5.86,53.66,144307.34
0.11,1,15,1.47,59.84,76568.18
16.09,3,11,7.69,54.1,158211.6
15.46,1,3,2.55,49.71,130274.5
10.97,2,6,1.29,56.86,113325.49
1.33,4,2,5.06,57.17,103518.0
15.33,1,14,8.79,59.19,155571.16
11.67,3,9,2.36,53.29,137961.87
15.64,2,18,1.12,35.85,151675.82
15.03,1,19,1.99,51.29,154582.08
16.06,4,12,4.27,32.25,151803.12
10.36,1,13,6.22,39.54,113833.52
2.81,3,12,2.74,33.47,102149.23
13.42,1,12,8.22,58.5,149799.03
12.41,4,18,7.78,40.16,166490.61
14.85,4,9,7.26,51.4,171190.82
3.4,3,17,5.39,47.14,121117.88
3.9,4,16,4.29,33.23,124811.07
17.81,2,17,4.38,46.84,174168.88
15.0,4,8,5.53,49.83,175335.41
18.16,2,11,1.7,56.45,155886.25
15.17,1,2,7.14,32.1,139128.48
11.94,2,8,4.16,38.87,133572.81
13.08,2,12,3.02,50.77,149514.46
17.78,1,1,3.5,31.03,115592.35
11.58,4,13,2.62,36.11,142695.2
12.65,2,17,9.11,36.56,176666.08
3.13,4,14,2.52,50.08,104410.14
9.48,1,14,8.95,38.58,150957.48
14.33,3,16,6.15,47.99,185229.11
5.42,4,17,8.81,58.96,162396.44
4.05,4,6,5.27,53.8,106411.26
6.28,3,7,9.35,39.99,125479.98
4.83,3,1,2.9,44.17,103541.96
4.3,1,15,5.99,36.02,90421.74
8.5,4,18,2.13,30.47,141383.83
18.16,4,13,5.02,38.69,179627.65
10.14,1,2,6.13,41.08,104803.34
3.76,4,19,6.45,46.93,127160.22
1.54,2,15,4.29,58.32,121278.51
13.92,2,12,1.69,58.44,151739.09
7.66,2,15,6.9,32.1,124219.73
16.44,4,18,5.4,48.44,185502.06
13.19,2,14,2.23,31.27,129413.6
15.92,2,6,9.42,49.44,143611.99
5.44,1,12,9.6,33.53,126209.17
13.85,1,6,8.71,58.39,149901.55
5.28,3,9,8.59,55.93,141918.3
18.78,3,4,1.89,30.67,141582.24
12.73,3,17,9.94,53.46,177885.64
6.49,3,2,4.6,49.08,114508.92
5.39,1,16,2.47,44.86,113707.34
3.82,1,14,8.31,48.08,131170.35
13.89,1,8,3.03,50.35,126352.24
4.37,2,14,5.74,56.53,116494.68
11.91,2,2,2.15,53.02,117133.97
5.29,3,16,5.27,47.26,122653.9
13.24,2,4,6.02,54.74,166861.2
16.3,4,1,5.01,59.61,146723.08
15.56,1,14,1.63,39.01,162484.87
15.22,3,8,5.36,33.55,156124.49
3.75,3,3,5.22,51.94,104325.2
1.77,4,5,3.35,59.36,97937.17
13.98,2,6,9.29,33.5,145145.08
7.37,3,8,4.76,42.95,115586.32
8.65,2,6,8.78,31.87,135656.43
0.62,2,6,1.99,53.3,86411.12
5.19,4,4,3.87,58.46,136315.6
0.67,3,7,2.59,44.97,84535.9
17.58,2,19,4.68,42.29,171418.19
4.87,2,7,2.0,57.23,99627.68
11.15,4,3,4.97,34.0,129257.64
0.78,4,8,4.18,56.75,97756.23
13.34,2,1,3.01,41.76,127952.92
6.46,4,1,6.78,46.78,126482.42
17.96,2,14,9.56,45.85,179960.15
17.76,3,6,2.86,48.48,161910.65
6.51,1,10,7.41,58.26,116252.03
18.02,4,14,7.68,58.53,197540.06
19.92,1,4,5.48,54.93,166229.41
16.51,2,6,9.08,35.75,166129.93
16.9,2,16,9.7,40.01,191966.86
4.98,2,1,4.26,44.63,81423.19
11.53,1,6,6.86,57.16,122669.76
1.35,2,9,6.96,45.63,87053.94
1.9,4,15,4.63,59.32,119170.99
19.98,3,12,3.85,59.52,179870.39
6.53,3,3,9.4,47.96,131191.59
14.96,4,11,8.11,56.32,192492.14
16.13,3,15,2.03,59.98,163173.5
17.16,1,3,2.08,55.49,140864.21
19.95,2,14,9.3,49.71,202352.54
4.83,2,2,1.73,55.35,86642.21
0.81,2,4,7.2,32.48,80242.3
8.22,1,19,3.04,49.04,123701.26
2.6,1,12,1.32,36.5,61848.08
0.45,1,2,1.54,33.48,59258.22
7.21,4,17,4.36,56.79,135763.82
15.67,1,3,1.7,49.19,132785.69
11.32,3,10,6.37,37.31,137747.49
6.26,4,16,6.83,41.6,137195.88
13.09,4,9,4.36,59.2,150743.62
4.64,4,11,7.69,55.87,143461.89
0.29,1,15,5.41,30.47,88460.16
15.29,4,3,4.87,59.39,157409.93
12.47,1,16,4.66,41.06,154392.54
15.25,1,12,4.88,50.86,147398.34
0.78,4,5,9.71,51.38,117298.57
16.74,2,7,7.13,57.35,164135.89
12.39,2,9,3.84,56.55,132045.49
11.27,4,18,7.6,38.45,156173.34
12.49,2,8,3.97,49.31,130804.07
17.29,3,12,2.13,41.81,164794.38
11.74,3,2,5.28,45.77,114159.69
11.62,1,10,7.76,46.64,121078.56
19.81,2,19,4.4,41.89,171820.76
15.13,3,9,8.82,43.92,148523.69
8.85,4,8,4.48,36.25,116789.26
14.15,2,1,4.15,48.23,138746.73
7.78,3,6,9.98,52.77,136092.8
4.58,3,12,5.34,42.89,109323.92
11.94,4,19,8.25,59.33,184053.9
18.56,1,17,8.24,31.72,169497.55
18.58,4,2,9.34,47.67,192826.58
6.84,1,11,1.76,47.51,83103.17
10.55,3,18,3.44,31.09,129817.21
4.23,1,11,7.91,36.74,97558.5
19.91,3,18,6.06,57.17,201335.23
19.62,3,8,6.04,46.34,204685.7
12.99,2,15,2.5,43.09,145358.13
16.09,1,9,3.53,42.46,135017.93
14.3,1,15,5.69,56.64,140973.63
11.86,1,7,3.49,41.01,103557.8
1.07,4,13,2.89,55.78,121364.43
9.1,2,13,1.79,39.28,108940.67
13.5,2,1,2.4,45.95,118119.23
13.55,2,4,7.92,34.31,153691.95
7.46,4,4,7.47,54.75,120486.08
18.83,1,4,1.41,52.08,142317.33
3.35,1,13,2.83,45.9,83292.24
10.01,1,2,6.04,30.78,120912.28
13.82,2,15,3.9,44.44,138314.75
13.94,2,4,8.41,36.76,148065.72
12.97,3,6,8.06,42.4,132204.68
5.51,4,3,9.02,55.69,148974.91
3.12,4,7,6.07,53.09,128936.96
12.72,2,6,4.17,37.26,121448.66
11.99,3,3,6.45,59.55,149512.05
3.59,1,4,1.8,57.1,91876.6
14.1,2,10,1.09,45.86,135128.38
9.1,4,9,1.15,45.9,124442.07
13.36,4,6,4.67,57.04,155962.63
16.75,4,11,3.05,49.08,170289.88
3.39,1,7,2.42,46.1,82940.14
0.38,4,18,6.54,52.47,130727.81
15.58,1,4,9.96,37.05,134509.77
12.19,1,5,2.6,56.35,113768.76
13.99,1,4,5.92,45.94,126794.11
16.76,2,4,2.08,48.1,144047.56
16.06,1,13,9.41,32.7,141017.81
19.22,3,16,3.63,39.29,176932.65
10.72,4,14,8.91,42.8,171798.86
9.77,2,11,3.55,42.42,123915.37
8.04,4,2,8.25,53.35,139340.79
3.07,1,14,2.88,38.47,86158.39
11.45,2,7,3.64,35.46,121567.93
5.54,3,11,2.73,47.48,110186.03
18.43,1,4,3.38,48.45,140401.01
11.66,4,7,8.51,33.65,147103.84
11.86,3,16,6.75,30.07,148924.34
7.1,1,6,4.65,57.53,104941.59
1.04,3,6,9.74,32.39,90772.83
0.63,1,2,5.18,56.94,62502.74
8.47,2,8,9.73,41.98,132830.84
1.69,1,7,2.77,49.59,84407.71
12.14,2,14,9.14,35.57,166299.66
17.62,1,9,1.12,54.72,153685.47
17.66,1,15,5.91,35.41,165601.42
13.18,4,18,4.81,41.6,169235.89
4.22,3,12,5.73,37.14,115838.66
17.26,3,19,5.98,55.13,179153.72
17.72,3,13,4.5,55.75,166743.91
3.93,1,7,9.98,41.16,106669.17
14.75,1,10,9.79,39.22,142620.52
5.73,1,10,9.66,53.21,120586.35
16.05,2,2,9.81,56.36,135846.55
19.94,2,14,8.14,48.72,190222.06
0.6,4,13,9.9,57.82,122157.63
17.95,1,6,9.03,41.49,142350.86
12.45,3,9,4.74,34.56,146043.5
19.47,3,13,8.06,35.39,192884.98
9.3,4,9,9.21,50.09,154529.38
16.95,3,13,7.41,42.23,167473.12
1.25,4,5,4.81,34.69,103434.17
6.71,1,14,1.59,38.77,92292.03
1.34,3,5,8.29,45.92,103105.84
19.51,1,9,9.57,33.64,178556.28
16.34,2,8,4.26,30.1,144948.72
17.05,3,7,2.37,57.52,158103.16
18.76,2,8,3.94,39.15,151666.82
1.7,3,3,6.24,36.64,92799.82
7.71,1,15,3.85,50.95,121042.17
1.42,4,8,6.5,55.6,105715.34
4.22,1,1,9.7,48.97,112035.21
4.59,1,7,7.04,37.63,92194.95
9.38,1,19,4.26,55.85,132699.68
5.37,3,2,9.42,45.31,127542.93
2.02,4,14,6.09,41.44,118653.54
3.35,2,18,2.16,48.14,115746.5
2.95,1,15,5.49,51.02,103793.45
19.46,3,14,6.88,47.81,188395.11
15.19,2,19,8.54,57.61,181833.68
19.36,1,19,9.43,48.84,190365.12
8.79,2,17,3.86,56.36,142023.22
5.57,1,19,2.4,47.61,120292.63
15.97,2,16,1.66,39.89,158728.27
6.53,2,19,7.65,45.97,128587.56
5.99,4,1,8.16,32.59,132757.01
4.65,4,19,4.68,36.91,114601.06
2.59,1,7,4.56,52.99,82745.75
5.13,3,11,9.59,49.84,133325.69
7.11,4,5,9.25,35.0,121511.17
13.48,2,17,3.1,43.14,149086.17
1.25,4,11,8.03,34.26,122115.48
4.21,4,8,6.6,55.67,121364.49
16.18,1,10,2.39,33.28,136157.95
2.94,4,12,4.21,49.63,127568.58
6.85,4,10,2.6,48.21,106953.17
17.29,2,13,3.66,44.18,159476.02
3.1,4,18,6.54,38.35,133913.76
1.65,2,10,4.38,42.12,82638.36
9.69,4,19,4.55,54.19,148049.21
6.05,4,17,5.86,52.85,138809.59
11.27,3,16,1.79,52.16,142639.28
16.08,4,5,7.65,52.49,165492.63
2.74,2,3,4.62,34.32,88032.04
11.61,2,15,5.32,32.97,141674.45
10.11,1,2,9.77,55.84,132428.54
2.88,1,13,4.1,55.12,111463.77
12.48,3,8,6.83,50.44,158096.04
5.47,2,17,4.53,48.18,123911.3
9.76,2,4,9.05,41.01,116429.1
1.65,2,19,8.62,36.72,126880.36
9.19,3,9,3.17,50.03,141472.11
6.13,2,15,7.23,57.39,130098.88
16.45,1,9,1.59,43.11,125511.89
1.14,3,9,9.67,39.1,118158.29
8.37,1,14,4.14,38.12,95769.1
9.17,1,16,8.49,30.71,133473.41
14.5,3,17,3.87,45.61,176870.78
11.49,4,13,6.69,59.65,163539.78
13.34,4,9,9.85,54.46,178084.49
15.54,1,15,8.89,56.92,168808.61
17.24,4,7,2.44,48.63,173556.77
6.28,2,1,5.93,44.44,103675.13
10.76,3,1,4.14,59.71,127381.89
16.8,1,5,4.91,43.41,123951.15
19.79,2,9,4.02,57.5,170400.95
17.79,4,12,4.02,52.86,178961.99
7.43,2,6,5.88,39.93,91985.33
3.9,4,13,2.73,45.09,107775.86
9.79,1,8,5.84,41.53,111449.66
14.83,2,15,3.51,34.09,139432.46
9.85,3,6,3.6,40.7,123277.39
9.66,1,6,7.65,56.67,125837.54
16.76,2,4,1.27,52.58,138519.45
7.23,2,11,4.43,38.33,136457.39
17.2,4,18,4.67,41.04,177891.46
8.14,1,3,5.37,48.49,96695.16
6.56,1,3,7.02,42.48,116733.99
9.08,1,12,4.33,45.09,132485.81
15.25,1,6,2.92,50.95,121400.78
2.52,4,6,8.96,44.02,132114.77
3.93,3,8,9.83,35.73,100599.41
19.03,1,15,1.18,45.62,181668.49
3.51,4,18,5.92,40.68,148964.09
11.35,3,16,4.08,38.72,150324.51
11.59,3,6,3.49,39.84,138331.21
9.79,4,17,4.02,43.17,154756.23
12.89,1,9,6.75,56.6,135038.21
4.6,3,19,2.72,52.02,137002.96
11.05,1,18,9.22,50.04,165440.03
7.44,1,5,5.2,44.14,95655.29
13.23,2,6,3.93,30.05,124431.35
2.82,1,12,7.89,40.22,88743.68
11.42,2,11,1.15,54.4,128332.95
3.71,3,16,4.89,41.65,115628.09
5.57,4,17,4.2,46.91,148366.82
4.37,2,9,4.04,36.14,113207.96
3.66,4,1,4.03,57.48,98329.24
16.51,3,3,1.28,57.7,154940.13
5.71,1,9,2.37,34.38,97451.38
18.54,3,19,2.28,51.72,161884.51
19.4,4,13,9.9,32.26,204565.23
11.43,3,14,1.2,47.96,123496.31
2.86,1,19,2.5,35.36,88018.66
7.49,3,7,9.77,34.37,121942.05
15.95,1,4,6.65,30.12,117132.16
7.35,2,12,5.06,58.23,138710.04
1.74,4,14,1.71,54.88,103104.69
11.14,1,2,7.03,32.32,108822.88
16.9,1,1,2.24,47.98,127752.77
15.92,3,18,7.04,36.99,181719.48
3.5,2,8,9.81,37.92,100721.52
13.46,1,3,5.79,56.23,136671.88
4.41,2,6,2.93,33.43,85825.72
4.36,2,13,6.63,48.04,106780.87
17.48,3,9,5.62,42.04,175498.75
4.99,1,9,5.8,35.72,117514.87
5.26,3,9,5.3,43.56,118286.87
0.01,4,15,7.06,58.21,118760.91
17.41,4,13,6.15,53.45,178963.16
15.85,1,16,9.88,33.96,170102.38
12.55,2,2,8.43,55.48,142361.28
15.01,1,14,3.38,58.12,137606.46
3.04,1,6,7.53,38.31,73981.88
9.17,4,2,2.93,40.0,124265.44
7.02,4,8,8.04,33.79,120462.23
1.88,2,4,2.33,40.35,72634.61
9.72,2,14,5.26,50.19,153060.64
18.41,1,11,8.12,38.16,153276.48
0.8,3,14,3.52,30.2,104406.97
5.83,1,12,8.53,40.16,104785.23
4.15,2,16,6.8,43.6,127539.84
4.76,3,6,4.58,46.99,115031.55
18.17,4,1,4.81,50.51,170746.18
9.36,2,12,9.33,31.85,129287.47
9.33,2,7,2.96,44.09,121099.47
15.21,3,8,7.24,37.99,161308.08
3.09,2,9,7.37,58.44,132055.29
9.75,2,2,9.3,40.8,120126.31
8.6,2,17,7.42,33.0,147516.02
11.94,2,13,6.26,31.24,128649.56
19.99,2,5,9.12,37.96,167425.86
15.39,2,10,8.46,35.37,149240.57
7.96,2,12,7.45,49.49,127974.8
16.55,2,17,1.29,55.41,157714.56
3.41,4,6,4.36,39.38,121847.58
0.61,2,3,6.69,47.33,91231.42
4.09,4,15,5.7,51.91,146251.99
6.81,4,7,3.87,41.95,122477.59
10.21,1,6,2.3,31.99,113568.14
12.3,1,4,5.98,36.88,121849.1
18.21,4,19,3.57,56.49,184421.67
10.2,4,5,3.1,54.73,147506.54
10.03,2,3,4.59,32.6,125510.93
1.0,1,9,8.07,36.72,94470.11
0.7,3,6,5.39,53.07,106811.25
11.02,1,13,2.95,44.58,135518.09
8.76,4,4,2.05,52.8,122909.7
16.78,4,2,5.49,36.33,149594.03
3.21,2,4,8.15,58.58,112219.71
0.5,2,8,6.88,53.51,114642.44
8.98,1,13,3.09,35.92,113664.8
4.75,2,10,4.93,46.75,114463.17
0.99,3,18,8.7,33.39,118504.13
14.49,3,9,2.6,40.84,146631.82
2.23,2,1,5.79,49.79,83407.75
12.17,3,13,4.21,39.9,150218.4
5.62,3,18,2.12,49.7,133466.05
3.47,1,15,1.45,37.34,72373.63
7.6,3,2,6.0,51.64,106195.33
16.03,4,11,1.19,40.79,139031.11
7.84,4,14,1.93,53.71,151772.32
15.02,1,15,4.13,34.1,130748.22
2.51,2,14,1.39,40.86,95160.89
15.46,1,16,4.6,43.92,167442.88
4.74,2,15,2.17,42.72,108657.44
13.55,2,19,4.15,42.99,157777.38
11.32,2,9,8.12,43.34,132364.63
18.58,2,5,6.64,59.66,170907.58
7.75,2,5,5.01,35.79,97458.02
1.32,1,11,1.83,53.06,62769.56
0.38,2,4,6.57,46.55,87049.73
16.54,3,18,2.47,42.41,168981.43
10.49,3,3,1.69,49.01,114765.78
15.5,2,4,6.98,55.61,145284.14
4.69,3,14,9.21,44.0,131244.93
6.9,4,7,5.15,55.94,126247.38
0.6,1,8,1.37,32.81,70344.19
19.23,1,16,8.92,49.59,184952.15
13.36,2,15,1.6,40.0,153015.84
18.66,2,7,8.81,41.6,164824.91
5.31,4,17,4.53,47.13,136582.35
12.23,2,12,4.29,44.4,139717.29
13.57,3,18,5.89,41.45,159932.28
6.35,4,14,9.61,39.25,127035.23
16.96,3,15,9.09,48.55,190328.36
18.94,1,15,5.23,45.17,187903.74
17.7,3,5,7.26,39.7,173918.83
14.78,1,16,6.22,36.15,167453.23
5.55,3,5,7.24,53.23,131005.62
5.63,1,2,8.46,53.99,104397.17
19.27,2,9,1.31,36.41,154722.8
0.21,3,9,3.93,37.85,99741.94
14.32,1,4,9.63,37.17,122766.49
14.12,3,15,9.54,56.54,184348.53
12.45,4,11,1.1,53.22,147245.76
19.8,2,1,2.81,32.24,156040.64
6.24,1,18,9.94,54.98,140995.39
6.8,4,1,5.44,31.11,87953.76
1.58,3,8,6.16,37.6,103979.39
8.86,4,16,2.5,57.57,127083.55
5.22,3,18,9.05,55.93,159737.0
6.87,2,9,3.08,53.44,105257.71
16.69,4,12,2.71,43.73,155441.98
18.71,2,19,3.05,39.64,160608.78
3.71,1,18,9.28,56.45,116974.88
7.45,3,5,7.33,49.71,126576.59
18.57,3,2,7.92,38.87,155870.1
1.24,2,7,4.39,43.9,83564.35
1.85,2,10,9.18,56.45,98736.33
3.26,1,15,8.1,57.1,113872.68
11.9,4,7,7.76,49.78,172498.56
3.01,3,5,9.74,51.98,114255.65
19.36,3,15,4.3,31.18,178664.36
8.93,1,15,6.5,48.14,117239.55
10.03,1,10,9.19,50.67,141821.39
4.93,2,14,8.12,30.61,127768.19
9.42,2,10,6.07,55.32,148798.06
13.24,4,17,1.69,57.85,166442.61
15.02,1,14,6.87,37.14,155001.18
15.08,4,2,5.74,55.37,147408.2
11.56,1,16,2.66,49.97,127352.75
18.09,3,13,8.94,47.42,178377.22
16.35,1,9,4.09,55.29,150091.76
15.14,1,7,4.49,38.57,126527.81
1.11,3,16,7.05,53.73,127334.01
0.14,1,10,5.4,39.44,104151.52
4.25,4,9,1.8,53.62,120933.97
13.27,2,7,4.49,43.53,148925.2
8.22,2,16,1.85,33.51,103355.04
8.05,4,9,2.72,41.45,125715.86
17.69,3,17,1.06,37.0,164131.61
17.91,1,7,2.63,33.02,135199.01
18.18,4,11,3.97,33.31,188243.72
6.28,2,8,5.84,53.4,109904.35
13.82,2,7,9.27,56.44,161057.16
5.43,4,19,5.86,57.81,124441.74
3.81,2,12,7.35,55.62,123356.01
3.69,4,7,4.22,54.91,122440.4
6.84,2,8,7.76,32.07,114172.66
8.6,4,7,6.58,53.7,147454.13
16.62,1,6,5.14,53.5,139994.72
2.4,1,9,2.74,33.94,64077.21
14.7,1,13,3.73,49.86,132534.41
10.63,1,7,6.59,43.58,114043.89
5.76,2,8,4.83,57.0,101115.83
9.86,3,17,9.0,50.86,148051.91
6.0,4,17,3.11,58.53,131800.22
11.92,3,16,1.66,33.15,133672.33
8.68,2,2,6.3,31.22,109547.8
3.29,2,8,8.97,59.21,105440.43
2.33,3,17,4.28,32.41,98538.9
10.93,3,13,6.83,41.59,142374.15
18.05,2,18,3.08,49.5,173559.53
6.88,2,10,6.03,56.4,112844.89
14.66,4,2,8.08,37.64,151529.41
13.17,1,2,8.8,30.87,135262.69
18.63,1,14,1.95,45.64,144235.69
16.42,4,16,4.21,44.13,163894.48
11.33,3,7,6.76,39.21,138830.03
13.14,2,12,1.31,56.22,130296.35
17.97,3,14,7.22,52.48,157137.91
7.99,1,4,5.75,55.74,113080.62
6.54,1,4,3.6,34.85,97064.37
0.22,3,18,8.33,50.77,122023.15
16.53,1,3,3.61,59.25,149513.96
16.02,2,1,9.92,48.36,161965.63
2.09,4,17,8.35,35.14,119919.83
11.54,3,7,7.37,59.87,173195.84
9.28,2,16,1.55,45.85,127911.21
2.37,2,5,9.14,55.2,112292.02
19.61,1,19,8.11,34.48,166582.7
4.29,2,7,3.06,49.98,82392.31
1.34,3,14,4.53,57.38,101824.76
11.9,2,2,3.42,45.96,129022.12
14.78,4,3,9.86,38.66,181623.45
0.65,2,17,8.69,33.82,109957.62
13.17,2,16,9.37,38.88,161177.91
10.65,4,8,8.1,40.65,160875.91
2.07,2,18,5.11,51.3,126043.61
3.45,2,15,2.85,35.36,84007.3
11.36,1,7,2.87,33.18,125427.02
5.93,3,9,2.37,41.61,105303.21
18.77,1,6,5.92,43.76,162544.4
16.37,3,18,9.28,48.85,178087.77
19.67,4,18,9.93,51.23,223411.91
5.19,4,14,3.59,56.68,118532.98
19.39,4,14,7.28,38.67,202952.82
8.62,3,14,6.37,45.86,147982.94
6.95,3,4,5.4,40.98,98772.96
1.01,3,4,6.99,30.04,102779.18
1.06,4,15,4.34,47.38,105679.71
13.84,3,15,9.5,54.47,189028.09
9.16,2,18,7.35,31.09,138672.81
4.53,1,14,7.79,30.1,93074.83
12.28,4,1,3.18,51.83,127948.1
5.06,1,10,2.52,50.52,135066.25
11.55,2,10,4.55,42.18,155018.99
7.18,3,10,7.9,49.85,134254.15
16.47,1,2,9.45,58.6,158778.84
16.41,2,8,4.85,37.44,158941.88
9.55,2,1,7.97,37.38,105360.39
7.02,1,1,5.23,35.59,97959.38
7.25,4,4,3.66,51.72,133707.43
16.11,1,7,7.65,40.6,149833.61
6.56,4,9,8.18,59.66,160045.67
4.18,3,16,2.83,51.44,120447.62
1.69,4,5,3.75,41.02,109078.27
9.33,3,2,5.45,34.48,120295.22
9.64,1,11,2.68,47.76,99650.05
16.82,3,18,9.36,38.85,195164.39
4.42,2,19,6.32,57.17,142767.22
7.62,3,13,2.09,43.24,120360.83
16.17,4,11,2.66,38.78,147140.09
16.47,4,19,9.59,47.66,207666.51
7.69,4,17,7.64,34.11,151418.82
9.18,3,5,7.61,46.85,137452.22
6.07,4,13,1.65,31.68,118452.2
18.65,4,1,9.06,48.21,189457.89
2.37,2,10,4.99,45.9,101304.18
18.67,3,8,6.94,45.62,169574.6
13.68,2,8,9.64,50.52,140730.78
10.63,4,19,1.9,31.33,139777.69
0.65,4,6,5.34,43.79,110625.75
9.51,4,12,1.45,43.32,130700.2
8.15,3,7,5.5,43.79,134582.8
3.22,1,16,3.27,59.4,90264.39
13.13,4,9,9.2,34.18,152584.11
19.42,4,10,4.59,50.71,173110.81
11.24,4,10,6.7,42.06,154473.36
14.3,4,10,8.74,45.35,191004.05
1.37,3,16,9.85,52.87,151914.63
8.35,1,1,5.53,34.72,107452.5
2.33,1,17,5.1,52.91,84988.81
12.26,1,14,1.68,32.11,111602.79
18.77,4,19,1.11,44.5,150783.66
13.24,4,17,6.48,52.26,177662.97
1.54,1,14,1.59,35.78,94048.86
7.09,1,8,4.42,53.13,116362.34
11.01,4,9,1.03,35.0,112497.96
8.06,4,8,6.54,53.98,156743.57
16.67,2,13,4.83,44.07,170754.56
16.29,2,17,2.14,50.54,173804.1
12.24,2,19,3.67,57.52,164300.59
7.47,1,7,6.13,42.25,102622.44
5.11,3,17,6.91,36.99,110603.39
2.12,4,1,5.16,56.01,117169.74
7.1,2,5,8.24,34.85,121788.96
8.26,3,6,2.01,48.94,96842.52
13.52,4,2,1.76,57.7,133554.39
13.16,3,16,1.4,50.23,140601.25
1.4,1,5,5.82,35.87,83785.93
7.91,1,5,7.36,34.57,106318.26
3.64,1,12,2.17,37.57,83214.15
3.14,2,3,6.75,41.74,89972.86
16.55,4,16,5.29,34.77,164192.47
0.84,1,6,9.89,53.93,106632.55
8.38,2,15,7.46,40.71,127493.05
3.36,2,15,6.92,58.08,133373.14
17.59,2,16,6.13,55.27,162455.54
11.14,2,13,9.98,57.26,153704.69
4.63,1,12,9.82,38.83,133048.57
10.05,2,10,5.84,47.21,134675.49
14.63,1,14,5.1,39.64,137725.13
19.16,1,2,5.16,37.71,135699.91
4.41,2,3,4.86,48.21,88113.29
17.72,1,9,5.78,54.54,161549.2
18.69,4,11,3.46,32.81,179021.04
18.33,4,11,9.34,38.27,191486.44
12.71,3,10,5.41,36.15,143554.2
12.6,4,14,8.58,53.95,182110.8
8.06,1,9,5.28,58.0,104545.05
15.05,1,10,7.46,32.4,145565.63
10.63,4,9,4.03,41.38,145134.08
13.55,2,5,6.62,57.44,148956.0
8.57,2,8,5.49,40.34,113349.94
14.63,1,11,4.3,51.38,133871.29
16.49,2,1,8.93,33.02,133761.45
2.93,3,10,2.01,43.33,113129.74
16.66,3,1,5.38,45.1,150274.04
10.81,4,7,2.75,52.73,136098.69
16.89,4,14,8.75,38.66,180941.83
8.63,2,5,3.28,37.93,97245.71
7.58,1,17,6.7,39.09,118113.33
18.3,4,6,2.49,46.67,177122.82
5.02,3,16,4.64,56.28,135983.39
16.88,4,11,9.09,54.93,199068.69
9.68,4,10,2.49,31.74,138667.43
10.28,3,15,6.97,56.37,178716.55
6.17,1,7,2.84,32.85,88403.08
11.46,4,2,4.74,42.46,132018.94
6.5,4,12,5.87,52.96,144466.39
0.79,4,19,6.2,32.45,124938.26
5.44,2,12,6.42,31.21,110293.23
0.13,4,16,6.76,39.9,107804.17
19.57,3,6,3.45,51.9,169414.99
19.31,1,3,4.61,45.65,151867.95
7.9,1,2,1.34,42.51,91348.94
14.57,3,5,7.92,54.39,142345.81
6.92,2,11,8.53,53.0,116365.92
13.42,3,3,2.79,53.58,144525.34
16.11,1,3,2.81,43.79,123546.18
18.94,3,5,1.38,30.58,168912.95
8.0,2,11,9.73,35.16,144711.01
15.67,1,3,8.26,52.24,133396.08
5.32,2,13,4.25,52.6,126076.02
19.81,3,8,5.34,59.17,196828.36
0.52,4,10,3.63,35.71,93344.74
12.07,3,2,6.38,33.69,130390.02
13.19,2,4,7.46,34.16,128729.28
13.76,3,18,5.03,35.54,147667.85
2.41,4,19,8.86,45.85,155414.85
18.77,2,4,5.65,59.26,137770.51
3.62,3,9,2.3,47.68,95985.16
12.46,2,16,6.6,45.68,148237.87
4.45,2,6,5.16,50.2,104966.55
6.14,1,4,9.42,32.22,90552.45
10.93,1,9,4.53,54.46,139577.48
8.34,2,13,4.63,49.41,109097.04
3.2,3,9,6.86,35.14,90244.08
3.42,3,6,5.74,48.92,108944.8
8.36,3,19,4.37,47.89,130135.32
15.15,4,14,9.91,31.95,181356.92
17.96,2,15,3.72,38.01,153099.23
1.68,2,3,3.5,41.73,86661.57
7.86,4,5,8.78,37.35,126682.5
2.0,2,18,1.03,37.29,107203.65
0.33,2,14,2.81,47.19,96649.54
13.23,4,16,6.31,44.13,162361.49
12.05,1,14,2.46,50.02,135833.97
3.26,2,9,9.87,58.69,122964.5
4.68,4,15,5.18,49.82,141501.75
0.47,3,7,6.38,47.46,105251.33
16.7,1,14,2.44,55.43,154432.12
19.49,3,6,3.6,48.96,166916.07
2.71,2,15,6.53,34.97,115459.79
4.63,1,8,5.95,39.44,107783.15
17.37,4,2,8.06,52.0,176016.66
18.53,2,8,3.42,52.15,164523.62
8.39,4,1,6.88,59.61,146893.54
1.01,1,17,3.62,48.81,108880.03
0.79,3,19,6.28,56.99,137308.08
11.48,2,5,6.45,31.64,134869.1
7.86,2,16,2.1,46.99,117073.38
0.57,4,7,5.94,57.6,98274.27
11.67,1,7,1.11,38.62,113384.16
0.23,4,18,5.51,34.65,119277.31
15.75,1,18,7.28,40.52,156111.08
6.13,2,2,1.66,53.77,82022.17
0.81,1,15,9.45,32.54,114894.28
11.77,2,14,5.13,48.01,147715.6
7.95,1,18,9.45,34.07,120104.01
19.48,3,9,1.97,43.07,161566.98
10.88,1,14,9.55,58.98,137236.07
5.5,3,5,1.98,35.85,104212.46
14.19,1,11,5.15,31.02,150726.56
5.43,1,8,9.44,42.82,109592.97
18.08,4,5,3.09,47.33,163863.16
7.49,4,11,1.31,38.93,119116.85
11.0,2,5,8.14,46.25,132786.03
1.01,4,17,6.36,58.6,122176.48
8.52,1,4,5.63,39.35,118462.56
16.65,4,15,1.31,39.28,166608.04
16.11,1,19,6.88,44.48,164464.5
4.49,3,2,2.54,45.46,93048.52
4.52,1,17,9.38,30.04,102020.16
16.35,2,12,7.17,48.48,174521.0
18.61,3,17,7.36,59.92,210211.74
1.91,2,10,3.09,38.76,68673.98
9.0,2,18,8.93,48.92,157341.67
6.75,2,19,5.84,30.14,132708.95
17.41,4,18,8.71,48.13,211703.3
1.67,2,13,3.44,43.41,106258.25
4.22,3,14,7.8,45.91,154599.97
15.05,1,16,6.17,46.32,157871.95
1.03,2,18,1.44,35.31,98991.91
9.85,3,18,4.65,53.1,151020.92
8.84,2,16,2.66,46.66,118637.84
6.69,1,17,4.23,38.11,119085.43
7.89,3,7,4.45,58.12,138414.94
10.6,3,12,5.27,30.38,138827.77
3.23,1,2,6.4,51.78,72403.84
11.44,3,10,6.14,41.44,129405.03
16.11,1,5,1.35,45.68,134498.48
15.2,3,3,7.76,38.75,148296.76
3.08,3,19,9.54,39.64,136819.67
2.98,1,13,4.14,30.45,91908.76
5.36,1,12,2.62,51.9,100110.62
7.22,3,3,5.86,51.32,118067.15
8.17,3,6,7.34,49.63,131221.8
13.59,1,14,7.11,56.34,158790.37
1.13,4,4,6.51,57.04,115380.39
0.69,1,13,2.32,46.69,72579.01
7.84,3,19,8.53,50.54,154571.11
13.94,3,18,4.83,30.33,145822.78
3.87,3,3,2.99,55.39,105793.18
12.83,1,6,1.78,54.49,116240.32
5.2,3,16,4.75,30.61,125539.12
17.72,4,3,6.56,46.28,167810.25
17.91,2,12,6.99,57.2,186660.29
5.95,4,19,9.66,35.44,164328.29
4.6,1,19,2.38,40.58,106766.19
8.23,3,4,9.87,39.93,128813.58
4.81,1,1,6.89,40.68,80384.91
13.45,2,2,5.09,31.26,133299.5
16.52,1,13,8.99,38.37,159089.75
13.46,3,13,7.25,38.85,159002.67
16.49,2,2,4.14,55.98,141467.45
7.94,2,19,8.96,40.56,129583.49
3.13,3,16,7.0,43.42,133957.06
14.76,3,12,7.29,41.42,162768.61
7.21,3,1,9.07,33.62,99728.09
13.43,1,9,5.04,59.71,138783.97
5.41,4,17,6.91,54.77,133728.37
1.62,1,10,7.7,46.23,101622.57
19.85,1,18,5.09,44.29,176338.43
3.12,4,19,1.75,49.48,138070.7
19.77,3,7,7.94,39.79,162533.18
19.55,3,19,1.43,31.51,185099.76
15.88,4,15,7.46,42.13,186647.24
13.19,4,9,9.2,59.52,161938.0
11.56,1,10,4.12,35.47,137598.1
17.32,2,4,1.92,45.83,138714.78
5.79,4,6,3.1,30.26,96657.96
9.35,1,4,6.06,33.66,116822.4
12.39,2,5,9.48,47.62,134421.82
8.22,3,9,5.61,38.92,138250.29
8.55,3,12,2.01,57.17,128908.53
6.61,1,8,6.65,42.19,103973.24
11.28,1,5,7.6,36.24,108529.45
17.01,4,11,4.54,46.37,162912.59
4.03,3,11,7.49,53.85,127632.41
18.69,1,13,3.92,30.58,132924.15
13.78,3,14,8.1,45.17,173907.5
16.47,3,8,4.07,53.2,155424.07
11.12,4,18,3.3,33.11,146000.09
15.59,2,19,8.91,57.08,187972.86
0.32,4,12,5.94,37.94,106031.85
16.37,1,12,3.57,35.12,152034.47
0.8,4,18,9.42,47.68,113793.74
17.8,4,10,7.22,35.25,185476.04
19.84,3,7,2.99,50.39,168252.34
5.88,4,18,6.53,44.7,137893.46
4.21,1,12,8.83,33.3,115464.42
15.31,2,14,7.27,57.37,174580.79
5.06,4,15,3.2,50.2,131732.08
17.31,4,16,6.84,46.38,186422.99
2.06,2,2,6.57,41.23,80505.16
2.52,1,18,8.39,34.05,96472.67
19.58,1,12,2.6,51.23,171413.83
13.48,4,16,7.3,54.41,187269.44
16.94,3,13,1.25,33.77,157563.81
6.49,4,17,7.27,44.84,143391.62
13.53,2,18,9.64,44.55,188662.13
11.88,2,3,2.57,40.5,109052.02
12.06,2,10,3.8,53.68,133716.51
13.65,4,1,6.25,32.99,161462.62
11.51,4,6,7.59,36.15,147354.6
8.58,1,3,4.1,30.05,111528.16
5.52,3,19,6.98,41.19,139889.54
15.37,4,4,9.09,38.74,160986.93
4.53,1,3,7.54,56.01,99265.7
13.85,4,8,7.4,52.37,160605.06
4.67,1,8,4.44,32.53,95180.25
12.51,1,7,9.2,52.23,154478.23
14.94,3,2,3.5,50.26,147058.24
4.37,4,6,2.85,38.45,109101.84
1.2,1,16,4.28,30.46,74469.08
2.62,2,10,6.85,33.45,109693.48
12.12,2,4,8.76,37.5,143893.15
16.99,2,13,2.19,54.5,160052.1
0.9,3,10,8.32,43.96,106538.37
14.68,1,14,8.32,57.55,161893.31
6.83,3,9,6.28,53.67,121390.61
9.57,4,11,7.85,38.61,134883.21
18.58,4,18,2.64,55.36,185901.5
6.64,1,11,2.53,33.5,86787.17
9.31,2,17,8.77,31.08,135487.96
0.27,1,2,5.48,48.26,67793.16
1.63,1,3,3.21,40.25,68014.09
5.17,1,11,7.2,39.88,105287.48
0.56,3,18,9.03,50.62,95085.4
12.63,4,3,6.69,55.5,158313.27
8.53,1,15,4.13,39.67,118137.78
10.96,1,11,5.35,39.75,133885.72
3.49,1,11,7.77,46.02,102652.71
5.92,3,11,1.61,49.6,124639.19
13.28,3,19,2.95,36.09,150982.68
19.31,3,1,5.16,57.38,170304.94
1.01,1,5,6.44,49.63,74492.75
17.81,2,10,4.05,48.75,170126.45
11.54,2,10,3.69,57.13,149769.96
11.28,2,14,1.37,57.22,153673.07
10.01,4,2,1.29,34.07,110511.37
1.39,1,4,3.51,34.35,72549.28
1.8,2,2,5.77,52.86,75545.06
12.02,2,18,6.01,58.71,139575.85
6.82,2,13,5.45,50.0,129747.49
18.35,1,19,4.69,42.34,163989.58
8.13,2,5,3.27,50.5,98240.31
2.87,2,2,4.61,36.86,84504.75
14.29,1,11,2.25,59.94,147729.93
5.87,4,18,2.04,42.93,130677.54
10.51,3,6,3.7,57.95,147396.16
13.96,2,10,9.96,42.92,151555.45
18.01,3,17,3.94,57.84,193086.08
15.84,4,11,9.43,40.07,176357.19
13.53,4,19,4.53,52.82,186909.76
13.59,2,17,4.95,58.53,147277.05
18.92,1,4,8.17,49.38,161191.73
5.92,4,14,1.84,50.33,129643.84
0.02,3,4,2.64,33.09,79325.88
5.44,3,14,9.76,44.23,134649.15
4.36,3,4,5.55,56.6,116709.17
13.24,3,6,1.4,37.23,126773.9
12.67,4,9,1.43,53.65,142035.83
11.87,2,12,9.17,50.27,168248.98
0.32,2,8,8.86,36.69,95005.45
14.58,3,4,5.13,38.48,127782.57
6.47,2,5,2.47,42.83,91472.54
13.3,3,6,8.47,33.75,163013.97
11.13,3,5,3.92,57.4,127404.98
6.85,1,19,4.77,52.18,129731.86
2.69,4,8,7.14,40.95,109722.0
1.89,4,9,4.18,38.99,90708.2
16.63,3,15,6.66,50.69,183143.79
18.37,4,4,8.97,42.73,176451.89
13.0,2,9,8.18,36.88,160337.45
2.07,3,7,4.43,42.9,108785.93
8.04,1,8,3.59,56.14,123658.5
14.58,2,15,3.57,32.06,154213.88
15.6,1,19,4.14,41.05,158718.13
2.36,1,15,5.44,58.87,92059.5
0.0,4,5,4.75,30.44,86633.52
14.24,4,19,2.2,56.72,179130.42
7.13,3,7,2.47,41.25,108159.45
5.09,4,6,4.09,35.69,111160.4
0.26,1,19,6.06,30.45,98178.34
10.81,1,17,6.33,32.12,142344.29
17.02,2,10,5.38,35.16,143571.37
19.15,1,19,7.65,30.76,178139.03
11.31,3,11,7.64,40.08,154352.67
10.29,3,15,4.85,31.35,127987.56
1.7,4,10,2.12,50.77,101482.82
10.98,4,11,5.77,54.57,158505.0
7.6,4,3,4.43,56.62,142409.43
12.14,3,3,2.24,46.47,122884.14
7.77,1,18,9.84,58.4,148981.37
4.81,4,11,4.33,30.17,127479.67
1.9,2,18,6.63,34.02,126050.85
6.3,4,15,5.41,38.79,137592.72
1.93,3,7,2.29,53.67,74726.66
3.54,4,10,1.5,56.56,123166.42
19.75,1,10,6.63,48.54,168265.39
8.88,4,13,3.22,41.5,128997.26
10.64,3,15,3.19,49.98,150726.72
17.47,3,18,9.61,35.43,206094.64
19.91,2,4,5.16,43.74,161071.39
11.65,3,17,1.26,45.23,126306.7
16.25,2,3,4.06,33.15,148687.65
6.54,1,2,6.26,31.02,91671.09
6.11,3,4,3.96,52.5,119707.91
8.05,4,1,1.24,46.04,113082.02
13.45,1,15,5.0,39.97,143842.25
13.64,4,1,1.95,43.12,142150.07
6.3,4,6,6.57,58.73,143371.52
2.66,4,7,6.58,41.55,115125.97
12.65,1,19,1.34,33.1,120057.62
2.57,1,12,3.62,43.91,91004.89
11.57,3,1,4.72,49.44,138555.03
13.87,4,7,5.95,30.36,143476.54
14.01,2,19,3.66,39.97,140461.26
15.07,3,13,3.59,41.81,168779.92
17.46,1,12,9.85,43.91,184241.7
10.0,2,12,1.38,39.05,118036.0
14.6,1,13,9.9,50.01,166640.19
12.38,2,14,1.43,58.34,143751.57
3.73,3,12,3.6,57.42,94627.0
0.51,2,12,5.44,49.93,99417.99
5.69,3,6,2.29,45.21,119895.36
8.86,1,10,2.21,54.77,100727.02
12.34,2,9,3.31,55.08,123669.6
17.0,4,2,9.76,54.89,172421.55
3.92,4,7,4.42,34.74,104089.15
2.51,1,9,6.09,30.76,91878.75
19.27,2,12,7.34,59.5,196048.57
2.16,4,5,7.68,58.79,133550.17
9.57,3,1,7.19,46.93,135361.54
11.71,2,15,4.03,59.79,131427.25
10.83,2,8,2.01,53.12,107933.01
1.72,4,1,3.54,45.52,101091.42
1.14,3,18,2.89,41.68,89210.22
2.11,3,13,2.23,47.79,108064.66
11.71,3,1,1.22,45.47,121520.42
10.89,2,5,9.42,59.81,140584.62
4.67,1,18,9.29,44.71,98460.27
12.76,2,16,1.45,55.08,144939.82
16.4,2,10,2.56,54.41,156601.61
0.83,4,4,2.26,32.14,78602.86
9.96,1,1,3.53,32.61,85329.16
13.79,3,8,2.84,49.79,147485.2
5.05,4,5,9.51,37.77,112586.96
6.16,2,2,1.76,49.73,99925.78
12.27,1,17,2.91,34.34,139033.96
17.96,3,7,1.73,41.91,132868.99
16.2,3,17,9.82,33.07,175020.04
11.66,2,6,9.27,38.46,138191.29
14.6,3,15,7.45,32.65,163397.27
7.3,3,5,4.83,59.12,115955.82
12.82,1,15,2.71,41.85,117475.31
9.32,4,18,2.99,57.04,149191.18
3.8,1,18,4.99,59.14,121165.73
14.03,4,6,7.91,57.29,175229.29
11.13,4,2,3.38,43.65,137316.28
7.17,4,17,3.8,53.37,156774.47
18.23,3,4,6.4,34.61,148937.72
0.42,1,12,3.14,32.84,69736.15
6.32,3,19,6.26,56.31,142840.91
1.14,2,2,4.48,30.93,43645.04
15.33,1,2,1.31,59.17,128077.46
14.04,4,14,4.62,50.16,167826.87
6.63,3,15,9.28,42.59,130766.0
13.51,3,2,3.64,34.24,137800.61
7.92,1,4,3.91,51.7,111320.96
15.13,1,19,1.59,46.89,149225.67
9.08,4,9,6.54,51.33,130019.59
8.25,4,7,8.64,42.54,132950.67
18.69,2,13,4.18,31.99,161841.57
5.02,4,12,3.16,39.45,113911.98
2.41,3,3,9.61,39.45,104381.34
11.69,2,13,7.71,30.26,129499.07
19.39,2,15,6.1,30.29,171421.94
7.56,2,14,3.75,39.92,133485.76
1.24,1,9,2.99,51.83,84576.22
6.79,4,13,7.44,48.72,155042.62
10.12,2,4,5.7,37.17,126924.23
3.24,1,8,5.69,48.08,90469.57
13.16,1,3,1.66,49.42,112993.39
19.95,2,2,5.61,45.68,173194.78
9.03,2,19,8.4,45.64,155998.95
7.09,3,8,9.52,41.09,143096.79
8.01,2,17,1.96,33.7,117953.71
2.3,3,13,6.68,41.56,109615.85
17.67,2,7,6.12,40.36,152984.79
8.3,2,9,9.01,47.76,147376.88
7.75,4,12,7.76,55.69,152101.34
13.19,2,14,9.69,41.26,171944.41
8.84,2,14,9.64,51.29,160980.94
12.96,3,15,3.03,54.35,163835.72
1.23,3,3,7.53,36.35,102212.92
16.27,4,15,5.77,57.05,202415.79
18.81,2,19,2.93,32.11,156135.12
12.98,2,14,2.75,57.05,141565.64
19.09,3,8,1.73,34.91,142415.46
3.03,1,5,8.16,40.12,77177.4
9.55,1,19,3.92,48.16,130090.3
12.04,1,4,8.71,57.17,139553.66
11.63,3,14,6.47,37.67,154852.57
8.03,3,16,7.06,52.91,140785.83
6.76,1,6,3.63,51.31,96447.97
2.54,1,6,5.12,34.79,88355.89
7.83,2,3,4.71,44.38,93558.86
3.25,3,15,3.12,44.45,111225.8
14.69,3,3,8.49,39.14,165355.67
4.18,1,11,6.6,53.4,105045.54
1.17,1,3,1.34,57.78,65873.28
11.05,4,10,8.38,51.5,174503.98
11.9,3,18,1.95,59.19,139938.38
17.44,4,1,4.63,31.51,144869.59
11.54,2,16,6.14,31.12,132484.75
6.91,4,16,1.07,56.82,142195.08
16.06,1,10,6.88,56.93,140295.91
10.81,3,1,6.94,33.21,138477.27
1.59,3,4,6.87,40.72,97056.21
11.32,4,3,2.47,55.06,147170.55
18.16,4,5,3.3,33.86,171382.62
7.93,2,12,3.23,38.02,106539.58
5.93,2,12,9.64,50.43,132026.19
2.87,1,13,1.61,59.46,91248.58
3.03,1,12,4.86,53.91,98994.83
8.66,1,16,8.84,53.32,134109.34
11.91,4,13,7.93,40.28,174211.56
1.61,4,5,8.4,49.84,114214.71
18.79,3,4,9.75,33.39,167772.43
15.1,1,15,4.49,59.77,165486.23
11.73,4,12,3.79,44.42,158861.09
16.57,3,19,1.28,49.16,170060.47
1.6,1,19,2.35,56.29,94184.17
9.54,2,11,6.06,30.03,138482.09
12.6,2,6,2.42,59.28,121735.53
16.57,4,9,7.63,40.77,185783.69
15.67,3,1,1.34,40.19,138541.24
5.54,2,12,3.34,34.35,90683.64
18.82,3,14,7.26,55.75,190659.47
2.49,3,6,3.3,56.13,87701.39
17.5,2,1,7.56,30.6,142008.04
19.42,3,2,9.96,31.67,173201.02
3.54,2,11,8.17,57.55,109825.64
14.44,4,3,4.08,33.69,119860.07
0.81,1,10,9.11,48.63,96575.2
8.11,1,6,1.46,48.59,100256.0
10.33,4,6,7.53,56.09,149154.05
11.61,2,2,1.21,47.18,112517.24
18.72,2,10,2.57,43.02,153302.0
13.45,2,6,9.89,59.23,147883.91
9.63,2,17,4.25,36.86,150649.54
16.19,4,14,8.38,37.88,185038.13
19.01,1,5,4.38,32.54,136710.21
0.44,3,17,8.56,59.26,118327.97
19.65,3,2,9.69,51.19,176288.33
1.72,1,9,4.92,30.36,74681.9
16.29,4,12,6.03,51.13,179199.61
5.61,3,19,6.66,42.12,147424.15
2.64,1,7,9.41,59.03,98782.46
8.8,4,9,3.31,38.32,131558.59
12.88,3,16,6.5,51.31,172670.93
7.62,2,11,3.92,48.82,112416.63
1.09,2,12,2.95,30.36,75607.22
11.99,4,15,1.76,56.56,140936.95
18.05,2,18,6.59,34.19,188857.75
7.66,4,19,8.94,49.91,168006.62
4.33,1,16,4.16,53.27,102723.65
8.85,1,15,5.97,48.93,122155.3
0.97,3,5,6.78,32.91,81849.52
16.41,4,11,4.73,59.26,179533.25
16.53,3,15,9.13,37.1,175128.42
11.76,3,18,4.26,48.84,146078.55
7.06,1,13,2.13,53.92,101363.81
16.0,3,4,2.3,58.18,157216.94
11.09,2,17,9.02,48.12,153173.93
16.52,3,4,9.89,37.77,152356.07
12.63,4,16,3.6,55.1,165514.4
15.69,2,15,2.29,34.9,138715.59
11.97,1,14,5.34,30.67,134699.73
8.28,4,12,7.39,57.24,168980.19
19.16,2,3,6.51,47.26,140926.9
10.82,4,10,9.56,32.09,147944.24
12.1,2,8,8.36,47.39,146568.27
4.41,4,6,8.82,34.35,121511.94
12.51,4,14,5.88,30.94,168666.38
11.43,2,17,3.95,33.5,135619.89
3.7,1,19,7.32,53.25,121904.05
1.19,1,16,4.95,52.67,102264.61
12.09,4,15,3.59,48.13,150874.45
15.27,4,15,2.37,36.28,165998.58
10.47,1,1,5.75,52.17,118764.97
4.54,1,12,6.35,42.24,105339.28
13.33,3,10,6.12,45.32,134162.64
1.6,1,14,2.05,56.93,82409.85
8.84,4,10,6.13,43.74,144461.46
3.27,2,10,2.52,48.79,95060.8
3.69,1,11,6.97,58.85,117093.12
4.05,3,16,4.86,43.54,128117.48
7.73,3,9,8.64,46.82,141210.69
1.02,3,15,8.0,47.53,125942.69
7.96,2,14,7.52,37.22,134993.4
10.23,1,19,7.31,52.11,140147.33
9.67,1,9,6.04,51.8,124138.01
7.66,1,4,1.55,36.41,76487.58
16.78,2,7,6.9,30.4,164463.96
2.91,2,8,5.2,59.97,92672.48
10.11,4,8,5.23,47.45,123016.41
1.24,3,19,4.41,35.43,129619.04
1.42,3,15,9.36,38.51,118602.31
11.48,1,16,3.25,48.53,140858.88
11.32,2,9,3.85,34.13,130723.15
17.56,2,12,9.67,31.12,179257.97
11.16,1,16,8.29,53.95,154392.58
19.2,1,4,1.13,51.48,145875.14
0.97,4,5,9.15,39.29,87104.45
1.96,3,8,3.04,31.75,79201.27
0.88,3,1,7.35,44.59,67101.04
3.71,3,6,5.98,38.29,96698.71
10.83,4,15,5.83,41.93,150931.73
12.91,1,4,7.46,38.22,125973.4
0.91,1,11,2.86,35.26,64892.4
18.92,3,5,2.43,41.61,151751.92
16.84,3,18,6.87,58.95,183269.36
5.93,4,15,3.62,37.99,131522.2
1.54,2,18,9.77,40.08,126102.41
3.4,2,13,5.06,39.88,106362.49
2.54,3,5,2.0,44.41,96176.11
2.47,4,1,7.17,55.31,114440.69
10.37,3,18,3.76,42.06,156653.1
4.92,2,14,2.34,54.18,129413.34
7.16,3,5,4.81,33.45,86830.01
19.79,2,6,9.68,56.85,192950.08
13.69,2,16,4.7,35.56,133737.32
18.98,2,12,4.13,31.18,159742.47
2.85,1,18,5.0,34.75,101395.14
7.64,1,2,1.11,35.72,88843.89
11.09,3,13,2.2,45.26,136590.49
1.54,2,17,8.65,43.5,115282.13
0.08,1,17,9.8,51.48,112414.01
13.41,3,16,2.42,31.53,141202.01
12.84,3,18,5.82,44.93,143275.58
8.22,3,8,9.7,39.97,137923.64
9.79,3,3,2.41,48.92,111871.53
8.31,3,17,2.68,31.31,118078.46
0.48,4,18,9.34,31.05,115152.79
6.71,2,6,7.35,42.82,95579.53
3.54,3,8,2.37,54.34,100443.06
1.97,4,13,4.54,50.13,118072.63
19.13,2,8,1.51,30.5,151987.62
11.99,1,19,4.89,35.35,130900.7
14.57,3,6,8.0,36.8,169471.98
6.31,4,15,5.99,42.69,144869.8
7.86,1,10,6.83,47.6,107522.58
4.74,4,17,3.94,36.49,121642.12
1.94,2,1,2.45,41.48,93568.09
3.58,2,7,1.12,47.52,95535.36
15.95,1,13,8.39,41.5,151959.24
13.55,4,3,6.73,34.3,156967.44
10.94,3,19,3.06,44.75,135208.74
9.5,3,15,4.77,39.72,133138.05
18.45,1,5,8.21,55.93,138597.09
1.45,1,11,5.85,53.27,100535.12
5.61,1,18,3.7,35.71,94750.92
7.0,4,3,3.4,34.58,111192.77
15.65,3,6,2.96,40.43,129220.44
19.85,3,3,8.41,42.37,176328.65
4.81,3,5,6.24,57.96,117702.58
17.49,1,9,7.38,39.05,138377.77
16.61,3,19,8.74,56.03,188413.46
4.49,2,13,9.88,45.16,127029.47
7.99,1,6,3.25,56.57,111418.82
8.19,3,11,2.63,51.06,142520.52
19.56,4,14,5.16,51.25,204536.19
3.62,1,6,1.32,45.56,71249.73
15.98,2,6,8.13,55.21,153841.1
6.68,2,17,8.95,37.63,119606.91
14.62,4,11,7.17,57.22,167005.58
8.4,4,15,3.41,49.1,151489.94
11.57,1,9,2.11,43.16,99783.45
16.65,1,17,4.44,59.47,161610.4
16.08,2,7,8.5,55.86,161248.02
17.33,4,7,4.13,53.16,163207.18
1.19,1,1,1.31,38.22,44279.62
13.84,2,8,3.47,59.21,124432.21
2.8,4,5,9.91,52.29,113639.07
8.32,2,19,7.09,48.16,142282.76
10.97,3,8,9.11,57.65,162013.72
8.05,4,17,7.97,34.87,167192.56
10.39,1,19,5.86,34.17,136071.06
19.93,1,12,2.34,46.91,162120.17
2.7,3,15,4.14,31.7,121663.65
13.51,4,4,6.25,49.92,159140.56
7.92,2,12,8.84,37.22,140629.06
2.66,1,13,3.42,33.57,81384.49
3.17,3,14,2.09,42.28,112327.02
18.99,3,5,6.03,43.98,169619.54
17.59,4,16,2.59,35.11,169272.49
18.14,4,7,6.49,31.25,185638.18
19.83,1,15,3.37,42.42,149117.62
4.17,3,13,3.08,52.79,107195.02
7.11,2,16,4.59,56.23,142102.07
13.38,3,12,6.34,32.93,160728.41
9.68,2,7,5.91,45.74,125924.88
8.37,2,16,3.2,37.9,125426.98
7.16,1,13,9.02,41.24,128978.4
11.88,3,3,1.99,58.0,134621.05
11.51,2,15,1.36,40.56,131305.78
3.23,4,3,6.42,40.96,100765.17
9.43,2,7,2.11,36.28,121094.44
11.07,4,18,5.54,58.8,167269.56
11.41,4,14,9.57,43.69,159262.37
4.2,3,18,7.29,47.11,134567.09
14.85,4,19,6.56,43.6,184782.69
0.5,2,14,6.17,37.59,100283.0
7.1,4,6,2.62,54.31,134118.15
15.6,3,8,4.89,30.85,144727.49
11.28,1,7,4.08,50.71,120561.65
5.22,2,18,9.58,47.83,128100.57
13.9,2,18,3.18,34.33,147640.29
11.35,3,15,5.24,34.98,136524.3
15.92,3,19,9.44,49.78,183516.85
14.7,3,2,8.1,39.36,159626.49
12.2,3,8,9.68,37.97,154201.41
9.76,2,11,6.47,31.77,141112.13
2.66,1,18,4.0,52.99,115931.24
5.23,4,13,8.44,56.48,148123.7
8.38,4,9,3.62,54.6,140732.05
11.99,1,9,2.48,43.98,116498.36
10.27,1,17,7.36,46.02,150114.85
5.76,1,7,6.75,37.27,104071.95
0.13,3,9,8.91,35.19,111437.2
9.92,2,1,9.66,54.69,127047.48
5.71,2,2,8.71,53.95,101358.84
14.69,2,4,1.54,53.32,137072.2
0.48,3,14,6.98,43.9,116835.88
11.7,2,4,8.06,55.94,141693.51
18.83,3,2,9.84,57.79,186509.66
3.49,2,8,4.37,39.85,86473.76
9.43,1,18,2.53,36.74,128082.16
1.83,4,19,8.68,43.93,147524.08
12.51,4,14,3.86,35.38,162522.87
11.01,3,10,6.38,56.52,151693.71
8.15,2,17,4.51,40.14,139551.2
10.43,4,8,4.62,47.29,131786.87
17.93,1,14,7.59,47.84,173158.03
3.93,1,8,4.25,45.45,98352.69
0.45,1,5,7.24,34.7,81378.49
17.23,3,16,1.13,59.73,160781.37
11.54,3,8,3.92,35.18,133817.48
17.81,2,10,3.87,52.55,157578.46
11.94,1,8,7.74,53.74,118270.62
16.2,2,9,3.83,34.35,131206.25
8.59,2,18,6.7,57.99,158083.74
15.0,1,3,7.2,44.63,132416.19
18.26,2,17,6.93,48.87,190315.36
11.44,4,15,6.43,49.27,175628.07
3.62,3,17,4.72,45.15,126167.2
5.38,2,8,4.36,34.26,93569.06
3.97,1,2,6.08,52.55,100853.98
4.94,3,17,1.57,47.45,119830.9
6.13,3,18,8.88,33.56,139387.26
11.1,2,5,8.43,51.01,129582.97
11.76,4,9,4.12,51.08,145425.34
8.53,2,9,6.1,46.45,116180.84
12.31,4,2,9.39,32.72,158353.34
1.63,3,2,3.44,40.58,99493.54
1.76,2,19,7.68,31.53,119570.07
3.44,1,3,1.74,44.33,75633.28
10.36,2,17,5.71,57.19,145605.58
4.28,4,14,8.96,30.07,136784.7
5.67,4,14,5.97,38.0,128387.72
8.01,2,14,6.55,54.0,135348.12
16.24,4,6,9.17,30.3,160388.78
0.28,3,3,7.44,30.31,93582.72
12.99,2,1,7.26,48.32,142410.15
13.38,4,16,6.28,53.68,184269.04
15.97,2,4,6.7,53.3,158208.59
18.66,2,1,8.23,53.39,168393.65
0.4,1,17,9.81,40.83,94527.2
3.08,2,18,8.16,56.48,117160.58
17.72,1,8,7.37,30.39,151500.29
9.17,4,2,2.22,39.37,129033.01
11.29,1,18,8.35,40.12,142613.92
13.26,1,16,7.62,34.97,145453.68
13.58,1,10,7.93,40.09,141330.35
18.63,3,8,3.08,47.58,145134.22
19.94,1,12,9.13,45.61,178357.37
14.4,2,16,1.88,39.58,137532.08
5.74,1,12,3.28,52.48,111175.94
17.6,2,11,6.97,51.44,169190.31
0.98,1,19,7.06,38.42,99045.79
4.62,3,1,3.82,39.7,93719.87
17.95,4,3,7.31,38.63,166274.5
5.12,1,12,4.49,33.87,83286.73
4.41,1,9,1.0,52.58,97982.03
2.76,3,5,2.46,31.39,79295.5
17.18,1,1,8.94,34.52,137640.82
10.0,2,10,3.0,33.16,117387.62
13.5,1,17,2.02,54.76,129764.59
4.78,1,4,7.14,31.32,85214.06
15.16,4,15,4.97,49.94,194176.65
15.2,4,19,8.17,31.33,184842.86
6.25,1,8,8.75,53.59,109485.48
8.21,3,15,8.61,57.38,133073.62
4.19,4,7,3.82,44.61,123043.06
19.53,1,15,5.55,54.14,162221.92
12.91,4,8,6.85,51.19,156369.49
18.69,1,10,3.9,53.87,152229.24
6.07,4,18,1.37,53.0,124750.86
15.64,4,4,5.46,36.16,154252.37
15.32,2,15,1.12,44.99,140094.06
13.83,1,11,9.56,58.81,164017.43
19.31,1,3,8.17,40.31,155820.09
7.87,1,15,2.73,59.11,134047.28
2.61,1,3,3.59,47.49,91992.77
13.43,4,15,9.85,43.85,170149.35
14.59,2,6,4.36,49.73,138026.8
11.5,2,1,8.05,54.48,156445.99
4.14,3,14,5.02,41.83,105937.98
10.09,1,16,8.78,30.99,142157.63
6.24,3,1,7.33,51.26,123588.6
8.55,4,17,1.21,58.69,136168.9
12.9,3,8,3.65,48.75,134933.82
14.9,1,18,6.02,35.65,168958.63
4.64,2,16,9.34,37.45,143557.84
8.11,2,6,1.92,57.29,116126.25
5.38,1,10,6.41,30.41,85105.7
3.97,4,10,3.72,46.46,129849.08
15.67,1,5,9.0,34.76,128658.64
18.19,4,12,7.89,38.48,192793.25
7.4,2,17,4.33,39.21,107512.65
15.03,4,14,2.5,36.58,158979.53
17.94,1,14,1.1,53.77,159805.16
16.92,1,3,6.59,39.97,111690.12
3.66,1,12,4.66,40.36,89488.9
19.13,4,18,3.83,43.59,190330.0
7.53,4,12,9.87,57.07,154835.3
6.78,4,2,5.2,50.65,116336.94
1.25,2,2,7.75,31.85,81831.66
9.72,3,17,2.6,31.18,142148.19
2.18,3,10,1.12,46.99,108269.77
4.97,1,18,4.76,56.61,124513.5
6.34,2,19,6.99,39.7,146210.75
16.18,4,1,5.56,37.43,148253.04
17.51,1,4,9.01,52.45,163272.39
6.05,2,4,4.91,48.06,94757.65
17.17,1,2,3.8,46.95,163879.58
17.14,2,19,9.24,34.48,179052.78
15.29,2,12,4.66,35.28,154836.23
2.93,3,10,3.43,38.45,82618.27
13.81,1,13,1.88,36.21,134278.61
18.9,4,15,8.14,59.14,205229.95
13.65,3,3,8.43,30.56,148300.92
6.63,3,13,1.3,48.78,118454.95
10.01,4,8,4.23,45.53,138295.79
12.91,2,7,7.75,39.7,138171.95
10.21,4,8,9.52,56.63,160815.2
2.4,1,18,4.4,50.1,117532.52
6.24,4,9,8.85,59.95,143312.05
16.05,2,6,4.54,35.06,162939.81
17.23,4,4,2.62,32.64,151691.59
2.75,2,15,1.03,34.18,103667.68
19.05,2,5,3.97,38.08,162084.45
6.58,1,5,4.41,42.5,80642.07
13.25,4,7,9.51,55.88,158423.64
15.04,4,9,2.85,38.51,146681.48
16.24,1,7,4.44,57.46,130067.74
18.91,2,9,1.23,43.89,146652.13
6.26,4,10,7.87,49.41,140636.37
17.17,1,4,9.24,37.93,155841.54
2.63,2,6,3.14,34.68,84102.08
14.1,1,14,4.86,56.08,148080.39
14.84,4,9,2.1,33.29,158035.26
13.55,1,1,5.11,53.22,134561.57
5.05,3,17,2.2,47.43,139078.6
17.46,2,13,5.71,55.83,172257.17
3.38,3,7,7.61,51.53,92500.97
1.07,3,9,5.98,38.45,103227.99
14.35,2,11,3.21,47.23,165824.85
9.51,2,3,4.18,30.39,116546.51
16.98,1,12,6.75,44.26,168850.58
7.67,2,3,6.31,32.58,107333.67
3.37,3,15,2.23,42.87,117220.75
16.73,3,10,8.6,33.29,181452.47
10.98,4,1,5.28,58.66,139232.57
3.78,2,14,2.46,45.69,97357.82
14.41,3,6,2.11,57.4,150192.34
10.22,4,2,9.69,30.67,149987.1
12.09,4,8,3.53,49.13,119957.6
9.22,1,1,9.18,39.21,111560.42
16.57,3,4,4.7,42.95,132325.41
16.59,1,4,4.47,56.19,140655.43
14.19,3,5,7.31,59.4,176772.65
2.11,1,9,1.09,37.39,65656.15
16.78,1,13,4.04,58.45,153099.68
13.42,2,18,3.72,50.66,159802.73
13.94,1,17,8.81,58.54,174909.64
7.26,2,1,5.76,46.87,116822.13
17.59,4,15,4.28,58.82,187470.28
14.51,3,2,3.39,56.77,149305.37
2.25,4,16,6.31,33.86,126145.71
8.16,3,5,2.37,39.32,103841.81
17.73,4,19,3.22,37.29,162193.45
0.94,3,5,3.64,47.16,80814.51
19.23,1,2,6.47,54.08,168756.17
13.58,3,7,4.36,52.78,170434.19
12.63,3,3,5.55,51.8,140657.28
5.41,4,17,6.85,41.26,154337.35
4.98,4,3,9.61,34.19,119343.25
18.84,4,13,7.88,36.32,192164.35
5.97,2,7,4.65,52.25,104286.84
15.51,2,3,7.73,34.43,153102.36
7.86,3,15,9.55,36.69,138549.53
2.79,3,18,5.49,42.74,111065.76
0.21,1,10,4.69,32.16,74489.84
10.89,1,7,1.7,36.38,113505.14
19.52,3,9,9.03,34.49,181539.36
7.38,2,5,3.22,58.54,107264.18
7.14,3,8,1.58,35.75,98178.36
6.88,1,14,5.83,55.85,105089.45
10.41,2,4,8.61,33.44,121642.24
8.81,2,14,4.66,56.09,132748.3
17.6,1,12,8.05,47.98,170067.1
10.11,3,2,8.53,55.49,129098.87
10.16,4,13,5.09,56.02,162081.63
2.77,3,1,6.32,47.89,93529.53
19.65,3,7,5.81,57.53,174162.5
5.0,1,9,9.45,47.56,126125.04
1.47,2,17,7.53,51.38,90872.77
13.26,1,13,9.33,42.48,137508.87
11.91,3,10,2.98,57.42,144737.05
8.3,4,16,3.79,54.72,147900.78
8.44,4,6,1.64,35.0,100170.89
15.7,4,16,5.5,47.29,174006.38
3.91,1,11,8.87,56.9,124785.51
16.41,2,3,3.94,53.79,133212.79
12.97,1,9,2.15,58.88,140109.2
8.38,4,15,1.62,36.94,124173.55
9.16,3,13,5.03,41.02,117007.45
5.13,2,10,2.48,45.22,109759.1
15.04,1,13,4.11,36.98,141010.91
10.26,1,17,8.38,41.82,125920.75
6.42,2,7,4.46,46.13,103172.94
11.92,2,6,6.49,35.74,147270.24
19.91,3,13,5.52,37.7,185150.92
8.71,2,17,7.47,33.75,146747.88
18.41,3,15,2.41,51.4,161689.31
6.9,4,4,9.28,40.85,146129.32
1.09,4,15,6.79,36.61,103321.16
4.08,1,14,3.44,45.22,84341.79
8.37,4,11,2.11,32.05,132698.39
4.39,4,4,2.35,57.7,98153.68
0.0,3,3,8.04,38.83,107242.68
18.3,1,2,6.29,56.59,138851.96
16.88,2,10,4.43,44.93,144534.5
14.85,1,13,4.0,55.5,158155.67
3.36,4,18,8.7,37.41,131029.08
2.41,2,16,8.87,35.26,121828.28
1.35,1,11,6.23,55.48,85209.77
14.48,1,10,5.72,36.39,133512.88
18.58,1,9,8.35,52.39,174450.31
8.61,1,12,7.74,40.34,115386.43
2.38,3,19,4.6,52.45,132290.21
10.25,1,1,1.74,57.23,100737.21
6.98,4,18,7.92,59.45,161581.54
7.5,4,14,2.52,40.79,120911.44
12.43,3,1,1.15,41.03,111457.9
14.37,2,17,8.59,59.44,166046.01
2.21,2,11,6.2,55.85,101794.33
0.71,4,15,9.02,31.35,135560.61
19.89,4,4,5.36,47.2,188439.95
4.65,3,15,9.34,35.44,135369.92
1.08,2,14,4.19,59.82,97187.68
3.8,2,1,7.52,34.17,83915.18
0.78,1,9,3.71,46.78,69437.33
7.84,1,7,1.01,49.96,94815.93
16.05,1,11,4.42,58.11,153802.51
6.82,3,2,7.64,55.42,131070.82
8.88,4,2,2.35,37.37,116415.73
13.51,3,6,5.54,47.18,152920.44
10.18,2,19,2.91,58.61,152607.33
17.23,4,14,1.67,52.07,169248.7
17.32,1,3,6.56,50.65,157762.9
0.2,3,7,9.57,52.65,100482.16
15.56,3,7,3.8,39.68,153834.13
9.21,1,4,6.23,51.88,115794.55
19.78,3,5,9.58,36.99,179600.36
9.66,1,17,6.85,42.84,130465.14
19.74,2,4,7.06,56.7,182947.88
15.09,4,13,2.61,30.57,148938.82
4.97,2,16,5.43,42.43,131278.21
10.77,2,16,4.3,38.0,148925.48
19.84,1,2,5.24,35.96,148576.65
17.15,3,18,8.21,55.16,188675.03
1.95,2,1,5.15,50.89,77797.97
14.13,2,18,1.57,33.38,120952.5
6.91,2,8,9.15,44.83,130911.72
0.14,3,11,5.9,44.01,89657.25
8.07,3,15,9.32,34.28,134162.91
4.7,1,16,6.15,53.99,121740.44
16.38,2,17,1.63,41.0,148090.98
6.75,4,17,5.98,52.86,151018.98
16.55,3,12,6.18,35.76,169233.61
0.01,1,10,2.93,39.45,87608.12
6.16,2,6,5.24,32.86,103756.62
4.82,4,8,5.13,34.3,110354.18
4.67,3,13,6.61,56.5,129500.01
1.36,4,2,3.34,33.27,81322.51
3.74,3,19,6.24,32.87,141410.66
11.11,1,10,3.17,58.21,129777.67
5.83,4,4,5.02,49.38,126898.14
8.35,2,12,2.1,33.03,123743.4
7.54,2,18,1.34,59.15,118255.72
17.52,3,7,3.89,34.41,139169.86
18.11,2,4,3.47,52.99,151105.14
9.86,4,7,4.66,31.05,117209.81
6.6,1,10,9.66,48.74,118643.08
2.14,3,15,5.7,46.4,93555.68
19.07,4,12,5.98,36.24,168811.24
1.2,3,1,9.47,49.29,115617.88
5.95,1,18,9.29,48.51,134985.16
5.96,3,16,8.96,53.95,163668.11
6.41,2,5,1.88,56.28,102604.69
3.29,2,19,6.71,45.3,119725.23
15.66,3,4,8.27,44.71,161980.76
2.45,1,6,8.52,48.65,132571.09
12.7,1,17,6.2,51.88,159360.19
2.48,2,7,1.16,40.69,71816.58
1.41,1,7,9.76,45.14,100076.15
18.19,3,9,5.25,47.55,171305.89
3.8,4,13,4.54,59.65,137372.11
16.43,3,14,4.55,47.63,186911.51
10.89,2,16,4.82,36.73,142263.1
1.56,2,9,3.18,47.64,85379.66
19.11,2,15,3.95,54.58,192709.85
4.94,1,5,9.87,55.72,99663.87
17.19,3,18,4.31,54.01,177004.33
3.38,4,8,5.74,56.65,132064.1
17.08,3,15,8.63,40.04,172835.84
0.26,4,9,5.75,45.23,105894.66
10.24,3,19,3.92,53.39,144883.31
15.39,2,6,5.71,37.93,142280.04
18.7,4,4,2.03,41.15,152441.7
18.18,3,11,2.17,54.93,168004.14
16.39,1,10,7.25,53.1,153565.95
17.76,1,3,9.26,59.14,174167.15
3.98,3,1,7.53,59.88,117825.49
5.68,2,12,1.67,37.22,107741.77
5.78,4,15,4.63,57.01,141445.52
7.54,3,15,1.02,32.84,111806.78
7.87,1,14,5.6,51.29,126263.25
10.89,4,7,2.74,36.6,134610.37
3.2,1,17,8.81,39.01,88020.88
13.82,1,19,1.94,58.39,147147.13
3.35,3,7,1.01,37.89,96610.91
6.21,1,3,5.06,50.2,90442.3
10.07,4,3,2.4,35.34,130311.44
15.93,2,18,7.64,32.8,169597.64
14.79,3,14,9.28,40.18,168117.72
12.91,4,3,1.38,48.73,142057.05
3.12,3,7,4.56,37.44,95675.83
10.94,1,7,9.97,39.01,134448.15
1.75,1,5,7.59,51.26,88309.59
7.55,4,3,9.58,33.08,137457.11
8.27,4,18,2.48,43.41,154683.39
0.8,2,15,2.99,58.25,95426.69
5.48,4,14,2.39,41.91,132075.79
19.11,4,4,3.72,43.03,164139.31
19.07,3,8,7.52,52.15,178010.82
7.05,1,13,2.48,53.37,105872.25
0.86,4,8,5.72,53.09,94266.36
3.58,2,15,3.42,59.94,118067.83
7.84,4,17,8.46,32.14,153177.94
18.96,1,5,1.06,59.47,145863.67
2.82,4,4,3.01,58.51,123118.08
15.27,3,11,6.45,55.56,185351.06
2.17,1,18,1.87,43.62,104197.15
19.63,4,10,5.2,56.13,186801.29
7.63,3,17,4.93,36.62,130258.88
15.5,1,15,8.67,53.75,155230.15
6.85,4,6,6.63,35.56,126689.95
12.55,3,16,6.76,54.46,165798.43
3.84,2,15,9.57,48.44,132162.48
2.92,3,8,9.84,32.94,102987.42
18.76,2,9,6.88,56.86,169873.97
18.35,4,11,5.7,47.34,165725.72
17.75,3,2,6.47,49.69,155094.69
12.51,2,13,4.44,38.51,147039.65
16.17,1,4,9.89,56.15,145383.07
1.38,3,9,7.35,46.36,125676.32
6.7,4,5,3.62,42.63,128546.14
6.27,1,19,1.52,46.03,114182.58
12.71,2,3,1.4,51.1,134444.18
7.12,3,3,2.84,50.85,109724.65
2.97,3,6,3.1,40.73,87157.61
11.93,4,10,4.74,41.56,148743.05
16.29,1,5,2.93,46.87,115696.68
7.64,3,3,6.68,57.73,139877.95
2.65,3,7,2.9,52.36,96477.94
3.93,1,18,2.69,41.71,92111.88
4.75,3,8,5.24,40.11,104382.1
6.0,1,1,9.0,45.71,103506.17
12.86,1,4,5.21,56.1,130313.95
12.02,1,7,4.72,30.26,114418.7
13.92,4,14,6.2,51.31,171446.75
7.25,1,13,3.31,38.84,111360.21
16.48,1,10,4.18,36.25,128601.8
4.08,2,18,2.92,30.36,105534.55
9.38,2,1,6.15,56.9,118732.36
16.02,4,4,7.28,57.37,152608.41
3.6,1,16,7.06,31.84,92690.78
2.2,2,16,3.29,45.65,93576.55
17.67,2,18,8.02,34.58,191737.77
6.86,3,8,3.3,52.76,124250.48
13.68,1,10,2.35,49.96,132458.79
0.51,2,16,4.15,38.91,89059.97
13.8,4,11,6.38,33.51,154473.76
6.32,3,6,2.28,54.94,100761.67
1.11,3,1,6.83,50.23,92307.31
12.2,1,12,8.77,30.2,149946.25
4.82,1,6,3.64,48.84,78416.0
7.74,3,13,5.05,54.31,130890.32
1.61,4,17,3.05,47.72,126234.24
2.94,1,1,4.25,42.74,84632.58
5.96,1,8,1.2,47.52,83984.75
1.8,3,8,9.58,48.59,127864.42
18.22,3,11,4.74,49.2,167848.69
0.12,1,14,8.1,59.01,91796.34
9.68,2,10,2.28,35.36,129223.03
2.46,1,15,8.31,48.69,110559.39
6.15,2,7,8.74,35.64,113479.59
18.52,3,7,7.44,36.3,170800.3
3.23,2,10,9.13,50.08,106661.82
19.32,4,4,2.5,57.48,165901.18
4.12,3,18,5.29,34.77,135083.24
14.83,1,10,6.58,58.87,170096.56
10.93,1,19,6.37,39.58,127990.28
17.69,3,14,8.75,41.74,178982.53
11.08,3,13,2.94,34.61,133992.22
10.69,4,15,2.58,48.48,151251.6
3.91,3,16,3.28,47.89,107920.31
3.32,1,2,9.02,43.27,99508.65
18.33,4,4,9.47,44.28,189128.12
6.56,1,18,6.13,48.69,132454.82
7.44,2,17,5.51,47.5,139080.71
15.2,3,10,6.45,41.23,160557.58
6.78,2,9,6.55,56.52,134413.46
19.04,1,15,2.53,50.03,164718.79
14.76,2,12,7.18,36.16,137809.66
11.95,2,9,5.07,39.6,117537.94
17.62,1,14,5.66,53.64,166344.84
0.99,1,13,1.27,33.14,84713.09
5.14,3,6,7.88,52.51,127921.98
9.3,2,19,8.52,40.77,153525.26
4.54,4,4,6.57,46.55,108567.14
14.88,4,17,7.74,38.42,180109.76
18.38,1,19,5.7,59.59,188367.62
8.48,1,3,6.57,57.18,119142.87
6.84,2,14,4.55,57.85,127997.21
19.23,1,17,8.13,35.54,178517.55
8.9,4,13,5.21,55.25,152622.27
9.78,3,9,7.12,46.06,152765.96
7.03,3,1,6.59,51.24,121286.35
18.19,2,17,7.32,36.53,174181.46
11.38,3,16,8.07,51.36,152923.42
15.24,1,18,5.61,57.43,173675.16
16.24,1,2,8.32,38.02,130505.35
6.84,1,14,5.48,37.0,113649.05
8.67,1,17,9.61,33.13,141600.45
16.97,2,3,7.77,38.0,168595.34
7.27,3,2,2.54,46.07,108984.43
15.88,4,8,8.47,54.98,194317.26
18.82,3,2,5.96,38.36,159628.12
12.46,1,2,9.86,48.63,129150.17
14.83,4,9,7.47,44.39,197096.37
16.1,2,6,1.76,38.66,121834.15
16.9,1,12,4.55,45.31,179135.73
7.9,1,9,5.66,35.04,123873.81
1.03,4,7,8.55,49.19,111100.08
8.04,2,12,7.56,33.47,132075.85
13.48,4,5,4.32,51.93,138360.39
9.01,2,16,6.88,35.33,140266.73
14.98,1,5,6.19,59.94,147187.03
7.14,3,12,2.13,54.71,132981.85
12.69,1,9,3.11,40.32,117738.54
3.73,3,7,4.07,42.79,104607.2
14.99,3,19,2.76,37.78,164378.22
10.91,2,11,2.35,53.01,124831.38
4.08,4,12,1.52,41.42,125668.35
5.84,2,3,8.86,52.66,118055.83
14.97,1,17,3.6,30.55,142909.93
9.65,4,7,3.61,34.07,120653.29
4.32,3,10,2.86,40.95,88811.88
19.35,3,15,5.28,33.27,162887.64
14.3,1,2,5.63,48.03,135074.6
19.14,4,13,2.87,31.52,164553.96
8.54,1,4,6.48,55.79,122785.02
9.5,1,18,7.51,52.84,158496.06
17.96,2,1,4.36,36.49,148383.71
10.5,1,2,6.27,44.51,118331.13
14.15,4,2,5.52,43.55,156478.48
5.04,1,4,2.76,51.75,99366.84
8.93,4,3,7.57,42.05,139088.24
2.47,3,17,8.21,30.99,126146.2
4.12,1,14,6.84,38.21,99447.7
0.02,4,2,3.92,43.99,79051.48
0.79,3,16,9.34,59.23,123724.05
19.55,4,11,5.1,56.43,186931.19
4.85,3,13,3.39,35.44,107116.46
13.27,2,1,4.67,51.7,141902.76
16.78,1,2,7.23,58.1,121708.75
11.01,1,2,8.61,30.26,113887.56
3.06,3,5,4.21,51.63,109626.09
14.56,2,4,3.09,43.78,138487.81
12.01,4,12,6.64,50.41,154949.64
14.63,2,3,9.29,48.17,168343.87
15.39,4,10,2.65,59.54,152461.11
19.51,4,18,8.23,38.66,197546.91
11.47,1,10,5.29,53.58,128447.32
6.83,3,1,8.2,37.04,112739.22
12.97,1,6,5.55,43.07,140657.9
1.37,1,11,4.4,59.26,92953.45
17.95,1,2,7.27,52.98,154293.59
2.39,4,7,9.11,39.47,127897.91
6.56,1,18,3.88,48.58,110768.95
16.31,4,19,5.15,31.49,175397.91
11.95,3,4,3.06,37.99,142735.41
