Study_Hours,Attendance,Assignments_Completed,Internal_Marks,Result
4.37,69.68,6,25.79,1
9.56,73.67,3,34.34,1
7.59,92.73,1,11.61,1
6.39,67.0,4,40.48,1
2.4,93.48,2,13.98,0
2.4,54.41,8,25.87,0
1.52,88.84,5,14.14,0
8.8,92.38,0,43.48,1
6.41,59.09,2,32.01,1
7.37,71.52,3,37.64,1
1.19,58.27,8,37.3,0
9.73,85.33,5,43.66,1
8.49,76.77,3,15.3,1
2.91,81.77,0,36.39,0
2.64,59.82,7,33.01,0
2.65,60.59,1,11.24,0
3.74,52.07,7,18.06,0
5.72,66.1,5,20.7,1
4.89,77.99,7,12.9,1
3.62,92.9,5,24.19,1
6.51,83.35,4,11.09,1
2.26,71.77,4,32.13,0
3.63,97.66,9,18.46,1
4.3,85.96,9,21.48,1
5.1,96.51,7,46.42,1
8.07,76.38,6,30.11,1
2.8,62.95,7,20.76,0
5.63,52.64,7,33.94,1
6.33,86.3,6,18.07,1
1.42,56.07,1,12.98,0
6.47,65.14,8,10.84,1
2.53,76.62,6,48.06,0
1.59,78.22,5,38.98,0
9.54,80.03,8,42.0,1
9.69,58.31,0,49.24,1
8.28,68.99,1,47.27,1
3.74,80.86,0,39.48,0
1.88,98.49,9,37.76,1
7.16,86.38,2,23.47,1
4.96,96.13,4,14.16,1
2.1,88.11,0,32.95,0
5.46,79.59,3,33.05,1
1.31,59.6,7,48.09,0
9.18,83.33,5,27.7,1
3.33,81.17,0,37.63,0
6.96,80.12,0,33.0,1
3.81,74.49,2,17.07,0
5.68,76.43,9,33.68,1
5.92,66.72,7,31.6,1
2.66,75.97,7,29.76,1
9.73,59.88,2,30.54,1
7.98,90.26,6,16.56,1
9.46,59.29,2,28.54,1
9.05,54.25,3,34.23,1
6.38,71.81,8,29.58,1
9.3,82.92,3,29.55,1
1.8,71.89,2,13.1,0
2.76,63.84,4,17.63,0
1.41,77.91,6,22.84,0
3.93,67.35,4,26.77,0
4.5,96.64,3,33.76,1
3.44,96.13,7,44.53,1
8.46,75.12,3,16.37,1
4.21,66.39,1,10.6,0
3.53,86.86,9,27.97,1
5.88,51.84,5,27.28,1
2.27,73.74,1,32.08,0
8.22,66.82,2,43.33,1
1.67,96.03,0,42.09,0
9.88,50.6,4,14.0,1
7.95,77.64,8,47.36,1
2.79,87.03,1,14.42,0
1.05,74.25,6,35.38,0
8.34,54.27,4,36.9,1
7.36,98.62,1,37.2,1
7.56,75.9,7,20.61,1
7.94,80.71,5,23.21,1
1.67,61.83,3,31.95,0
4.23,74.17,3,17.98,0
2.04,71.46,1,10.81,0
8.77,53.74,2,32.49,1
6.61,55.31,6,28.61,1
3.98,91.87,2,36.27,1
1.57,61.99,4,15.87,0
3.8,59.75,9,43.64,1
3.93,75.25,5,15.85,0
7.57,88.44,5,45.65,1
6.74,53.1,3,27.98,1
8.98,78.84,5,31.99,1
5.25,55.96,2,45.86,0
2.08,51.82,6,22.0,0
7.42,52.64,6,17.27,1
7.85,91.71,3,27.83,1
6.05,55.9,1,19.77,0
7.94,52.26,6,31.11,1
5.44,71.89,2,21.01,0
5.7,92.2,0,44.58,1
4.85,63.12,1,34.29,0
1.23,71.09,9,10.01,0
1.97,52.0,8,42.22,0
1.28,72.45,7,23.21,0
6.73,78.88,5,22.81,1
3.83,78.55,5,25.32,1
5.58,66.62,0,35.21,0
9.17,65.78,1,27.68,1
3.24,55.33,3,35.15,0
4.69,68.34,2,15.87,0
7.8,54.97,0,48.81,1
3.06,88.33,7,39.18,1
1.69,98.31,6,20.01,1
3.61,98.5,3,38.97,1
2.45,93.25,8,33.0,1
9.37,80.04,3,14.37,1
8.27,85.04,0,17.13,1
6.7,64.26,9,11.65,1
8.84,81.54,0,42.37,1
8.23,72.78,0,32.07,1
2.68,74.1,0,22.67,0
9.03,87.89,3,15.05,1
5.85,64.1,0,29.36,0
8.27,65.9,1,31.01,1
9.06,96.23,3,38.08,1
3.86,52.81,6,48.8,0
1.99,74.28,1,27.4,0
3.05,95.64,7,26.24,1
4.84,80.52,6,24.8,1
8.36,77.32,8,43.08,1
8.75,62.49,5,16.25,1
1.06,67.16,3,23.75,0
5.6,92.6,5,39.0,1
4.76,77.96,3,10.63,0
3.0,75.74,6,21.58,0
2.08,54.98,8,35.66,0
4.04,50.8,2,17.44,0
9.49,98.18,2,22.11,1
3.91,68.85,1,29.44,0
5.67,80.16,0,26.88,0
7.33,53.99,0,14.24,0
4.27,84.16,2,47.53,1
9.75,96.63,6,11.77,1
9.66,78.78,8,39.99,1
3.27,56.31,1,12.86,0
5.48,79.09,6,28.69,1
3.71,88.32,0,17.02,0
3.56,70.32,1,15.64,0
1.33,93.99,5,15.04,0
6.49,82.43,4,28.11,1
5.52,94.96,7,30.62,1
1.46,81.18,1,15.34,0
3.51,56.56,0,49.18,0
9.17,65.48,6,20.31,1
3.16,60.09,5,28.35,0
2.3,95.44,7,18.65,1
5.41,88.02,7,29.76,1
9.87,83.82,1,40.24,1
3.18,65.05,7,30.84,0
7.05,59.2,5,21.43,1
7.85,87.82,8,19.94,1
3.14,73.71,6,40.36,1
7.55,61.29,1,14.73,1
4.31,80.83,7,24.8,1
6.69,52.02,8,16.06,1
6.7,66.31,6,20.32,1
5.82,73.43,3,16.11,1
1.81,57.4,8,45.47,0
8.52,99.23,3,39.28,1
3.89,60.45,3,32.44,0
2.68,56.52,8,18.98,0
1.37,60.18,7,30.41,0
6.32,88.45,3,30.83,1
7.1,71.28,7,33.62,1
1.15,78.27,7,12.4,0
5.61,51.05,6,48.92,1
3.04,51.72,9,28.62,0
6.81,72.29,5,47.06,1
2.57,90.83,7,10.39,1
7.22,94.26,6,19.9,1
4.48,54.34,4,14.16,0
9.43,76.92,3,40.78,1
2.24,95.66,1,22.81,0
4.07,69.4,7,43.62,1
2.02,91.48,8,43.3,1
9.32,56.68,3,36.71,1
8.9,96.77,3,36.63,1
3.32,87.57,4,38.01,1
6.94,97.07,1,36.95,1
8.35,83.83,6,25.48,1
6.0,68.17,4,37.31,1
5.77,96.91,5,45.9,1
3.18,63.78,3,23.3,0
1.84,66.61,7,47.8,0
9.07,85.04,7,10.54,1
9.1,88.27,4,23.96,1
6.7,96.47,5,15.28,1
4.05,60.24,2,15.06,0
4.14,89.9,0,42.62,0
7.53,86.93,8,46.73,1
9.07,53.19,8,41.11,1
8.98,69.36,2,49.06,1
8.02,64.14,3,18.65,1
6.78,65.22,6,15.63,1
1.76,99.15,1,30.83,0
2.45,82.14,2,43.16,0
9.09,85.88,5,11.59,1
6.46,98.83,7,49.82,1
1.08,68.86,0,34.09,0
1.91,90.09,3,49.16,0
6.97,71.73,0,24.6,1
1.05,93.48,1,28.32,0
2.45,59.03,7,40.09,0
5.94,97.38,5,41.71,1
7.23,60.94,8,19.32,1
6.87,66.31,1,47.19,1
3.02,87.81,2,44.7,0
7.41,69.69,8,10.73,1
3.14,80.41,8,15.14,1
3.93,72.23,5,29.84,1
7.72,87.12,2,28.44,1
6.85,61.42,4,38.34,1
8.64,52.92,1,13.59,1
6.92,65.0,6,35.79,1
6.11,73.72,9,34.65,1
1.84,58.4,7,19.34,0
4.31,67.74,5,31.7,1
3.39,70.0,7,18.89,1
3.2,52.87,1,15.88,0
9.76,79.17,2,32.93,1
4.54,94.22,6,49.1,1
9.03,57.59,9,19.48,1
6.68,79.89,0,24.21,1
8.15,83.24,6,20.26,1
5.52,70.97,5,20.66,1
6.19,85.05,7,26.17,1
5.43,70.54,6,38.07,1
2.76,75.23,3,11.55,0
7.5,50.37,2,48.28,1
3.53,84.59,2,11.85,0
1.22,83.07,3,45.25,0
6.81,51.92,8,45.78,1
2.59,68.41,8,30.98,0
9.46,98.95,1,15.48,1
9.59,71.04,4,32.61,1
9.23,75.1,0,35.15,1
4.33,95.5,3,44.31,1
1.14,85.86,1,32.04,0
9.35,79.1,7,26.43,1
4.85,89.89,3,43.53,1
9.7,93.22,4,49.24,1
9.67,72.84,3,35.8,1
8.68,73.76,4,44.98,1
3.65,69.3,4,33.95,0
4.47,98.34,4,37.59,1
8.66,84.86,2,37.53,1
3.85,54.16,6,38.19,0
2.53,93.15,2,22.84,0
6.01,74.03,1,33.03,1
9.43,53.44,2,33.77,1
7.26,77.49,2,22.6,1
6.13,70.86,7,23.99,1
1.87,93.89,3,40.49,0
6.54,60.2,2,33.31,1
9.91,91.32,9,15.97,1
2.26,77.88,4,43.51,0
5.66,52.73,3,45.32,0
8.9,98.59,8,28.65,1
7.67,75.63,7,18.36,1
7.27,64.54,6,47.9,1
7.32,73.47,7,45.29,1
4.24,92.89,4,19.78,1
3.64,65.25,3,13.82,0
8.28,59.63,6,27.63,1
8.29,56.45,0,37.06,1
8.8,64.89,5,17.02,1
9.22,89.0,7,30.53,1
5.6,73.58,6,27.02,1
5.51,61.37,1,45.62,0
8.18,58.31,6,27.18,1
6.85,66.64,5,31.35,1
7.32,97.0,4,48.21,1
8.16,67.15,3,21.99,1
9.01,99.41,0,21.56,1
4.04,74.26,1,41.98,0
4.38,58.96,6,21.1,0
1.85,94.56,9,43.27,1
6.2,73.02,2,13.82,1
1.32,85.48,4,14.45,0
5.19,99.19,7,46.05,1
5.88,52.51,7,31.63,1
3.58,54.83,5,38.75,0
6.32,86.02,4,19.01,1
1.27,64.09,1,16.65,0
1.34,59.22,8,43.4,0
8.4,51.97,0,24.34,1
4.24,51.09,1,28.2,0
2.14,88.72,0,11.12,0
5.7,56.72,3,25.44,0
7.93,73.39,3,40.82,1
2.94,80.29,4,42.85,0
6.61,71.42,4,37.95,1
1.77,51.36,7,37.69,0
1.47,89.18,2,30.25,0
5.78,50.53,5,31.53,1
5.87,88.09,2,39.71,1
6.74,94.67,1,19.89,1
7.53,71.64,7,19.26,1
9.78,76.78,0,48.0,1
5.65,73.85,8,11.11,1
3.91,69.46,6,15.58,1
8.16,94.37,9,32.81,1
3.44,94.7,3,39.51,1
4.95,66.79,2,31.52,0
1.71,80.75,5,24.2,0
1.23,96.35,8,49.12,1
9.66,98.1,8,38.15,1
8.52,75.45,3,43.26,1
7.26,72.64,9,11.61,1
4.68,63.93,4,19.44,0
2.56,97.94,8,24.97,1
2.41,57.14,1,17.3,0
3.25,78.99,1,12.92,0
5.94,64.13,4,19.0,1
7.43,63.95,0,31.35,1
6.94,70.25,7,37.83,1
3.52,99.94,4,40.96,1
9.59,52.75,9,11.72,1
7.64,78.93,1,27.12,1
5.99,54.13,8,14.89,1
6.51,57.73,1,27.25,0
4.78,71.98,6,27.36,1
3.23,75.52,7,29.93,1
4.2,62.94,5,45.71,1
7.82,65.82,6,42.2,1
1.13,54.35,0,35.47,0
2.04,65.16,3,45.42,0
1.41,98.33,6,37.14,1
1.37,97.24,0,42.75,0
8.7,66.74,0,32.55,1
7.33,78.54,5,31.01,1
5.27,95.48,3,38.96,1
1.88,50.31,2,10.79,0
5.42,90.53,4,37.62,1
5.26,97.42,8,47.38,1
2.56,54.57,9,38.56,0
4.9,58.07,9,11.47,1
4.59,98.04,9,25.12,1
6.54,76.88,2,42.38,1
6.72,50.71,4,48.34,1
1.41,62.88,9,24.81,0
4.37,72.5,4,43.65,1
6.63,84.65,8,44.55,1
5.53,86.66,9,14.93,1
8.71,99.77,3,43.83,1
6.93,64.38,0,22.97,0
2.47,76.91,9,33.73,1
1.64,76.67,4,31.56,0
6.78,70.28,0,36.52,1
1.24,58.46,5,39.62,0
6.27,98.87,9,27.64,1
9.46,92.67,9,45.53,1
6.18,74.92,6,42.38,1
4.49,80.16,0,41.42,0
6.79,61.36,9,28.33,1
5.12,77.19,3,11.5,1
5.91,84.75,8,29.69,1
9.47,75.76,0,45.94,1
4.47,99.51,8,17.62,1
9.65,80.57,7,49.3,1
9.15,68.55,4,42.31,1
2.76,88.61,5,38.39,1
1.62,58.52,6,37.09,0
1.91,69.23,3,33.48,0
1.16,67.35,5,38.83,0
1.85,71.59,6,26.88,0
7.15,89.09,5,43.81,1
1.64,74.21,5,37.85,0
3.87,89.7,1,40.85,0
8.6,78.82,4,41.7,1
1.21,67.1,2,13.68,0
8.33,90.5,6,12.23,1
3.54,61.91,3,42.04,0
2.06,61.22,0,20.38,0
7.27,75.23,5,33.28,1
6.66,63.04,5,27.75,1
8.9,50.45,6,10.88,1
7.62,82.41,7,11.61,1
8.23,75.55,2,43.09,1
3.54,72.28,5,34.31,0
2.6,98.35,9,30.95,1
7.76,78.56,1,47.77,1
8.26,93.17,8,16.92,1
9.91,56.97,1,20.32,1
4.71,78.46,2,40.27,1
4.35,93.4,9,41.01,1
7.99,79.16,1,26.2,1
4.07,85.9,8,48.04,1
9.38,68.6,0,47.53,1
8.73,54.62,4,10.5,1
4.86,72.9,0,16.89,0
7.76,69.72,4,42.81,1
7.79,93.35,7,23.41,1
1.93,62.2,7,13.82,0
9.12,98.34,7,41.4,1
5.55,97.91,1,28.18,1
8.44,62.38,7,29.7,1
3.88,67.4,4,17.45,0
9.06,94.78,0,36.44,1
4.5,98.33,6,32.05,1
1.1,72.17,5,18.27,0
9.15,66.05,4,23.61,1
1.82,76.3,0,33.88,0
3.87,84.39,0,46.99,0
9.55,63.67,5,46.82,1
9.56,86.82,9,21.52,1
6.16,52.58,6,39.42,1
6.69,52.46,9,41.02,1
5.04,69.31,9,42.35,1
3.64,67.67,0,32.83,0
3.96,65.78,8,10.42,1
7.05,74.55,3,40.47,1
7.77,66.04,4,14.26,1
8.12,59.61,1,14.67,1
8.11,65.47,9,34.22,1
1.82,98.75,7,49.34,1
5.45,70.56,1,19.7,0
1.52,72.24,2,35.83,0
5.95,78.83,8,22.15,1
4.97,99.17,1,45.95,1
8.99,62.08,5,33.74,1
4.16,84.06,3,18.3,0
2.05,85.8,6,20.49,0
2.29,80.37,5,27.3,0
7.85,54.43,9,14.88,1
6.56,83.84,8,13.15,1
1.91,53.2,8,37.2,0
1.76,79.81,9,26.29,1
7.31,86.98,3,39.05,1
1.65,60.55,0,14.4,0
8.4,92.08,1,34.39,1
7.36,51.52,7,27.73,1
1.73,92.19,9,12.32,1
1.76,73.02,7,31.79,0
9.88,60.88,1,13.31,1
4.37,56.69,3,43.11,0
4.34,97.67,0,35.28,1
8.32,53.63,6,32.28,1
9.53,59.95,3,15.34,1
9.87,67.39,7,21.5,1
7.78,81.01,8,29.72,1
4.39,77.24,8,35.33,1
1.75,56.28,2,17.33,0
7.99,64.49,4,10.35,1
6.03,61.94,5,23.79,1
4.82,60.68,5,29.31,1
9.16,70.56,9,17.38,1
2.0,85.2,7,29.69,1
5.43,60.87,5,23.54,1
1.1,68.33,5,28.2,0
5.22,69.55,3,23.9,1
1.51,98.82,6,35.14,1
2.07,97.73,7,11.72,1
2.06,90.01,2,16.84,0
6.84,62.08,6,27.31,1
7.71,53.4,2,24.25,1
6.25,65.85,7,25.67,1
9.66,63.34,0,42.15,1
4.37,75.3,0,45.45,0
3.57,88.89,5,19.95,1
8.82,92.92,9,43.46,1
3.01,92.24,8,28.35,1
9.67,67.98,3,20.95,1
1.11,84.36,5,49.42,0
9.73,65.64,4,42.99,1
1.39,53.05,0,49.77,0
9.02,85.08,5,16.73,1
5.75,50.49,8,15.75,1
9.94,70.46,2,30.14,1
1.66,66.47,2,35.55,0
5.98,84.67,1,16.84,1
9.72,88.31,3,44.42,1
5.71,65.2,9,31.28,1
6.66,90.58,2,26.44,1
7.26,64.7,1,34.08,1
5.09,72.32,0,35.4,0
6.65,86.35,2,11.71,1
6.26,84.65,9,50.0,1
9.11,99.37,5,24.56,1
1.41,61.26,8,12.46,0
3.53,83.12,4,44.09,1
9.55,80.48,2,49.72,1
9.01,95.75,4,42.65,1
5.1,57.82,4,44.08,1
6.58,87.59,4,35.04,1
3.5,78.41,6,46.89,1
2.69,63.73,4,11.43,0
5.17,73.72,6,40.67,1
4.18,66.69,8,36.83,1
6.25,78.97,4,11.98,1
1.7,94.45,1,31.76,0
9.77,78.47,4,30.6,1
9.88,81.59,7,37.66,1
7.28,75.94,3,13.1,1
5.82,52.56,1,42.21,0
3.79,61.64,9,15.58,1
8.32,74.6,2,26.75,1
7.16,65.51,8,45.25,1
2.46,59.09,8,32.42,0
9.2,75.21,7,25.18,1
8.4,66.14,7,11.93,1
9.55,62.91,7,36.89,1
7.53,73.2,7,49.46,1
6.52,56.66,7,46.47,1
4.76,96.39,0,38.69,1
9.39,93.39,5,14.21,1
8.79,85.38,8,19.58,1
1.41,55.31,7,17.47,0
1.24,88.79,2,24.22,0
4.39,90.4,0,19.42,0
8.29,88.39,1,19.78,1
9.89,55.7,1,34.67,1
2.35,82.2,6,22.75,0
6.35,91.72,5,37.09,1
4.43,78.87,1,47.92,0
9.73,82.32,7,35.54,1
8.58,72.92,8,40.07,1
8.54,76.44,6,40.06,1
5.22,51.72,3,23.23,0
4.73,81.95,0,10.6,0
3.46,54.07,3,12.2,0
1.51,71.75,3,21.28,0
8.78,64.63,7,37.58,1
8.32,77.27,3,46.27,1
10.0,56.67,3,48.35,1
9.97,84.58,1,11.03,1
6.0,89.75,9,49.6,1
7.92,58.17,6,22.9,1
9.5,55.22,3,43.72,1
8.65,57.28,5,17.21,1
3.23,93.86,2,12.52,0
5.05,76.41,6,25.13,1
2.16,73.36,5,44.36,0
9.59,55.34,2,18.83,1
6.46,82.48,3,16.16,1
3.06,93.4,9,46.39,1
7.05,91.41,4,47.53,1
6.56,81.3,8,10.5,1
4.22,53.76,5,39.1,0
2.02,55.62,3,22.37,0
7.04,52.47,6,24.99,1
5.68,62.87,1,28.76,0
7.95,56.78,3,27.07,1
5.68,63.0,4,30.6,1
8.67,69.25,3,33.29,1
5.97,97.15,3,28.62,1
6.05,80.52,8,38.06,1
8.89,91.75,1,38.74,1
4.63,85.52,5,27.61,1
2.21,55.63,7,15.7,0
1.26,86.8,7,35.63,0
7.8,63.75,6,40.92,1
6.58,81.96,9,35.52,1
7.34,67.05,3,33.52,1
2.92,99.88,6,19.18,1
2.23,63.18,9,35.81,0
1.13,63.96,5,23.39,0
4.16,96.53,5,46.78,1
6.31,51.23,1,36.15,0
4.53,84.83,7,21.13,1
4.94,86.27,7,28.92,1
9.14,91.82,6,43.86,1
4.13,98.72,8,23.42,1
5.63,98.78,7,31.02,1
8.05,53.26,8,37.19,1
4.57,91.09,8,40.18,1
6.6,82.32,5,16.96,1
8.76,82.37,1,32.61,1
9.55,56.42,6,46.49,1
2.32,82.51,2,48.73,0
9.34,99.12,6,36.25,1
5.43,95.59,8,49.35,1
3.32,71.96,9,32.83,1
5.13,52.0,9,27.7,1
9.82,68.11,1,32.06,1
5.43,91.32,5,14.63,1
3.96,85.07,5,26.07,1
6.7,72.97,8,28.34,1
3.16,52.76,8,43.95,0
1.68,71.34,4,40.35,0
2.16,73.45,4,34.06,0
2.15,96.43,8,23.89,1
2.37,82.05,7,17.48,0
2.25,65.58,6,23.91,0
6.77,76.27,7,37.19,1
2.64,53.3,5,20.52,0
4.11,98.63,2,27.08,1
9.07,68.0,6,25.47,1
5.27,73.89,7,40.62,1
7.01,67.76,7,45.35,1
2.55,84.13,0,37.97,0
2.73,83.11,6,23.66,1
1.37,85.77,2,27.33,0
2.52,63.41,1,15.73,0
3.51,65.78,1,16.72,0
2.59,56.26,7,16.57,0
1.8,82.78,8,15.22,0
2.09,51.99,2,17.18,0
5.15,79.88,2,18.11,1
2.86,93.48,5,14.47,1
4.28,94.54,9,35.61,1
5.53,72.45,0,49.62,0
7.21,72.97,5,45.17,1
1.35,53.85,2,11.82,0
8.19,83.54,3,26.92,1
6.65,91.06,8,44.37,1
1.74,62.23,2,15.39,0
8.86,71.07,0,43.91,1
9.29,91.94,2,33.71,1
1.55,93.86,6,47.25,1
3.49,62.16,6,45.04,0
8.26,77.53,4,37.08,1
7.73,59.62,0,36.31,1
2.66,55.09,7,18.53,0
2.88,95.56,9,14.67,1
4.33,91.03,7,26.62,1
5.36,88.0,9,17.46,1
6.56,52.44,9,14.1,1
4.32,92.19,9,22.09,1
5.16,71.9,1,44.42,0
7.73,67.12,9,10.69,1
1.33,77.32,2,21.71,0
3.27,54.57,3,26.96,0
7.42,87.83,0,30.42,1
9.06,79.12,3,17.26,1
5.61,59.33,4,48.57,1
5.79,59.41,2,33.15,0
1.96,59.21,9,30.88,0
5.03,52.85,1,10.35,0
5.79,79.39,5,29.43,1
3.18,92.02,7,43.51,1
3.42,50.87,6,18.79,0
4.4,52.45,0,24.05,0
1.18,78.64,3,10.82,0
3.9,90.97,2,49.08,1
2.9,66.34,5,12.67,0
3.95,67.48,8,45.93,1
2.08,79.82,8,22.52,1
9.01,63.71,6,33.5,1
6.34,51.33,8,37.17,1
7.11,86.76,7,15.63,1
8.1,81.28,4,27.75,1
5.49,79.04,8,23.02,1
1.78,87.08,6,12.26,0
5.83,83.76,4,43.33,1
6.28,60.29,7,11.81,1
7.71,67.62,6,36.13,1
4.88,56.31,8,22.56,1
2.15,56.49,9,17.69,0
3.55,83.81,0,36.68,0
4.27,92.93,8,32.98,1
6.81,98.14,6,22.61,1
6.14,81.42,0,30.52,1
4.2,59.21,0,19.85,0
9.88,55.28,4,44.55,1
6.45,90.64,7,22.55,1
3.14,78.94,8,19.81,1
1.92,80.91,5,40.07,0
2.38,89.07,9,10.7,1
3.21,85.16,7,20.72,1
2.45,91.72,5,25.02,0
2.68,52.81,5,45.29,0
3.57,87.38,3,48.02,1
2.56,92.54,4,38.66,0
9.07,64.31,1,29.7,1
1.72,82.02,2,35.62,0
5.72,65.71,2,26.56,0
4.69,97.9,4,21.95,1
9.84,51.67,4,48.03,1
2.01,78.99,5,14.62,0
4.58,58.33,4,23.86,0
9.73,85.61,5,45.96,1
8.79,58.79,7,38.93,1
8.35,61.77,1,11.16,1
3.32,74.72,3,10.92,0
2.54,95.74,5,30.66,1
7.02,60.59,4,29.37,1
9.36,57.21,0,27.72,1
6.01,87.95,8,22.09,1
6.14,75.03,2,49.47,1
3.52,95.59,1,20.88,0
7.93,57.33,8,29.6,1
2.68,82.3,6,26.2,1
3.91,61.64,4,16.81,0
4.83,57.84,5,18.1,0
5.57,84.17,3,46.73,1
3.18,79.68,0,44.33,0
2.03,87.74,3,17.96,0
6.5,65.47,8,45.03,1
3.6,72.4,0,18.37,0
6.23,70.27,9,35.06,1
2.39,99.2,2,13.25,0
5.33,64.61,4,45.21,1
5.79,64.74,6,12.06,1
1.47,67.73,8,32.2,0
4.03,78.23,5,41.19,1
2.21,62.62,2,14.67,0
1.57,95.76,6,26.18,0
9.91,63.28,3,11.68,1
3.9,94.79,2,37.31,1
8.29,55.17,6,22.3,1
3.29,82.83,6,32.38,1
7.13,95.35,3,47.31,1
7.84,58.44,6,22.23,1
6.36,98.42,1,11.95,1
5.24,72.64,0,37.03,0
4.71,97.29,1,41.47,1
4.14,83.84,3,48.31,1
9.37,65.08,7,16.31,1
8.48,59.42,2,25.69,1
9.69,65.19,9,43.77,1
2.12,54.65,5,42.27,0
7.58,57.19,5,34.99,1
9.45,55.23,8,20.77,1
2.63,71.15,8,21.36,1
1.6,89.78,3,14.96,0
7.67,57.07,8,46.87,1
6.17,56.52,5,16.92,1
8.58,82.17,1,32.92,1
2.26,59.86,9,33.37,0
8.16,54.88,5,24.78,1
2.81,58.34,1,24.1,0
2.47,96.19,7,36.74,1
2.48,91.07,3,25.53,0
8.33,67.7,4,20.2,1
6.99,82.79,7,25.97,1
5.71,76.86,7,42.31,1
4.23,83.86,5,48.66,1
8.89,84.13,3,35.44,1
4.53,81.44,0,41.28,0
8.35,63.31,6,31.31,1
4.95,51.95,7,34.99,1
4.39,72.78,8,49.52,1
5.16,94.55,1,27.54,1
3.71,78.47,0,12.65,0
7.73,91.62,3,48.28,1
5.52,99.58,4,41.72,1
3.09,58.18,9,25.93,1
9.1,84.59,0,49.3,1
4.46,83.71,4,23.82,1
5.89,99.0,5,24.88,1
9.16,99.28,2,34.39,1
6.62,84.33,6,20.97,1
2.05,62.18,5,37.94,0
9.46,89.93,3,16.11,1
6.65,55.35,2,14.32,0
4.01,89.03,4,31.4,1
2.25,95.51,2,32.22,0
8.15,69.14,9,14.27,1
6.58,81.53,8,48.57,1
5.8,71.51,8,32.93,1
9.05,71.89,5,16.04,1
8.1,65.52,5,22.46,1
2.37,88.11,3,42.01,0
3.81,96.81,3,30.93,1
3.24,97.04,1,17.53,0
7.7,58.74,9,14.11,1
1.3,93.74,3,27.23,0
6.13,86.87,7,23.5,1
7.86,62.64,9,36.24,1
8.89,53.36,1,47.01,1
4.08,63.4,8,19.91,1
8.39,95.61,0,44.21,1
2.0,81.66,1,46.82,0
8.62,86.05,1,46.08,1
2.15,62.86,5,48.08,0
4.58,85.97,6,43.68,1
8.18,51.41,2,33.74,1
2.35,68.77,8,26.39,0
3.06,81.34,4,29.67,0
7.5,57.3,4,44.9,1
7.48,91.15,3,22.06,1
6.77,61.75,8,16.37,1
7.25,82.61,7,15.63,1
5.88,70.26,3,43.08,1
3.27,79.8,3,40.46,0
4.11,55.37,1,29.91,0
2.63,50.85,8,20.99,0
9.18,95.48,2,37.1,1
6.25,63.48,3,11.54,1
4.61,90.98,6,32.73,1
5.16,99.97,9,25.94,1
9.53,60.57,7,49.11,1
2.38,63.26,7,30.3,0
6.28,83.14,3,32.09,1
5.55,98.27,6,38.49,1
6.5,95.79,9,29.38,1
1.16,75.14,0,18.98,0
8.85,89.76,5,31.49,1
9.39,56.79,5,47.77,1
6.09,98.87,5,26.4,1
7.27,98.22,1,37.19,1
9.3,58.19,7,49.12,1
7.37,64.97,4,43.2,1
2.37,55.01,4,36.36,0
6.19,63.59,1,39.44,0
6.46,90.8,3,47.46,1
4.82,68.92,8,48.39,1
7.63,54.42,8,48.76,1
9.41,67.11,5,35.03,1
9.33,99.07,8,25.39,1
5.06,81.48,3,15.33,1
2.02,70.81,0,25.42,0
9.86,58.33,1,47.72,1
8.55,99.31,0,45.59,1
2.12,91.04,7,30.95,1
9.29,64.07,8,31.48,1
8.83,53.5,9,22.36,1
5.67,52.83,5,28.18,1
6.32,56.02,1,38.58,0
4.59,79.04,5,26.1,1
1.49,96.44,8,17.52,1
4.02,74.84,2,31.63,0
8.23,92.15,8,19.01,1
1.04,72.29,1,48.97,0
4.0,85.43,4,25.61,1
4.58,86.59,1,46.39,1
5.84,58.7,6,19.02,1
9.28,68.06,9,17.57,1
4.12,81.87,8,34.68,1
4.12,53.53,6,41.18,0
7.64,68.08,4,32.67,1
5.07,76.74,3,19.19,1
3.02,99.81,3,11.52,0
5.07,73.73,9,34.73,1
2.27,90.8,7,15.24,1
2.59,71.6,9,23.73,1
5.49,89.82,9,37.03,1
4.77,79.77,9,13.92,1
9.23,94.33,9,15.09,1
4.26,70.55,9,12.47,1
6.23,80.22,0,49.84,1
6.69,81.5,4,25.48,1
1.12,70.87,1,46.23,0
6.97,57.22,8,21.74,1
2.6,54.68,6,40.13,0
9.65,50.83,9,18.76,1
2.34,93.68,7,29.93,1
4.73,61.82,5,42.98,1
1.77,60.58,8,42.65,0
9.97,86.8,5,41.77,1
5.52,66.0,6,42.95,1
6.36,75.3,6,18.46,1
1.6,58.13,8,29.29,0
7.75,97.99,7,29.39,1
2.89,92.58,0,45.62,0
9.08,93.19,3,21.88,1
2.85,70.34,6,47.26,0
2.72,88.12,7,28.03,1
1.33,57.19,6,36.79,0
5.25,50.43,2,20.76,0
6.08,51.0,3,26.41,0
1.59,79.33,6,38.39,0
7.98,72.77,7,30.51,1
5.08,75.9,6,47.23,1
5.72,50.37,5,39.48,1
4.97,71.13,8,32.58,1
4.61,85.9,8,45.47,1
6.04,72.13,6,36.62,1
2.4,86.61,7,35.89,1
2.64,61.65,5,19.85,0
8.76,90.66,0,25.79,1
9.52,79.42,0,37.33,1
4.36,60.54,5,45.67,1
3.44,61.84,1,22.62,0
6.8,81.4,7,18.62,1
4.68,91.5,0,33.75,0
1.23,70.78,1,12.69,0
2.41,62.92,7,38.58,0
7.44,93.35,5,38.13,1
6.93,83.46,9,24.2,1
1.24,72.4,1,45.71,0
3.0,74.4,1,30.09,0
3.08,60.21,6,35.83,0
7.05,81.34,4,18.38,1
1.18,67.94,4,26.69,0
1.94,99.78,7,44.5,1
8.2,74.01,6,18.52,1
2.61,74.29,8,25.62,1
6.87,78.29,3,22.72,1
3.14,95.84,9,16.04,1
1.89,90.04,3,21.59,0
3.19,72.56,1,19.31,0
7.5,85.93,2,46.94,1
8.7,79.31,0,39.64,1
8.47,74.62,0,22.64,1
4.57,59.62,6,40.53,1
7.01,73.2,4,10.89,1
2.84,62.29,2,31.06,0
3.64,95.74,6,20.01,1
9.07,66.77,1,14.57,1
1.12,97.61,2,45.35,0
1.77,76.65,0,17.97,0
2.87,81.58,7,42.9,1
1.24,77.15,1,26.53,0
2.63,56.47,6,10.57,0
6.25,68.79,8,39.3,1
4.79,54.96,5,33.85,0
9.03,81.15,1,23.77,1
8.36,72.34,1,21.26,1
4.08,88.9,8,12.95,1
3.33,61.02,9,47.66,1
4.42,58.23,7,29.76,1
6.31,70.32,8,13.42,1
3.41,96.33,3,44.75,1
6.62,85.52,3,21.15,1
4.68,70.95,1,18.14,0
5.97,75.86,9,21.24,1
4.93,54.21,0,32.58,0
3.65,99.23,9,12.96,1
9.54,83.32,3,29.27,1
7.87,64.27,9,45.83,1
2.26,79.29,9,17.53,1
8.82,55.47,7,23.25,1
5.39,98.29,1,25.84,1
9.05,58.74,7,33.45,1
8.2,82.4,0,46.77,1
4.83,62.27,0,25.78,0
1.2,85.88,3,12.77,0
3.42,88.84,6,23.92,1
5.87,83.67,8,17.6,1
6.7,80.72,4,36.07,1
3.32,94.62,1,11.17,0
2.25,53.93,6,21.68,0
8.51,66.55,1,31.81,1
9.86,62.41,8,21.09,1
5.73,99.4,8,32.04,1
2.55,69.47,2,14.59,0
3.45,86.63,7,47.71,1
1.17,84.24,3,21.64,0
9.23,60.6,2,46.92,1
2.06,61.95,0,23.03,0
6.19,64.06,4,41.27,1
3.47,70.56,3,19.85,0
5.99,61.72,0,36.79,0
6.86,50.98,9,22.95,1
8.47,93.97,7,30.37,1
2.86,98.28,7,36.95,1
1.1,67.08,7,33.56,0
2.23,66.93,2,33.05,0
9.1,50.35,5,12.63,1
8.87,84.01,6,19.96,1
6.38,91.27,8,32.87,1
6.4,57.33,4,10.73,1
6.99,57.98,8,20.03,1
2.58,89.5,5,19.17,0
9.23,80.81,9,19.99,1
4.77,52.24,9,31.42,1
4.45,81.13,9,33.28,1
5.67,65.45,3,46.36,1
1.42,68.44,0,25.44,0
2.5,88.49,0,47.06,0
7.64,90.55,9,36.08,1
1.75,70.02,4,46.51,0
6.43,97.36,2,43.34,1
3.21,70.32,4,37.5,0
4.5,88.59,4,24.24,1
3.6,74.19,0,19.64,0
4.2,94.88,7,18.9,1
7.47,95.39,4,48.09,1
3.67,54.37,4,48.34,0
6.1,96.82,8,38.99,1
5.28,91.28,7,45.35,1
6.97,89.57,0,46.76,1
9.43,60.05,2,30.46,1
7.59,90.26,6,35.16,1
2.93,92.51,0,26.75,0
1.28,64.46,0,26.74,0
3.36,97.61,4,11.54,1
6.36,52.49,8,27.35,1
1.46,57.5,5,36.94,0
5.47,76.88,9,26.88,1
6.37,78.79,1,44.9,1
4.01,82.26,8,23.3,1
7.94,50.85,5,15.31,1
1.96,98.02,4,42.46,0
1.68,52.23,4,36.96,0
7.55,57.15,2,19.67,1
5.46,50.7,5,31.46,1
7.2,78.34,3,26.07,1
4.91,96.61,9,47.55,1
3.22,83.3,1,34.29,0
8.37,91.13,2,16.34,1
8.19,50.66,8,30.09,1
7.25,77.1,8,44.5,1
3.45,72.98,5,36.86,0
6.31,74.95,9,43.7,1
4.25,53.61,9,20.02,1
1.82,84.22,8,45.53,1
9.26,75.16,3,40.22,1
2.23,88.26,4,39.16,0
9.55,74.26,9,23.86,1
5.01,57.47,5,45.51,1
2.67,82.41,8,35.52,1
5.88,58.62,4,44.07,1
8.86,93.62,7,24.44,1
7.59,80.66,0,15.83,1
8.26,57.86,4,23.29,1
6.93,98.12,9,28.21,1
7.23,75.92,0,31.34,1
8.64,53.64,9,30.43,1
3.25,81.34,5,31.84,1
5.4,62.66,6,43.67,1
2.99,90.18,4,16.8,0
9.89,90.89,0,22.64,1
9.5,98.95,5,45.54,1
1.35,75.09,9,32.42,0
7.35,72.75,4,33.34,1
9.33,87.67,5,29.12,1
2.63,56.62,9,31.96,0
6.11,77.35,6,17.92,1
9.24,77.31,6,31.87,1
1.31,54.47,1,49.89,0
7.28,70.9,2,32.64,1
3.68,92.66,5,11.78,1
9.32,92.81,2,41.86,1
9.74,54.96,1,25.86,1
9.5,54.54,3,16.15,1
5.27,63.13,4,44.5,1
8.76,93.74,9,17.92,1
8.6,56.45,8,46.83,1
3.87,86.0,2,27.67,0
8.46,55.06,2,39.71,1
1.33,81.16,5,31.88,0
6.37,67.8,4,20.27,1
3.07,89.45,5,36.84,1
2.09,61.68,6,48.32,0
1.69,81.96,2,40.79,0
7.27,61.78,4,34.16,1
4.06,85.68,7,49.63,1
7.52,93.68,3,20.61,1
1.59,56.34,9,12.49,0
3.84,93.33,1,11.29,0
5.86,79.68,3,38.43,1
8.12,56.36,1,43.21,1
3.87,71.38,2,35.4,0
6.63,58.04,3,46.2,1
8.97,85.02,3,37.92,1
6.54,87.94,9,24.84,1
3.1,55.29,8,17.25,0
1.22,75.31,9,46.99,1
8.83,90.73,5,14.14,1
1.19,96.81,8,31.72,1
8.87,75.68,3,22.56,1
5.76,97.51,8,20.86,1
9.45,76.78,8,35.83,1
8.19,69.71,5,19.25,1
9.98,92.41,4,46.65,1
4.16,74.65,2,26.24,0
7.9,73.6,4,37.1,1
4.62,74.52,2,39.11,0
5.32,92.34,4,37.32,1
6.65,91.6,4,46.14,1
8.86,70.18,1,19.25,1
9.86,66.66,8,13.44,1
7.91,74.6,6,12.22,1
4.76,78.64,5,45.11,1
4.79,61.92,4,48.93,1
7.64,89.7,3,22.1,1
3.15,74.32,7,37.74,1
1.99,66.7,1,10.36,0
4.19,55.34,7,17.55,0
3.59,61.94,0,37.57,0
3.67,97.46,9,12.64,1
3.1,65.25,0,28.74,0
1.38,58.44,2,36.5,0
1.16,73.03,4,40.64,0
9.89,65.35,5,28.15,1
4.85,51.76,3,35.21,0
4.46,66.16,6,31.58,1
7.12,77.21,6,12.09,1
2.96,77.59,1,39.71,0
9.55,67.83,1,16.89,1
8.08,72.37,1,11.27,1
1.8,98.28,1,28.05,0
4.76,68.87,8,44.63,1
8.91,62.91,4,16.03,1
9.5,62.17,7,10.51,1
5.21,72.89,4,14.4,1
6.52,87.98,4,24.55,1
2.5,60.3,0,33.21,0
9.92,85.46,5,17.72,1
3.09,51.06,3,42.08,0
9.48,70.95,2,40.13,1
6.85,88.79,5,37.83,1
6.47,66.94,1,29.5,1
5.61,78.19,7,24.61,1
3.08,60.25,0,25.02,0
2.59,87.1,8,30.12,1
2.98,52.61,7,13.09,0
2.68,92.63,0,37.29,0
8.02,59.91,9,24.06,1
4.15,93.72,8,18.99,1
1.52,67.63,1,21.13,0
9.72,86.13,2,17.21,1
8.95,65.96,1,46.06,1
9.35,95.3,7,16.76,1
9.95,56.33,1,45.32,1
2.57,58.93,9,32.89,0
4.57,74.65,1,44.7,0
7.82,54.1,0,28.96,1
7.26,59.8,6,47.11,1
2.39,97.19,1,18.46,0
8.34,98.82,9,32.19,1
3.02,68.81,4,15.03,0
3.01,96.16,4,27.89,1
5.83,77.24,2,32.8,1
6.34,63.49,2,34.23,1
6.22,85.12,2,24.62,1
1.82,82.95,5,13.05,0
8.9,99.46,3,36.21,1
3.39,63.25,2,29.54,0
2.17,83.6,1,15.48,0
9.0,52.6,2,47.44,1
9.6,55.68,3,48.23,1
8.76,50.2,5,44.26,1
8.29,99.97,3,43.75,1
6.9,90.11,7,13.95,1
5.96,89.34,2,49.74,1
1.78,75.49,2,26.02,0
4.68,65.0,2,16.52,0
4.35,57.56,7,42.48,1
3.34,64.23,3,19.03,0
7.51,68.8,0,31.05,1
5.46,87.82,1,15.12,1
1.73,76.98,9,28.99,1
2.98,53.87,1,32.33,0
7.15,50.9,2,27.84,1
1.69,55.12,5,12.78,0
8.66,70.52,7,29.4,1
5.46,96.66,0,28.76,1
5.33,81.87,8,20.46,1
6.33,90.09,0,46.86,1
8.42,73.32,9,26.71,1
4.13,68.08,1,44.56,0
7.1,55.42,2,14.39,1
6.09,93.8,6,22.76,1
3.4,89.16,8,17.05,1
8.91,58.41,2,26.34,1
8.18,75.61,7,14.47,1
6.93,74.37,8,27.64,1
8.66,81.25,9,24.15,1
8.81,97.31,6,18.93,1
7.38,78.99,3,35.69,1
8.53,77.01,3,48.04,1
7.28,52.52,3,18.28,1
7.12,53.15,5,38.47,1
6.57,59.37,3,39.7,1
7.77,51.62,4,29.92,1
2.43,87.17,8,45.91,1
8.93,86.17,6,48.66,1
8.85,56.8,7,24.49,1
1.26,91.8,4,36.04,0
8.43,57.74,4,36.49,1
2.16,65.06,6,26.15,0
4.02,62.45,7,22.67,1
7.69,68.62,8,47.35,1
2.45,62.73,1,41.6,0
8.36,74.45,2,14.58,1
8.49,70.37,1,14.8,1
5.57,99.33,9,46.9,1
1.06,52.8,6,13.26,0
3.58,57.11,1,37.54,0
6.55,52.64,1,19.07,0
9.83,81.29,1,11.41,1
6.69,52.73,3,12.39,0
3.34,91.82,0,24.94,0
6.71,75.6,1,13.1,1
5.86,76.35,2,33.87,1
8.02,78.08,6,35.89,1
1.96,58.54,9,24.94,0
7.85,59.88,0,39.72,1
5.87,65.94,5,29.6,1
9.67,79.67,2,27.21,1
4.08,60.51,2,26.28,0
6.69,55.82,3,27.24,1
9.39,98.51,3,48.72,1
1.92,51.1,6,37.26,0
9.44,90.13,2,22.61,1
7.19,89.4,7,39.35,1
1.61,64.86,7,23.21,0
3.71,56.78,6,15.03,0
7.37,57.28,1,29.01,1
1.61,84.87,4,40.04,0
6.24,82.14,5,25.11,1
4.11,89.14,9,44.77,1
6.59,96.87,3,25.48,1
1.41,84.6,9,23.99,1
8.84,57.79,4,49.93,1
9.76,62.17,8,29.3,1
9.72,92.11,6,42.21,1
7.75,60.47,1,42.2,1
2.17,53.63,0,47.05,0
7.82,85.16,1,13.4,1
1.22,70.13,2,20.85,0
1.2,96.0,1,40.71,0
3.91,82.51,2,32.5,0
5.4,54.52,9,32.38,1
7.93,97.39,8,16.65,1
7.15,62.93,3,21.25,1
5.01,66.86,8,30.85,1
3.46,70.11,2,21.09,0
9.97,52.56,0,18.41,1
4.84,74.83,4,13.51,1
5.06,56.17,9,16.23,1
2.47,70.05,9,40.75,1
8.15,67.54,1,38.75,1
7.24,88.64,3,11.83,1
2.99,90.16,1,18.13,0
1.74,57.67,1,32.42,0
7.12,68.33,2,22.91,1
6.89,68.67,4,42.93,1
3.46,57.57,3,41.4,0
9.56,89.92,1,45.66,1
2.36,85.36,9,32.52,1
4.89,59.52,1,24.08,0
9.49,68.34,5,34.24,1
4.78,55.29,6,13.57,0
6.75,81.41,9,10.38,1
4.58,56.07,5,10.68,0
3.47,99.3,6,26.3,1
9.86,89.03,0,19.12,1
4.68,69.51,5,16.29,1
9.05,78.93,2,34.61,1
3.07,95.57,0,49.8,0
2.92,77.7,7,17.11,1
1.28,58.72,3,31.86,0
6.87,68.94,9,14.79,1
4.32,92.16,7,47.37,1
8.78,82.21,9,21.67,1
5.26,82.54,3,45.13,1
9.71,93.34,3,21.32,1
2.67,94.7,9,42.24,1
8.82,95.99,3,18.38,1
7.99,54.74,5,21.71,1
7.94,77.21,8,17.7,1
8.6,87.03,4,20.57,1
7.85,87.85,9,43.39,1
6.64,80.34,7,35.56,1
2.18,58.34,7,26.24,0
1.29,89.87,3,48.86,0
9.29,86.01,9,28.59,1
6.55,54.31,8,48.79,1
8.17,73.19,8,17.86,1
5.33,58.7,4,46.19,1
2.06,66.87,5,10.55,0
2.13,50.9,4,31.81,0
7.17,70.02,2,26.92,1
4.87,77.49,7,31.0,1
2.8,80.98,8,32.14,1
5.42,83.17,3,25.56,1
1.58,91.81,8,49.93,1
6.24,60.77,8,49.06,1
3.42,56.02,6,48.47,0
8.18,92.58,7,49.16,1
3.79,57.83,2,41.72,0
5.1,98.74,4,49.54,1
1.1,92.13,2,45.69,0
1.65,75.04,6,26.64,0
4.53,99.07,5,41.39,1
5.32,54.87,2,46.48,0
6.4,65.15,8,38.5,1
3.62,81.91,0,26.91,0
7.25,67.5,9,12.63,1
8.74,96.42,2,42.39,1
8.02,53.28,9,48.11,1
1.36,77.47,6,24.5,0
5.32,79.54,2,16.08,1
1.94,82.64,2,23.06,0
3.18,62.78,1,33.3,0
9.88,68.23,8,22.68,1
2.28,92.18,3,34.42,0
5.49,59.75,9,48.67,1
6.56,91.34,5,36.83,1
7.32,78.13,1,24.51,1
6.04,88.11,8,47.43,1
1.09,85.68,6,32.63,0
3.94,60.38,9,15.13,1
5.66,78.44,4,29.96,1
1.79,93.39,6,36.15,1
4.16,71.61,3,43.53,0
1.3,98.33,9,47.46,1
1.71,72.61,6,22.7,0
4.57,57.14,1,16.22,0
2.19,69.47,6,12.95,0
6.11,97.59,3,39.53,1
7.21,65.99,3,41.81,1
8.21,93.4,0,26.37,1
2.8,94.06,2,25.84,0
2.51,67.51,4,48.17,0
1.94,54.16,4,46.67,0
6.73,86.23,1,19.33,1
7.36,65.58,3,41.23,1
1.28,89.15,0,34.91,0
9.43,72.13,8,16.17,1
1.47,74.26,0,24.27,0
5.87,88.9,5,17.1,1
7.38,69.12,6,21.81,1
8.84,72.16,2,34.61,1
7.43,68.81,0,25.01,1
8.22,68.37,6,25.76,1
4.06,76.3,2,31.59,0
8.33,90.44,9,13.49,1
1.72,68.09,5,39.55,0
9.05,76.21,5,26.07,1
5.93,83.54,3,29.22,1
8.36,63.47,5,48.97,1
5.07,63.88,9,23.77,1
6.79,96.67,3,35.93,1
5.74,86.18,7,25.7,1
7.58,78.86,8,45.77,1
1.73,82.39,1,43.87,0
1.54,51.46,6,19.66,0
3.22,80.91,8,37.67,1
2.44,75.48,8,12.61,0
8.85,77.29,4,48.53,1
2.97,67.97,0,23.96,0
9.78,54.07,5,43.27,1
4.03,59.67,7,22.74,1
2.64,97.54,0,35.31,0
8.11,70.43,1,49.34,1
6.93,73.33,0,45.07,1
5.48,52.64,4,16.41,0
6.0,51.88,1,31.9,0
7.47,85.86,9,23.94,1
3.06,76.9,9,27.37,1
9.97,75.44,3,23.41,1
9.77,62.16,0,23.44,1
6.85,87.24,6,31.7,1
2.8,58.41,7,17.68,0
7.12,59.5,4,31.5,1
1.65,73.04,1,21.16,0
1.28,64.31,7,21.56,0
3.32,62.37,0,39.55,0
5.16,82.26,6,11.18,1
8.81,82.55,0,25.24,1
7.54,91.23,5,26.3,1
7.68,70.89,5,29.4,1
4.83,53.65,4,36.76,0
4.11,63.68,1,24.79,0
4.34,99.0,1,18.53,1
9.89,79.81,8,45.39,1
1.36,85.49,4,49.24,0
8.8,50.37,4,10.8,1
6.21,75.91,6,31.86,1
4.95,51.88,5,23.67,0
7.53,78.46,1,21.08,1
5.38,96.04,0,23.43,1
8.86,98.42,4,35.56,1
9.11,77.03,3,17.63,1
4.8,72.91,2,46.51,0
3.49,97.25,1,28.64,0
6.33,83.68,9,23.02,1
9.21,53.24,1,40.62,1
2.9,73.29,3,10.65,0
6.61,62.01,1,27.27,0
6.68,73.49,3,24.21,1
7.6,72.77,2,23.53,1
2.18,79.11,8,23.48,1
7.44,67.84,6,11.25,1
9.18,58.21,2,16.08,1
2.62,75.19,7,15.68,0
3.14,91.51,8,49.54,1
9.74,83.2,6,10.89,1
2.63,66.92,5,16.68,0
8.69,96.78,3,48.97,1
5.43,95.61,4,35.13,1
3.23,60.47,7,28.03,0
8.84,51.97,2,13.15,1
5.01,87.07,1,36.79,1
5.63,91.38,2,15.51,1
4.23,98.39,6,36.85,1
6.34,94.49,7,49.17,1
2.47,80.03,0,31.28,0
4.52,76.5,6,18.56,1
9.72,51.39,8,35.01,1
3.32,62.33,2,30.52,0
6.91,72.98,2,31.33,1
3.93,81.43,7,29.12,1
7.96,77.86,3,36.95,1
2.18,87.13,7,32.88,1
9.73,63.99,4,49.48,1
5.08,78.25,2,43.03,1
3.12,54.41,3,20.59,0
1.66,70.68,3,39.03,0
2.53,87.51,7,18.57,1
5.68,84.67,5,41.29,1
4.03,99.53,6,15.9,1
8.46,63.89,8,28.94,1
4.88,74.91,5,41.62,1
3.24,66.48,2,21.2,0
6.55,72.03,2,43.48,1
7.36,92.85,2,35.77,1
2.5,84.21,9,25.9,1
2.51,94.12,1,26.94,0
1.33,60.18,0,47.04,0
7.63,93.67,9,18.71,1
6.97,52.99,0,37.73,0
5.27,94.43,3,38.29,1
8.6,66.45,2,46.9,1
8.25,65.73,4,38.53,1
6.27,75.6,8,33.38,1
8.81,97.03,7,46.1,1
2.85,52.39,8,43.17,0
2.01,67.61,4,38.67,0
3.43,92.83,7,11.3,1
1.51,69.8,3,24.94,0
5.78,59.96,4,35.28,1
9.43,71.24,2,30.89,1
1.35,69.28,4,22.77,0
2.1,95.77,2,15.78,0
5.07,88.1,4,32.12,1
9.4,75.26,4,21.44,1
3.85,99.42,5,19.32,1
5.57,73.26,8,25.96,1
1.37,52.91,0,41.42,0
2.34,63.11,9,29.51,0
9.88,71.8,5,18.66,1
9.69,57.85,0,14.68,1
1.04,97.38,5,29.96,0
9.57,88.34,1,41.77,1
6.75,63.41,7,36.11,1
8.81,79.54,2,19.29,1
5.09,86.07,9,27.47,1
5.64,97.06,5,44.21,1
5.4,94.08,5,17.11,1
7.0,75.76,3,31.28,1
2.26,88.73,4,24.25,0
1.27,78.11,1,14.97,0
3.77,77.64,9,12.0,1
7.34,55.74,9,32.23,1
2.82,56.31,7,10.83,0
7.06,76.48,9,14.14,1
9.73,63.44,6,23.9,1
1.85,51.05,9,11.74,0
7.05,86.14,5,26.02,1
4.99,51.62,6,15.21,0
8.81,79.76,0,23.99,1
2.59,76.96,4,41.65,0
7.23,98.44,6,35.05,1
8.54,74.21,0,27.82,1
9.5,53.18,1,13.67,1
7.15,77.58,8,34.77,1
5.47,92.05,2,16.55,1
6.56,99.84,5,13.06,1
8.82,71.52,6,36.56,1
6.14,66.01,8,46.48,1
1.27,95.33,4,28.42,0
9.38,59.56,3,11.64,1
7.21,80.77,1,45.21,1
7.09,70.29,2,12.68,1
2.94,52.05,4,44.7,0
6.93,67.36,1,25.67,1
4.54,63.26,3,24.62,0
6.86,84.3,0,31.71,1
1.96,97.44,3,48.28,0
6.92,63.4,6,45.95,1
9.99,90.57,2,28.81,1
1.43,52.77,9,37.83,0
9.79,76.91,7,33.22,1
4.66,53.53,5,37.74,0
8.84,96.7,5,43.17,1
8.04,88.32,0,11.38,1
6.1,82.9,4,23.03,1
7.65,91.19,2,48.37,1
8.91,82.38,9,47.97,1
4.64,98.45,0,10.45,0
3.94,85.7,7,18.06,1
7.01,96.23,6,49.75,1
8.27,75.86,6,29.71,1
7.86,55.85,9,32.91,1
8.18,76.41,9,16.66,1
4.92,56.34,9,45.77,1
8.36,79.62,3,19.25,1
2.08,74.12,5,17.59,0
5.9,81.13,8,19.12,1
1.05,50.5,2,46.78,0
3.92,59.74,8,38.11,1
4.3,74.57,3,40.74,0
4.57,97.53,4,25.08,1
7.26,69.18,6,46.37,1
4.5,71.22,5,41.58,1
5.04,85.73,9,40.02,1
3.14,80.19,7,48.84,1
4.36,64.95,7,24.65,1
3.05,70.54,7,34.44,1
1.66,60.88,2,46.4,0
6.43,98.3,9,41.64,1
7.01,56.53,5,32.54,1
6.58,68.59,6,13.05,1
5.17,51.29,8,36.11,1
4.42,61.09,9,31.06,1
8.77,89.02,9,17.37,1
5.67,60.06,3,45.29,1
5.31,54.0,4,23.73,0
1.23,73.72,7,25.5,0
4.07,50.5,0,36.9,0
4.42,54.24,5,29.55,0
4.59,90.38,3,13.57,1
6.22,88.57,4,25.5,1
5.8,95.76,4,13.78,1
6.47,92.73,1,17.63,1
7.88,84.16,7,10.29,1
8.32,52.62,1,17.25,1
7.46,89.14,3,23.22,1
9.6,92.28,4,31.53,1
1.16,89.95,0,46.77,0
2.76,75.42,5,31.61,0
1.07,61.65,1,38.22,0
6.83,92.27,4,24.31,1
9.08,86.36,5,40.07,1
3.19,99.04,7,34.82,1
9.34,57.78,8,28.39,1
1.54,61.28,5,17.75,0
9.41,60.59,4,22.14,1
4.16,89.63,3,34.84,1
1.91,59.35,1,27.04,0
5.37,53.33,1,45.58,0
3.31,99.93,6,19.39,1
3.56,51.24,4,12.92,0
3.77,91.76,6,33.57,1
8.23,68.27,0,45.44,1
5.85,92.08,0,24.59,1
3.8,77.73,4,35.91,1
6.49,95.08,1,19.26,1
7.45,96.31,7,32.34,1
3.45,50.45,2,41.47,0
4.72,53.77,0,44.68,0
2.1,62.52,1,14.2,0
2.63,83.47,9,24.25,1
7.13,94.41,9,35.59,1
2.63,73.0,6,11.39,0
5.73,80.35,5,37.62,1
7.38,59.42,7,31.12,1
1.96,90.25,6,21.54,0
6.11,98.37,9,42.59,1
3.31,63.43,7,21.6,0
9.67,74.74,2,49.66,1
5.35,54.31,5,42.65,1
8.25,77.96,6,38.32,1
5.95,75.14,9,12.45,1
1.39,57.22,0,46.17,0
6.7,72.1,0,41.6,1
9.56,66.71,6,19.16,1
6.41,76.09,2,25.69,1
8.37,79.28,2,20.75,1
8.96,50.42,4,49.38,1
3.05,88.05,5,44.17,1
2.91,85.65,1,47.21,0
6.5,68.31,2,41.55,1
4.7,52.65,5,28.25,0
8.56,87.75,2,18.22,1
9.1,97.76,4,18.32,1
4.18,62.01,8,16.07,1
3.13,66.18,2,31.87,0
8.02,59.19,5,46.8,1
3.47,78.85,4,49.67,1
8.4,57.74,4,21.49,1
4.81,67.81,5,37.89,1
7.01,84.85,5,33.88,1
1.86,78.01,0,29.56,0
6.61,69.32,8,36.63,1
5.07,71.01,4,24.85,1
6.28,78.11,0,47.78,1
2.51,50.29,7,38.22,0
7.63,53.93,6,40.17,1
8.77,94.06,6,19.7,1
2.95,53.89,4,16.74,0
1.86,85.34,0,25.77,0
1.21,96.0,8,40.67,1
6.78,63.53,8,47.55,1
6.46,68.52,7,27.09,1
5.92,78.45,4,40.97,1
3.09,94.09,2,28.82,0
4.52,97.1,7,21.81,1
6.35,86.98,0,39.57,1
5.47,54.33,2,41.93,0
9.89,83.46,6,18.11,1
2.23,70.52,3,22.21,0
7.26,73.54,6,29.79,1
4.64,52.46,4,17.46,0
4.85,59.55,5,47.15,1
7.46,89.53,6,33.65,1
7.23,72.7,9,14.85,1
9.92,65.08,6,17.36,1
2.16,69.2,6,48.17,0
1.94,92.72,6,39.53,1
7.52,87.45,6,39.38,1
6.21,63.62,2,12.9,0
3.47,55.88,2,45.81,0
1.71,62.6,6,27.75,0
1.77,96.04,1,36.39,0
9.05,79.08,1,48.39,1
2.73,76.67,2,14.0,0
3.91,79.82,3,29.29,0
3.04,68.3,5,11.98,0
4.19,90.36,7,29.98,1
1.62,76.16,9,20.09,0
5.67,55.84,9,46.44,1
1.61,56.45,6,25.94,0
8.2,76.84,3,35.35,1
3.1,96.83,1,44.41,0
5.86,65.42,1,49.35,1
8.92,93.48,3,30.15,1
6.86,88.2,5,28.23,1
5.8,62.39,2,13.03,0
3.92,51.82,5,10.51,0
4.0,55.09,4,34.35,0
7.03,86.42,4,12.62,1
9.95,59.98,1,25.22,1
6.96,68.56,7,10.14,1
6.02,75.08,4,34.61,1
7.58,86.27,1,27.02,1
5.19,55.66,6,15.08,1
1.54,70.32,8,21.85,0
6.06,74.25,8,32.79,1
9.62,77.04,0,36.27,1
2.58,90.92,6,28.49,1
7.21,58.58,8,42.16,1
2.81,90.39,5,14.5,0
5.82,84.64,0,13.38,1
1.87,77.79,1,11.77,0
5.05,84.98,3,31.43,1
7.81,70.6,3,38.25,1
4.13,56.92,1,15.22,0
6.98,83.29,7,35.56,1
8.16,76.23,1,29.08,1
9.34,81.97,2,49.49,1
3.11,66.9,3,38.7,0
4.59,95.34,8,36.3,1
2.37,79.37,9,32.82,1
9.93,54.27,0,49.89,1
9.34,72.49,7,49.22,1
5.86,87.82,4,31.52,1
8.58,89.71,6,28.21,1
5.69,74.73,7,28.48,1
6.61,94.74,4,27.13,1
1.8,63.38,7,31.26,0
7.8,70.53,9,20.94,1
2.15,94.93,7,47.07,1
8.43,94.81,8,29.61,1
8.04,84.29,1,43.68,1
7.38,92.95,2,29.01,1
1.33,54.44,0,38.73,0
3.73,93.25,3,23.48,1
3.37,66.03,4,34.99,0
4.24,58.92,0,29.93,0
1.79,61.97,7,24.68,0
9.43,70.9,1,45.26,1
5.98,62.56,0,14.51,0
3.75,66.03,1,29.48,0
4.57,56.75,4,17.77,0
5.02,64.81,8,44.44,1
6.41,78.61,8,20.14,1
5.64,72.09,1,35.34,0
9.27,67.34,1,16.62,1
5.47,87.32,2,26.2,1
9.93,94.68,6,45.97,1
8.66,87.84,2,16.64,1
2.88,66.6,0,36.53,0
9.38,87.22,5,18.18,1
2.05,57.6,2,26.63,0
8.36,56.52,0,31.62,1
4.43,67.28,3,33.09,0
8.9,90.39,0,34.1,1
8.81,62.32,0,35.61,1
8.25,53.16,1,20.87,1
8.11,56.59,9,26.05,1
3.74,92.94,7,11.49,1
1.73,81.69,1,40.75,0
4.63,62.66,1,43.48,0
2.56,77.76,9,17.97,1
7.25,76.38,9,18.06,1
4.11,82.77,7,11.68,1
9.78,61.66,5,48.82,1
6.77,93.22,3,42.29,1
8.4,65.47,2,24.43,1
2.19,84.71,0,29.28,0
8.76,50.81,2,21.68,1
9.3,68.63,8,33.89,1
5.38,67.59,4,38.69,1
6.46,77.17,5,27.89,1
7.88,53.64,4,44.94,1
2.57,89.51,0,30.68,0
5.52,60.89,9,15.77,1
4.59,83.85,0,34.89,0
2.32,90.16,3,28.49,0
4.31,78.09,2,47.43,0
1.61,87.04,7,25.68,0
1.23,83.09,6,26.11,0
2.22,67.78,6,36.03,0
9.67,90.44,7,31.08,1
5.95,64.74,9,24.98,1
9.69,78.56,6,49.59,1
4.89,87.27,9,22.09,1
3.81,68.95,1,21.1,0
5.56,65.14,3,44.58,1
4.96,72.97,5,10.13,1
1.95,90.9,2,18.05,0
6.77,96.5,2,33.62,1
2.94,77.25,5,16.5,0
6.58,83.07,0,49.43,1
6.85,95.16,0,28.57,1
2.37,54.93,4,33.89,0
1.55,61.6,0,16.41,0
8.03,85.45,9,21.58,1
5.14,91.19,7,34.58,1
1.52,92.85,1,31.98,0
9.95,70.76,5,41.37,1
1.52,54.47,9,20.77,0
7.26,71.89,9,36.14,1
9.85,61.54,4,21.64,1
3.15,64.56,9,33.47,1
2.28,88.61,3,34.2,0
2.09,53.78,0,14.87,0
3.73,91.38,2,31.95,0
1.91,71.38,3,10.48,0
7.23,79.8,1,30.05,1
1.56,54.48,1,37.9,0
5.58,66.87,1,12.91,0
9.97,54.49,0,47.55,1
8.33,98.08,9,28.35,1
6.54,90.36,1,47.54,1
3.76,72.98,5,14.3,0
6.62,61.18,2,48.0,1
5.74,96.67,9,14.37,1
4.83,67.23,4,28.46,1
2.18,58.05,0,47.52,0
8.98,78.16,7,19.31,1
5.05,97.19,3,11.39,1
2.75,50.19,8,41.72,0
4.31,61.91,3,33.84,0
4.73,96.92,1,30.56,1
8.45,58.55,2,11.37,1
7.6,55.66,4,36.13,1
7.92,78.51,9,16.86,1
1.1,93.09,5,47.25,0
4.75,73.86,6,37.43,1
5.33,99.73,3,38.28,1
1.17,83.96,6,19.3,0
3.34,53.7,9,45.23,1
7.84,99.64,2,31.51,1
2.23,70.39,6,44.28,0
5.82,64.37,3,20.84,1
2.94,77.89,7,40.22,1
1.11,65.22,8,32.98,0
3.17,54.32,6,11.94,0
9.78,50.07,7,26.21,1
8.21,72.48,7,17.36,1
9.64,91.84,1,24.37,1
5.39,78.62,8,25.33,1
1.99,99.96,5,29.0,1
5.93,64.34,3,34.01,1
5.09,64.02,4,32.84,1
8.6,57.99,9,11.56,1
1.88,58.2,4,40.03,0
5.39,64.26,6,47.97,1
2.35,89.64,8,23.95,1
3.92,95.29,6,17.19,1
7.64,98.75,8,31.6,1
5.28,61.61,3,38.2,0
4.38,94.06,9,37.16,1
4.55,66.41,9,34.48,1
5.14,55.64,3,15.85,0
8.07,93.5,5,43.47,1
9.03,81.81,7,27.02,1
9.6,58.24,8,18.86,1
8.08,71.49,0,13.45,1
3.84,64.36,0,26.67,0
7.19,86.84,7,34.72,1
4.94,72.67,6,36.62,1
3.29,99.46,8,48.51,1
8.57,52.74,2,16.13,1
1.35,67.75,9,49.43,0
9.12,74.1,4,36.19,1
5.15,75.16,2,28.17,0
6.73,65.8,4,45.53,1
6.93,86.46,9,37.78,1
9.06,93.74,0,23.95,1
6.73,96.94,3,45.36,1
6.53,90.25,5,36.66,1
1.6,92.53,1,37.95,0
5.67,77.53,6,45.86,1
2.35,91.29,7,27.94,1
7.64,65.18,0,36.28,1
5.61,69.92,3,39.79,1
7.12,65.85,3,28.16,1
1.38,73.37,4,13.34,0
1.76,64.28,3,40.86,0
7.45,98.08,8,11.91,1
1.65,65.64,6,38.72,0
1.64,54.9,1,46.44,0
1.11,76.34,0,23.88,0
9.61,52.85,8,14.08,1
7.64,55.53,0,19.31,0
4.18,60.97,5,32.49,0
3.67,73.22,1,47.71,0
4.15,71.66,3,30.49,0
7.97,89.98,5,14.51,1
6.95,86.97,4,35.11,1
2.67,71.32,5,39.31,0
2.57,66.69,2,25.73,0
1.89,65.82,4,38.86,0
6.94,88.7,1,22.99,1
7.88,52.6,6,41.56,1
3.39,50.64,2,23.64,0
1.19,89.78,0,20.24,0
1.74,73.86,7,45.17,0
9.71,56.54,7,31.94,1
3.66,61.78,2,21.41,0
7.92,96.63,6,47.4,1
6.62,92.98,8,37.63,1
4.44,85.49,7,18.83,1
2.85,74.11,2,34.59,0
2.09,76.02,1,44.81,0
6.54,98.76,9,37.85,1
7.97,98.29,6,19.79,1
6.8,60.76,6,35.95,1
5.77,90.56,8,34.77,1
1.38,59.86,4,42.83,0
9.72,60.68,3,17.13,1
8.19,83.8,7,37.99,1
3.64,70.25,3,11.09,0
9.82,96.58,3,37.85,1
6.42,54.45,1,48.42,0
6.24,75.58,0,16.98,0
7.73,95.93,3,22.45,1
8.31,95.21,6,33.31,1
6.91,57.83,8,39.3,1
2.15,68.33,8,23.77,0
4.04,80.96,9,36.57,1
9.35,57.97,0,45.97,1
3.02,98.4,4,39.06,1
4.35,95.74,6,38.44,1
4.89,58.35,6,25.28,1
4.95,56.06,9,46.46,1
6.52,54.27,5,21.09,1
9.49,95.47,9,18.21,1
3.17,59.68,3,24.57,0
2.09,70.81,2,36.01,0
2.78,72.44,8,44.47,1
8.98,79.95,9,15.28,1
6.81,53.59,3,42.55,1
3.57,61.34,7,42.51,1
8.34,96.57,0,33.48,1
8.75,95.42,6,40.43,1
8.62,89.06,5,17.28,1
9.27,50.97,0,16.78,1
3.27,66.35,3,44.51,0
7.8,81.4,4,29.93,1
5.14,63.76,7,19.84,1
8.58,95.48,3,37.55,1
7.56,81.69,2,45.68,1
7.99,53.6,1,35.29,1
6.91,95.45,3,23.89,1
2.6,97.89,9,29.33,1
5.91,53.89,3,40.09,0
9.86,76.62,9,12.7,1
9.44,65.17,4,18.69,1
1.39,69.64,6,28.5,0
2.48,58.98,8,34.17,0
2.19,78.9,1,23.57,0
7.53,97.9,4,21.94,1
8.36,75.15,9,11.66,1
2.92,54.15,8,11.3,0
5.55,81.0,2,21.15,1
8.57,67.01,0,31.22,1
7.6,92.8,1,32.25,1
5.88,71.73,5,29.76,1
6.31,59.64,4,26.4,1
5.58,59.56,0,20.09,0
3.68,88.44,0,26.03,0
6.09,63.28,3,15.55,1
7.2,88.36,3,14.61,1
8.86,60.29,5,22.0,1
6.73,66.08,5,49.81,1
7.85,73.27,9,23.06,1
2.44,97.16,5,47.46,1
5.15,96.59,0,25.69,1
1.08,60.34,9,27.56,0
3.22,67.91,8,41.88,1
7.54,57.47,6,13.75,1
9.93,75.5,6,17.29,1
1.89,73.03,6,48.95,0
4.61,95.04,1,30.24,1
8.2,96.5,1,11.77,1
2.84,69.18,5,11.9,0
6.0,74.59,6,46.29,1
7.6,94.81,2,44.93,1
6.54,90.34,3,28.34,1
2.69,50.18,2,16.53,0
4.2,66.0,6,43.21,1
8.05,71.09,6,22.98,1
5.99,61.49,3,26.76,1
1.05,59.98,6,37.3,0
7.85,51.89,4,24.14,1
1.32,82.17,0,35.15,0
7.71,63.13,9,45.41,1
2.82,52.62,3,41.89,0
9.62,61.55,6,25.26,1
4.31,90.1,1,21.52,0
3.94,92.57,1,21.42,0
2.34,74.15,0,23.94,0
3.75,70.8,1,29.74,0
8.89,98.89,9,26.66,1
9.97,60.03,7,15.32,1
4.31,60.77,7,16.54,1
5.04,64.59,7,23.72,1
7.5,58.64,0,32.48,1
8.98,68.97,0,33.71,1
6.34,95.54,9,29.45,1
4.52,80.77,3,39.55,1
4.71,70.6,5,39.49,1
7.26,96.72,7,27.11,1
1.03,52.42,1,14.98,0
6.58,60.51,2,31.21,1
4.2,78.29,5,25.26,1
8.15,80.78,9,15.52,1
1.84,51.98,3,49.27,0
6.29,70.15,1,24.79,1
5.33,82.46,6,35.03,1
6.78,84.9,3,29.61,1
1.58,81.91,7,15.71,0
6.22,66.03,7,12.22,1
6.05,54.68,6,35.03,1
6.05,71.36,9,19.88,1
6.43,56.44,8,19.75,1
7.09,97.38,3,48.28,1
8.24,73.76,6,28.47,1
3.43,65.86,9,11.18,1
8.43,88.32,9,23.59,1
5.48,74.9,0,33.38,0
1.69,65.5,3,23.14,0
1.53,90.6,1,11.07,0
4.01,93.36,8,27.77,1
8.06,83.65,4,14.24,1
7.37,52.35,2,34.77,1
8.1,78.32,3,34.78,1
5.66,88.16,5,11.51,1
4.96,56.83,9,21.63,1
2.33,61.43,0,26.55,0
3.95,94.12,6,32.01,1
4.91,51.01,7,21.84,1
1.8,87.64,6,21.51,0
2.99,73.69,6,49.32,1
6.38,72.34,8,11.67,1
7.62,50.35,3,49.56,1
9.99,90.97,6,11.91,1
9.4,67.99,8,21.53,1
6.78,77.04,4,29.75,1
4.79,83.87,1,15.73,0
6.73,85.13,4,15.39,1
8.07,97.8,3,20.25,1
2.07,76.57,7,48.94,1
4.69,69.99,4,25.2,1
8.56,97.69,8,32.64,1
4.45,82.11,8,38.17,1
6.15,64.91,2,39.69,1
6.29,56.32,9,37.52,1
2.66,92.13,5,23.48,1
4.26,68.11,5,14.47,0
4.01,83.02,3,21.27,0
1.24,73.54,9,18.41,0
1.22,59.95,2,15.45,0
8.49,80.08,0,10.98,1
3.46,53.03,6,47.43,0
5.66,70.67,4,46.84,1
3.69,77.33,9,12.02,1
9.47,71.8,6,16.92,1
3.33,87.43,0,15.58,0
4.87,91.4,7,21.25,1
8.85,88.56,2,18.16,1
8.58,51.94,6,47.83,1
2.67,59.71,2,13.37,0
8.22,76.83,2,18.47,1
5.12,96.74,9,13.23,1
5.35,91.75,8,49.22,1
2.2,92.13,1,46.74,0
1.73,65.16,3,38.67,0
7.55,71.47,5,27.04,1
5.47,73.54,2,17.61,0
4.93,57.87,9,18.86,1
7.57,51.55,9,27.72,1
7.89,97.35,6,40.73,1
2.43,62.04,6,20.59,0
6.49,62.0,4,22.43,1
2.22,54.17,2,34.0,0
7.76,96.43,1,19.51,1
6.91,78.99,3,33.37,1
9.61,83.35,3,25.49,1
1.62,95.58,7,11.37,1
1.51,67.28,7,26.11,0
3.54,81.08,4,46.78,1
3.36,51.94,5,21.72,0
3.22,59.34,7,22.91,0
9.16,91.56,0,12.64,1
3.25,88.34,4,34.6,1
3.45,67.53,3,43.97,0
7.83,68.84,3,24.12,1
5.05,76.68,1,19.61,0
7.99,50.01,9,48.26,1
1.59,62.06,0,39.8,0
5.39,60.41,5,32.69,1
1.3,62.52,6,22.22,0
1.56,90.3,4,18.83,0
9.16,63.98,7,38.63,1
2.25,59.58,8,30.87,0
5.79,75.21,1,30.82,1
4.7,93.28,3,12.95,1
4.13,62.07,8,30.49,1
9.1,53.93,4,42.91,1
1.2,67.82,2,47.87,0
6.97,87.38,5,14.27,1
9.67,77.53,2,35.25,1
6.04,90.84,4,32.73,1
9.43,97.98,2,45.61,1
1.47,89.63,5,40.05,0
4.77,80.19,9,48.61,1
3.34,74.67,4,48.4,0
7.58,52.0,8,19.03,1
9.83,99.22,2,39.01,1
3.31,69.17,5,31.22,0
6.89,57.61,7,18.58,1
2.78,83.34,6,17.79,0
6.09,64.21,5,13.24,1
5.18,79.29,1,41.82,1
9.75,79.34,6,22.98,1
6.48,72.29,7,44.28,1
4.15,91.81,0,34.33,0
2.03,63.25,8,36.95,0
2.36,72.43,3,21.67,0
3.03,76.88,7,28.29,1
3.26,83.18,9,26.49,1
8.66,89.2,6,19.43,1
6.05,69.74,9,43.3,1
5.71,82.3,6,34.88,1
2.03,57.53,1,11.5,0
8.74,96.63,0,42.8,1
7.51,69.15,3,14.24,1
1.61,86.48,1,26.15,0
7.37,51.02,7,32.85,1
5.89,60.26,9,10.31,1
1.74,74.35,6,36.12,0
5.12,93.91,7,36.39,1
5.36,76.36,5,36.1,1
2.49,96.49,0,16.54,0
9.51,74.19,8,20.23,1
8.65,74.52,5,19.9,1
7.02,55.99,9,48.4,1
5.16,90.13,0,12.7,0
4.71,62.35,0,27.15,0
6.86,94.98,7,44.85,1
5.91,95.54,5,40.78,1
1.56,97.17,7,42.9,1
5.61,76.01,7,48.89,1
8.26,83.85,7,25.49,1
5.13,88.93,9,22.39,1
1.47,56.55,6,11.23,0
8.08,80.05,6,16.0,1
2.81,51.71,9,32.48,0
3.33,74.88,3,16.31,0
2.48,57.74,8,39.45,0
3.97,59.15,1,11.49,0
7.81,68.25,8,20.38,1
5.67,71.62,9,37.82,1
2.84,81.16,2,20.22,0
8.9,53.72,1,39.15,1
8.92,75.18,3,49.83,1
8.84,59.13,4,41.88,1
3.15,78.7,1,23.67,0
5.06,81.87,0,46.02,0
9.86,77.84,9,12.05,1
7.95,86.91,4,39.0,1
1.24,66.78,8,10.93,0
1.59,88.26,4,16.98,0
5.18,71.64,9,49.5,1
9.18,74.21,8,24.44,1
5.85,82.41,9,42.82,1
5.48,50.92,5,25.04,0
1.95,82.7,2,43.6,0
6.91,80.93,3,48.62,1
8.4,65.49,3,27.42,1
4.42,54.29,0,32.37,0
7.98,54.55,2,35.15,1
9.68,96.16,2,47.39,1
2.83,84.46,0,20.27,0
5.71,56.36,8,34.45,1
3.58,67.84,0,22.99,0
8.14,79.62,8,18.68,1
6.2,91.78,0,13.4,1
6.71,52.18,1,34.83,0
8.18,61.83,1,45.28,1
4.56,94.49,5,24.06,1
9.24,50.46,6,32.11,1
5.8,60.07,0,35.69,0
2.42,97.95,2,26.59,0
7.26,80.67,1,46.13,1
8.14,63.08,7,24.51,1
3.85,53.35,8,15.0,0
8.71,51.41,1,15.76,1
9.16,62.24,1,45.63,1
3.49,94.07,9,49.52,1
9.85,70.8,8,21.56,1
2.27,86.02,3,15.74,0
2.82,95.91,4,29.29,1
2.66,70.4,8,38.38,1
9.05,59.56,5,34.5,1
6.89,75.86,9,48.04,1
2.37,95.4,8,42.71,1
4.96,90.22,8,44.76,1
6.54,53.29,6,31.67,1
1.75,84.63,9,23.09,1
8.94,78.59,8,38.07,1
8.23,95.37,4,27.56,1
5.55,56.12,4,21.51,0
9.7,76.7,7,16.09,1
4.76,93.97,9,31.11,1
9.86,70.5,3,33.77,1
7.01,74.1,8,32.75,1
6.71,53.52,6,14.66,1
2.49,63.91,6,32.8,0
8.94,66.23,2,16.74,1
4.85,97.26,3,36.55,1
2.46,64.13,6,27.18,0
1.11,73.04,4,43.95,0
6.04,83.57,2,41.13,1
5.75,58.11,0,38.98,0
7.47,74.32,6,38.03,1
9.01,86.93,5,32.42,1
1.71,93.34,9,12.44,1
7.58,81.31,6,36.22,1
2.69,83.45,1,28.68,0
8.72,56.31,3,28.78,1
8.37,97.29,1,25.16,1
5.87,56.63,7,47.16,1
7.39,88.73,6,19.98,1
3.83,63.24,0,22.66,0
5.24,96.68,1,48.52,1
8.39,86.0,1,42.41,1
5.13,87.69,3,10.56,1
4.22,60.95,2,46.24,0
5.45,72.15,0,19.07,0
8.45,80.89,1,38.24,1
4.02,88.5,8,32.12,1
2.56,55.2,0,31.47,0
7.41,98.12,8,38.72,1
8.43,94.51,6,18.29,1
1.91,63.52,1,16.36,0
3.16,91.14,1,36.08,0
2.28,75.92,4,21.62,0
4.13,73.09,4,48.96,1
5.05,65.72,3,28.06,0
7.74,79.05,9,14.46,1
6.86,86.49,9,37.43,1
6.59,70.55,2,22.25,1
4.17,81.46,3,15.94,0
8.57,84.97,9,26.91,1
5.24,85.56,3,48.57,1
9.81,52.6,1,26.46,1
6.71,92.99,4,23.89,1
2.14,72.91,4,27.78,0
7.09,63.12,4,10.48,1
3.93,62.09,9,15.32,1
7.18,74.15,0,43.99,1
1.63,94.34,5,49.12,0
2.57,68.92,1,16.32,0
8.7,87.49,6,31.42,1
3.04,54.84,3,48.65,0
8.53,73.8,4,16.26,1
3.51,99.58,4,17.45,1
6.79,88.52,4,47.07,1
7.25,60.53,1,38.23,1
5.61,75.07,4,16.08,1
3.75,61.68,2,25.74,0
2.91,70.48,3,12.25,0
1.3,89.0,1,27.31,0
3.74,88.56,3,41.12,1
6.88,61.41,8,32.16,1
9.44,96.11,7,35.9,1
8.84,79.63,2,23.07,1
7.89,69.0,0,16.46,1
8.1,75.1,0,10.52,1
6.98,80.25,5,42.85,1
3.34,77.99,2,35.47,0
9.16,74.32,3,19.17,1
7.04,75.25,0,26.74,1
6.04,58.82,7,42.06,1
2.0,90.64,0,31.55,0
5.02,77.09,4,22.01,1
5.14,56.55,5,20.69,0
8.78,88.31,1,18.7,1
5.92,96.62,6,42.95,1
4.42,97.37,6,33.27,1
9.79,68.45,0,38.37,1
2.0,56.78,3,44.4,0
4.8,75.92,3,49.47,1
1.38,55.63,4,19.98,0
7.66,96.7,0,17.24,1
9.26,59.18,0,28.48,1
3.52,62.64,6,11.4,0
8.73,70.33,8,41.67,1
3.63,69.16,0,45.35,0
9.2,89.73,1,37.44,1
7.79,72.82,5,20.72,1
8.24,58.54,5,14.93,1
1.16,63.36,1,25.29,0
9.67,75.46,8,43.33,1
7.54,57.37,3,23.91,1
3.74,80.58,6,11.37,1
8.46,78.29,5,20.97,1
3.53,85.74,2,49.6,0
8.85,96.89,7,37.07,1
2.01,95.61,6,46.03,1
7.33,97.3,8,40.99,1
5.87,62.24,2,31.59,0
1.87,56.58,0,15.95,0
3.18,65.11,1,23.95,0
1.11,94.75,0,33.35,0
5.22,98.6,4,44.83,1
3.71,92.97,9,20.75,1
6.39,55.5,1,14.85,0
3.68,97.37,2,32.35,1
3.7,71.17,7,17.06,1
7.69,50.47,9,34.41,1
1.43,72.12,4,20.54,0
9.13,52.3,3,19.24,1
8.67,77.19,4,25.97,1
7.01,66.93,9,33.73,1
6.34,73.67,5,31.81,1
9.03,80.66,6,19.79,1
2.67,93.44,8,45.64,1
1.71,83.1,0,14.4,0
3.16,71.7,3,11.58,0
8.15,90.97,8,34.11,1
1.31,95.28,4,14.94,0
6.25,55.99,7,30.2,1
9.96,76.6,0,48.07,1
8.7,64.23,3,37.94,1
5.69,52.35,8,34.7,1
1.57,83.43,0,32.99,0
8.48,93.14,0,17.18,1
6.39,58.15,3,27.31,1
2.03,90.62,2,23.7,0
1.84,92.67,6,48.12,1
9.19,95.72,2,19.69,1
7.02,63.26,0,28.86,0
8.46,95.2,9,47.52,1
8.91,66.03,1,41.57,1
6.15,77.62,9,48.58,1
5.66,52.53,3,34.33,0
4.87,52.19,0,23.35,0
3.85,86.02,0,43.07,0
4.91,72.22,7,21.66,1
7.96,62.81,6,16.59,1
6.42,59.52,7,38.25,1
9.03,83.5,3,35.56,1
4.99,50.02,5,45.16,0
6.46,90.29,2,48.48,1
6.68,53.96,7,44.29,1
6.33,59.57,3,12.4,1
7.32,69.31,2,36.58,1
3.14,74.24,3,41.39,0
5.61,67.75,5,49.28,1
1.94,66.04,6,24.99,0
4.46,98.2,6,16.8,1
5.39,82.08,3,44.12,1
6.87,51.17,7,22.7,1
9.55,71.51,6,33.93,1
6.41,93.75,1,25.6,1
7.69,65.07,7,26.09,1
5.56,54.73,8,39.3,1
6.71,87.92,4,24.46,1
1.64,80.3,3,37.72,0
3.29,78.52,3,10.57,0
4.26,52.68,3,22.99,0
5.25,57.02,5,22.76,1
1.41,81.13,3,39.95,0
2.26,60.39,6,22.58,0
3.49,75.2,6,35.33,1
9.74,77.24,4,37.54,1
3.98,64.18,4,36.34,0
5.34,97.42,9,34.13,1
2.76,92.12,7,26.54,1
6.5,86.12,6,24.93,1
3.53,53.9,6,32.58,0
2.86,55.31,5,12.55,0
5.65,74.64,6,45.03,1
1.05,58.04,6,43.01,0
1.07,98.91,9,23.86,1
2.97,57.93,1,32.67,0
1.33,74.37,9,47.29,1
1.97,68.21,1,20.87,0
4.05,81.97,9,39.7,1
8.22,56.45,6,13.31,1
6.15,71.52,9,30.93,1
5.61,63.74,6,45.36,1
3.64,94.39,6,32.07,1
9.39,52.03,4,34.65,1
4.57,95.69,0,46.31,1
1.78,91.65,1,38.61,0
6.55,64.88,8,37.83,1
2.02,89.46,7,33.46,1
4.11,51.56,7,35.32,0
5.57,98.34,9,42.15,1
8.87,76.33,0,49.17,1
5.44,65.16,5,41.81,1
7.32,68.13,8,38.3,1
9.94,53.32,7,15.42,1
2.18,99.47,2,42.68,0
3.47,51.96,3,39.44,0
4.55,82.75,2,40.82,1
4.8,72.14,5,19.24,1
4.7,97.45,8,46.14,1
9.17,62.3,7,13.89,1
7.43,76.6,9,20.14,1
6.47,74.12,3,36.52,1
3.78,85.14,1,36.95,0
8.41,53.4,7,22.53,1
9.6,59.69,7,38.06,1
8.39,60.73,5,25.52,1
1.01,86.91,7,10.01,0
6.73,59.46,8,16.5,1
1.46,78.67,0,45.3,0
3.32,60.76,8,18.91,0
1.54,93.08,1,14.52,0
6.43,97.11,0,37.29,1
7.18,75.92,7,27.63,1
2.03,67.62,7,41.86,0
4.45,61.7,3,44.46,0
5.11,52.49,7,43.84,1
4.32,63.43,6,22.52,1
2.09,82.71,1,30.22,0
4.77,76.68,4,36.01,1
7.76,97.2,9,22.88,1
1.64,69.81,3,11.64,0
1.72,84.69,2,29.83,0
4.19,74.47,0,10.51,0
9.48,75.63,4,48.03,1
7.02,63.39,9,41.87,1
7.11,72.75,7,17.68,1
4.26,73.54,8,21.5,1
6.34,85.33,6,49.31,1
1.09,97.03,0,24.94,0
6.72,66.47,0,41.35,1
9.22,52.11,0,27.87,1
6.51,74.81,1,44.56,1
8.86,77.22,0,38.15,1
7.52,58.42,3,10.92,1
2.09,88.02,9,21.78,1
9.12,99.25,8,32.32,1
1.6,97.29,3,47.05,0
5.81,59.86,3,14.08,0
2.28,93.77,6,34.05,1
1.11,85.22,8,22.09,0
4.8,72.69,6,45.57,1
3.66,77.03,0,40.61,0
5.37,92.48,0,24.79,1
6.19,74.01,3,16.68,1
1.39,68.66,3,10.46,0
2.11,74.66,0,34.85,0
6.03,78.96,5,26.24,1
4.09,59.45,9,22.59,1
7.56,95.05,1,49.42,1
6.87,83.71,4,28.65,1
8.61,81.66,7,39.99,1
7.23,54.97,2,17.1,1
4.87,80.21,8,10.54,1
7.06,56.05,6,26.7,1
3.48,53.93,8,36.63,0
3.76,76.37,0,30.26,0
8.1,70.14,4,45.62,1
5.02,79.44,2,27.36,1
8.19,54.46,3,22.44,1
8.4,71.55,3,46.64,1
8.72,58.74,6,26.27,1
9.25,99.36,9,20.79,1
4.88,78.06,7,13.91,1
3.87,84.37,9,41.73,1
6.24,66.27,4,43.0,1
4.34,54.74,9,11.33,1
6.41,98.79,6,24.35,1
7.35,64.31,2,40.0,1
7.2,71.19,2,47.86,1
4.37,82.49,2,25.11,0
2.5,51.23,3,44.88,0
4.87,90.51,5,25.75,1
2.28,76.83,4,17.18,0
9.01,63.91,7,10.14,1
4.11,53.08,4,23.21,0
2.39,58.12,4,25.14,0
1.23,94.75,9,47.8,1
6.81,84.3,1,18.24,1
6.73,62.5,4,25.29,1
4.07,53.28,6,11.01,0
1.65,84.53,1,40.54,0
4.69,78.62,5,46.61,1
3.8,70.23,6,19.51,1
7.09,68.18,4,27.16,1
6.45,60.84,8,14.88,1
4.28,83.48,3,28.27,1
2.96,98.53,9,15.33,1
9.89,58.79,0,30.93,1
5.09,79.86,7,39.38,1
7.19,71.21,7,32.13,1
2.26,72.33,6,19.81,0
5.37,62.71,7,24.15,1
1.25,91.26,1,35.54,0
5.55,74.26,2,33.59,1
9.68,77.17,8,15.47,1
4.46,65.24,0,43.8,0
1.35,59.09,7,29.01,0
1.28,54.3,7,16.49,0
4.49,85.71,6,14.91,1
2.44,59.81,4,48.62,0
1.21,84.5,3,21.26,0
7.81,69.52,9,46.34,1
5.13,70.79,9,26.42,1
3.6,73.46,9,25.44,1
9.1,68.39,9,38.04,1
2.05,55.03,5,10.4,0
9.6,65.48,0,23.52,1
3.83,83.19,4,22.11,1
9.0,83.29,3,44.72,1
6.43,64.31,3,31.16,1
8.44,73.01,6,24.58,1
9.86,59.67,8,20.64,1
3.6,60.52,7,33.62,0
9.65,51.15,7,16.07,1
4.51,94.84,4,19.85,1
4.47,60.54,5,21.74,0
4.06,61.38,1,34.32,0
5.87,63.98,2,24.93,0
2.39,56.37,4,30.23,0
5.98,81.96,1,36.02,1
5.88,53.76,2,48.25,0
7.86,56.71,3,40.59,1
8.5,82.24,5,26.21,1
4.96,66.98,4,39.93,1
3.72,85.4,9,47.99,1
3.33,77.87,3,29.98,0
2.75,62.8,1,26.42,0
1.52,82.54,4,13.12,0
4.08,55.81,4,45.69,0
3.43,76.82,6,19.86,1
9.7,71.86,0,12.56,1
6.02,63.39,3,31.49,1
4.13,80.2,4,43.84,1
6.22,93.57,7,26.27,1
2.25,99.95,7,41.32,1
5.0,80.39,0,43.46,0
6.64,70.24,4,28.18,1
5.4,61.26,9,33.64,1
4.62,62.85,0,31.36,0
9.94,73.97,0,47.57,1
8.92,68.36,1,39.02,1
6.61,95.69,1,47.01,1
6.12,68.41,8,18.8,1
6.59,68.67,3,22.41,1
2.81,69.18,2,12.84,0
4.56,91.83,0,30.0,0
1.36,82.54,1,44.96,0
5.28,80.71,5,23.07,1
5.89,66.71,8,15.13,1
3.05,90.9,4,12.74,0
9.68,51.92,3,27.9,1
9.19,93.54,4,16.56,1
7.5,75.64,8,23.84,1
5.8,69.91,6,42.8,1
8.83,74.86,7,25.36,1
2.18,83.37,3,34.39,0
8.11,50.64,7,30.09,1
2.12,93.58,5,38.74,1
8.15,72.34,4,16.25,1
3.48,67.15,6,46.82,1
8.89,56.91,5,35.75,1
9.5,71.97,2,20.84,1
2.34,74.82,4,14.93,0
5.16,70.18,8,15.99,1
9.83,83.93,6,41.31,1
5.35,71.04,3,33.52,1
8.77,98.07,6,25.23,1
6.3,79.96,4,23.32,1
4.38,90.37,1,44.23,1
3.57,55.47,5,44.99,0
2.83,69.86,6,33.25,0
7.86,66.84,7,30.98,1
4.48,78.47,5,42.66,1
5.6,93.06,7,39.97,1
5.43,53.92,6,26.01,1
6.2,53.63,1,13.31,0
8.79,92.52,5,40.74,1
9.83,60.64,8,16.75,1
4.67,83.44,5,10.66,1
8.45,77.14,3,43.73,1
7.88,91.64,6,33.13,1
6.16,56.25,2,45.67,1
9.6,56.49,4,29.38,1
2.8,77.84,0,47.06,0
1.98,97.32,9,24.16,1
8.69,70.75,2,38.98,1
4.95,66.35,7,22.04,1
8.62,80.33,8,10.05,1
9.04,96.52,8,25.19,1
1.56,91.85,9,39.51,1
8.95,99.77,1,16.0,1
5.03,51.13,3,30.19,0
5.59,55.64,4,18.49,0
6.64,80.47,2,12.98,1
9.34,91.03,0,34.7,1
1.17,64.26,5,48.08,0
5.29,61.96,9,22.43,1
7.19,89.35,1,33.23,1
7.5,52.82,8,48.14,1
7.23,68.47,0,36.02,1
2.21,75.29,8,36.92,1
3.69,78.02,6,17.16,1
4.23,86.43,9,29.7,1
8.24,67.74,1,24.68,1
3.51,80.63,5,28.84,1
2.9,79.27,7,42.03,1
9.62,77.38,1,28.43,1
1.08,82.02,4,12.51,0
9.98,62.97,5,46.22,1
7.09,54.23,2,31.79,1
8.46,55.96,1,46.98,1
3.65,61.23,5,32.89,0
1.13,75.01,2,12.79,0
7.64,92.02,1,32.11,1
8.51,85.06,0,33.03,1
7.66,89.45,7,18.57,1
2.29,67.55,0,28.84,0
7.78,70.23,4,28.38,1
7.92,69.68,5,34.92,1
6.93,59.59,2,20.38,1
7.9,53.06,6,33.27,1
8.61,79.55,1,19.64,1
6.52,99.46,6,27.86,1
1.8,58.34,1,14.91,0
5.39,52.33,4,11.49,0
1.7,88.98,6,22.82,0
4.67,62.63,2,20.98,0
4.66,91.48,3,26.28,1
1.59,85.2,0,48.48,0
4.14,97.28,2,30.89,1
2.0,70.45,8,32.13,0
8.27,83.1,9,47.66,1
9.53,73.24,4,46.85,1
1.65,81.53,7,45.36,0
9.6,72.48,1,13.92,1
5.7,59.43,2,35.37,0
3.7,75.39,6,42.32,1
1.69,76.43,9,43.42,1
5.51,90.53,3,33.12,1
8.15,86.78,8,10.7,1
7.36,83.19,6,48.95,1
1.45,55.67,0,28.89,0
1.66,86.03,3,25.74,0
4.63,75.02,9,25.8,1
3.66,94.7,5,26.97,1
3.09,95.99,5,19.69,1
3.53,52.76,9,23.09,1
8.23,91.03,5,49.41,1
9.36,51.88,4,24.73,1
4.65,68.36,2,31.07,0
9.15,77.11,1,43.93,1
3.89,57.41,2,31.1,0
5.29,87.32,8,22.98,1
3.03,50.42,2,30.95,0
6.76,58.43,2,14.56,1
9.81,79.04,0,15.2,1
6.43,85.72,1,37.76,1
4.22,95.83,2,46.7,1
6.83,85.27,1,39.03,1
2.11,83.59,7,12.98,0
9.0,69.72,5,26.12,1
5.53,50.06,6,10.1,1
5.04,56.01,0,30.45,0
6.27,76.73,5,17.73,1
6.62,83.76,1,44.73,1
1.65,70.87,5,14.17,0
7.14,86.53,2,10.06,1
3.18,76.09,6,28.05,1
7.43,53.71,2,16.22,1
8.4,59.6,8,39.52,1
8.24,92.0,2,46.8,1
5.97,86.25,6,11.68,1
5.68,94.74,3,25.82,1
2.29,55.88,7,49.87,0
7.98,99.51,1,39.31,1
3.44,60.47,7,48.13,1
5.47,50.59,8,16.56,1
3.56,99.87,7,18.85,1
2.2,64.05,5,16.19,0
6.67,83.4,9,22.09,1
1.49,58.83,0,38.98,0
7.74,79.01,6,16.6,1
3.86,95.2,0,30.97,0
1.0,66.01,6,20.77,0
5.6,83.51,1,43.17,1
1.42,59.4,7,10.26,0
3.49,81.24,1,18.92,0
7.36,66.82,2,34.21,1
1.56,60.56,2,13.87,0
8.55,65.66,0,28.65,1
1.03,58.94,4,27.45,0
3.22,95.1,4,44.1,1
7.67,69.86,9,35.02,1
3.85,62.26,4,35.59,0
1.92,72.42,8,48.07,1
4.24,66.03,5,49.29,1
3.43,87.22,5,36.14,1
8.58,98.56,2,30.88,1
3.82,71.9,4,34.32,0
8.1,93.05,9,25.3,1
9.03,78.29,6,49.5,1
4.9,57.86,2,38.2,0
9.19,84.53,1,21.64,1
4.4,75.67,4,12.31,0
9.68,82.53,2,11.79,1
1.8,94.48,4,18.2,0
7.18,72.02,8,19.32,1
5.44,95.06,9,26.6,1
4.49,87.53,0,18.59,0
6.69,74.43,3,35.24,1
7.33,80.16,9,18.45,1
1.04,66.28,4,17.52,0
2.5,99.18,1,28.85,0
7.42,83.37,1,45.55,1
7.0,52.19,0,28.73,0
9.69,66.33,7,26.55,1
7.85,81.17,1,33.12,1
9.56,52.82,2,20.29,1
7.32,51.19,1,24.14,0
3.68,72.5,3,18.55,0
1.95,66.63,0,32.87,0
8.04,71.91,2,37.9,1
6.8,63.13,4,36.95,1
1.43,58.24,9,20.19,0
4.24,84.46,0,41.19,0
9.61,75.73,3,20.24,1
5.5,60.01,5,16.01,1
4.89,65.98,3,23.99,0
5.12,79.59,6,33.91,1
2.88,53.61,6,15.68,0
4.32,57.37,5,35.92,0
4.33,53.66,8,44.52,1
1.47,90.62,1,21.73,0
7.91,87.62,9,28.01,1
4.75,87.67,7,19.13,1
8.4,85.82,7,24.45,1
8.65,83.47,9,10.88,1
2.91,73.85,3,48.15,0
6.92,82.11,5,26.64,1
5.25,51.92,5,41.55,1
8.92,81.07,4,15.71,1
2.94,88.89,0,42.49,0
7.1,75.02,2,44.41,1
6.47,67.88,6,38.62,1
3.66,63.87,7,46.13,1
2.23,82.14,1,16.69,0
6.86,84.64,2,29.06,1
7.65,93.55,3,34.8,1
3.84,67.12,4,33.85,0
6.8,88.49,2,44.44,1
4.56,78.07,4,18.63,1
7.42,94.14,7,17.03,1
2.79,76.39,7,20.14,1
9.01,75.88,1,45.66,1
3.59,78.89,5,47.64,1
4.31,87.47,3,32.79,1
1.52,98.23,8,30.05,1
2.0,53.68,9,34.22,0
5.64,52.67,1,34.65,0
3.41,96.88,7,16.81,1
8.52,76.49,0,37.46,1
1.13,80.75,5,28.09,0
4.41,74.12,9,30.7,1
4.04,54.68,0,11.21,0
1.17,88.4,1,40.58,0
2.12,87.36,2,43.42,0
4.72,65.59,8,34.78,1
5.44,65.31,4,39.95,1
4.64,91.89,9,30.91,1
5.78,53.62,9,34.73,1
6.36,94.06,1,25.78,1
1.09,62.83,9,41.67,0
5.18,79.65,4,28.73,1
9.67,96.8,4,37.21,1
5.67,83.91,0,34.86,1
7.1,70.72,2,38.09,1
3.81,84.48,4,41.41,1
7.97,67.2,8,30.51,1
7.96,63.86,9,42.52,1
5.69,99.83,0,29.89,1
9.78,87.54,7,48.27,1
2.13,82.24,0,40.11,0
1.15,67.76,8,16.85,0
7.93,52.46,5,43.18,1
8.26,51.55,0,32.06,1
2.08,77.71,7,49.38,1
3.39,88.1,4,38.75,1
1.16,76.87,6,13.38,0
3.64,92.04,6,25.8,1
7.96,51.67,6,30.69,1
5.66,68.34,5,43.56,1
4.13,61.85,7,39.17,1
4.35,72.36,8,24.77,1
1.01,53.62,1,36.14,0
3.7,97.71,6,33.08,1
6.82,61.16,1,15.04,0
9.77,96.12,5,19.39,1
8.62,71.29,1,23.64,1
1.21,99.28,9,17.82,1
9.09,77.7,5,16.01,1
8.05,96.54,1,12.33,1
8.02,50.27,0,44.92,1
5.12,87.41,6,21.56,1
4.58,95.15,2,21.61,1
3.73,56.99,3,18.25,0
1.59,54.81,5,29.02,0
3.05,71.23,4,30.57,0
3.22,96.68,3,18.33,0
5.36,77.12,8,34.34,1
7.73,76.37,5,38.92,1
5.26,57.06,5,24.95,1
1.52,50.04,1,33.42,0
9.62,90.51,5,30.09,1
9.48,54.38,6,17.82,1
8.07,81.69,7,39.2,1
9.92,95.73,7,42.06,1
5.9,60.43,8,35.95,1
9.66,83.26,9,22.96,1
1.68,53.93,2,47.07,0
4.29,80.19,9,28.21,1
3.03,58.2,6,20.64,0
2.76,86.8,6,26.33,1
2.27,65.06,0,37.68,0
6.6,73.17,7,43.84,1
8.03,79.97,3,24.26,1
6.2,58.56,4,19.3,1
2.32,87.08,5,35.06,0
8.3,65.13,2,46.85,1
6.72,83.12,4,17.33,1
4.49,57.91,9,42.12,1
7.07,84.41,4,29.06,1
3.34,56.41,0,41.98,0
4.11,71.27,2,30.22,0
9.26,62.36,2,25.09,1
3.61,87.42,0,37.87,0
5.23,63.1,6,46.03,1
9.01,94.09,0,22.81,1
7.37,94.59,6,28.43,1
1.56,59.82,3,19.18,0
2.33,80.69,8,17.34,1
1.07,54.39,6,41.12,0
6.68,69.58,4,18.03,1
5.03,85.67,6,41.73,1
2.21,82.97,8,27.17,1
9.62,81.24,9,49.8,1
5.77,64.13,5,17.89,1
3.18,68.9,0,13.72,0
5.51,55.15,5,13.02,0
7.12,85.95,0,43.42,1
1.69,75.19,3,27.51,0
3.47,85.44,7,10.12,1
8.26,62.45,4,44.99,1
5.14,66.22,4,45.08,1
5.92,66.71,9,42.26,1
4.9,51.29,7,19.93,1
1.4,67.05,7,24.91,0
2.49,90.17,0,39.8,0
5.01,94.86,4,29.57,1
2.88,75.91,4,16.15,0
1.45,72.78,7,19.71,0
8.59,51.54,0,48.9,1
9.83,93.96,6,16.04,1
8.14,50.65,6,39.04,1
8.68,97.24,8,29.12,1
3.18,74.46,1,39.94,0
9.65,67.1,2,36.44,1
2.77,96.21,3,27.57,0
9.56,51.22,0,24.16,1
9.95,79.07,6,40.17,1
7.41,77.45,9,22.93,1
9.83,60.97,2,41.51,1
6.13,71.44,2,37.19,1
3.34,82.61,2,33.11,0
4.93,86.36,7,24.75,1
6.34,50.04,8,18.2,1
1.66,96.84,9,38.42,1
6.6,58.23,1,13.65,0
9.83,61.68,9,48.82,1
2.71,63.17,9,49.15,1
8.13,51.89,0,15.21,0
9.17,56.15,8,14.16,1
9.49,99.32,5,26.51,1
9.64,65.76,8,48.55,1
5.69,55.77,5,26.01,1
9.8,55.35,1,24.55,1
7.82,85.97,0,38.14,1
2.46,92.73,7,17.15,1
5.29,62.85,2,24.53,0
7.46,51.05,0,21.65,0
3.23,61.15,7,34.06,0
6.77,52.83,0,16.51,0
7.0,55.17,7,31.95,1
2.46,71.58,0,44.3,0
6.09,61.5,8,30.57,1
7.94,75.8,8,37.34,1
5.49,62.67,8,13.01,1
1.11,97.03,2,27.96,0
1.08,95.3,3,13.8,0
4.21,78.34,4,33.98,1
9.34,67.72,5,21.24,1
3.06,69.06,8,21.49,1
6.71,70.59,3,13.07,1
3.0,86.38,5,22.41,1
3.9,72.58,0,30.27,0
8.63,92.84,1,33.39,1
7.56,97.2,7,12.67,1
1.86,66.8,3,36.06,0
4.86,78.03,9,29.56,1
1.26,54.75,6,31.48,0
5.33,60.02,3,43.31,0
6.96,70.67,8,23.69,1
2.07,60.31,8,16.96,0
3.6,93.83,3,32.07,1
4.58,57.91,7,47.8,1
9.28,72.78,5,30.71,1
9.94,80.28,0,43.28,1
1.4,84.59,6,40.28,0
7.85,69.15,0,30.73,1
4.35,93.45,2,35.9,1
4.53,78.42,7,26.27,1
7.79,71.98,8,31.23,1
9.27,53.36,2,30.29,1
9.56,73.23,0,38.36,1
6.19,91.04,0,26.4,1
4.21,80.73,6,13.99,1
8.09,91.61,4,41.55,1
3.26,74.7,0,37.39,0
6.08,55.92,5,48.0,1
4.23,50.68,5,27.15,0
6.91,65.16,3,13.13,1
3.16,84.9,6,14.86,1
2.72,89.51,6,40.93,1
9.26,64.79,8,12.71,1
1.92,74.78,0,46.31,0
5.55,71.06,4,21.27,1
2.99,70.53,9,45.96,1
1.35,61.57,2,40.94,0
1.32,56.82,6,44.85,0
2.58,59.83,3,18.56,0
8.8,52.77,3,33.83,1
3.54,59.91,0,13.74,0
9.55,50.46,0,18.09,1
6.23,81.36,9,22.4,1
4.93,65.82,1,39.63,0
6.22,98.66,1,10.99,1
5.65,59.69,0,46.12,0
7.83,67.29,7,12.83,1
3.54,67.89,5,25.06,0
4.18,50.42,5,13.24,0
9.05,91.96,9,40.76,1
9.52,51.6,9,15.65,1
9.03,97.01,8,45.39,1
4.78,94.6,4,31.21,1
8.02,76.78,3,47.94,1
5.29,77.18,5,21.61,1
5.48,82.69,7,28.17,1
2.84,69.35,0,37.77,0
6.32,82.36,6,43.28,1
2.68,52.24,7,26.85,0
3.98,52.7,8,45.7,1
8.7,72.86,7,14.72,1
2.86,77.48,6,38.35,1
1.64,94.39,2,23.93,0
1.62,55.23,1,14.05,0
9.47,91.13,2,25.47,1
5.56,60.5,3,45.21,1
4.68,69.7,3,49.22,1
8.3,65.83,5,25.71,1
8.52,70.01,6,45.46,1
3.99,57.52,3,30.39,0
7.24,75.18,9,38.68,1
7.94,90.08,5,11.81,1
6.89,72.08,8,32.29,1
2.36,74.53,5,12.81,0
8.88,92.44,2,20.74,1
5.85,85.3,0,32.67,1
3.54,74.52,9,42.29,1
4.83,62.88,9,32.44,1
1.34,94.25,4,47.45,0
2.15,78.85,9,42.41,1
7.89,61.06,9,16.25,1
1.0,63.46,2,25.56,0
4.75,90.16,7,36.74,1
5.7,52.21,9,47.54,1
1.49,99.6,0,49.51,0
9.76,56.52,1,40.53,1
3.04,89.8,2,32.95,0
3.74,69.74,2,40.26,0
3.74,74.61,7,20.93,1
3.07,94.03,4,21.34,1
1.01,70.65,7,36.17,0
7.56,76.87,5,44.87,1
9.7,52.46,1,48.79,1
3.02,50.12,3,23.65,0
6.97,62.24,8,41.86,1
7.68,84.03,3,44.06,1
8.64,56.06,4,34.93,1
4.8,55.69,4,23.9,0
3.73,70.55,9,34.76,1
3.93,82.39,7,33.38,1
7.41,85.6,5,34.26,1
8.35,58.92,9,34.77,1
2.63,53.98,6,43.88,0
4.34,97.02,5,16.8,1
9.12,63.03,4,24.69,1
8.26,92.67,4,33.44,1
9.86,93.17,2,21.33,1
7.79,88.63,6,49.13,1
4.54,58.44,9,20.53,1
6.32,91.09,4,28.79,1
6.95,88.46,6,45.09,1
1.71,79.84,1,13.2,0
5.9,66.86,8,42.83,1
7.38,63.13,7,32.84,1
2.51,56.09,4,11.27,0
8.03,75.49,1,46.12,1
6.25,79.26,5,11.57,1
9.57,67.97,7,30.61,1
1.38,73.77,6,11.96,0
3.39,68.18,7,12.85,0
6.41,82.05,3,45.49,1
3.67,95.06,2,40.63,1
7.43,58.2,6,17.88,1
7.83,69.07,1,34.82,1
1.92,57.04,4,41.79,0
5.62,81.25,6,45.58,1
5.58,86.44,0,28.73,1
4.32,96.6,3,45.9,1
9.4,63.94,1,30.31,1
8.45,97.51,5,37.53,1
7.27,53.16,0,49.16,0
7.43,80.15,6,19.44,1
5.16,52.86,2,16.74,0
9.29,94.69,0,23.68,1
7.25,76.49,7,16.58,1
7.56,83.47,6,21.37,1
8.76,91.58,1,39.72,1
3.47,57.52,6,29.1,0
8.26,51.93,2,25.0,1
2.76,93.94,8,24.75,1
4.11,65.75,7,17.78,1
4.02,56.45,4,27.9,0
9.81,73.42,6,34.99,1
8.71,79.92,2,15.57,1
7.31,51.55,0,48.91,0
7.54,63.74,0,27.73,1
6.06,51.64,1,47.92,0
9.52,71.02,7,15.39,1
5.47,94.76,0,40.69,1
4.42,99.13,4,34.71,1
2.47,81.85,8,42.8,1
8.08,58.08,8,34.03,1
7.61,95.29,1,48.51,1
4.46,75.81,6,35.08,1
1.23,57.69,0,41.38,0
8.55,96.09,2,45.1,1
1.1,87.87,5,38.58,0
7.33,86.59,8,30.97,1
9.73,85.46,9,20.91,1
4.94,60.02,1,44.18,0
3.11,60.55,6,29.22,0
7.34,84.41,3,34.83,1
8.35,60.99,1,13.17,1
5.92,71.93,2,29.89,1
9.7,89.1,5,37.93,1
1.47,89.2,9,33.36,1
5.54,72.66,8,27.94,1
7.47,89.61,7,18.94,1
8.76,91.93,9,22.39,1
2.61,82.74,8,38.02,1
8.2,61.42,3,18.97,1
5.97,63.7,3,34.87,1
4.57,65.74,8,33.59,1
2.19,55.84,7,48.82,0
8.79,63.66,1,12.43,1
2.42,60.48,7,14.32,0
3.79,72.77,0,30.24,0
3.61,95.42,8,31.08,1
8.84,55.22,8,11.6,1
7.05,86.01,7,43.03,1
8.17,84.36,4,29.79,1
3.25,54.79,4,23.87,0
6.62,96.13,2,22.75,1
6.15,78.42,4,44.46,1
8.5,68.19,3,17.87,1
9.15,87.83,0,16.42,1
1.11,62.87,8,18.53,0
7.07,84.68,9,35.0,1
1.47,51.99,3,42.44,0
5.94,91.97,2,23.24,1
3.59,72.41,5,16.94,0
3.76,81.83,0,18.37,0
4.18,61.06,4,34.77,0
6.59,83.85,6,19.84,1
4.01,88.61,1,45.09,0
7.59,73.66,9,14.16,1
4.64,80.89,8,11.29,1
1.62,72.82,5,13.54,0
8.05,94.7,1,43.83,1
3.57,74.89,7,36.05,1
4.89,92.09,7,48.31,1
7.17,90.07,0,23.45,1
3.99,70.53,0,18.51,0
1.51,61.5,0,32.48,0
4.37,70.3,3,31.51,0
9.5,91.31,3,33.64,1
6.78,61.38,7,23.9,1
7.04,76.22,0,10.24,1
6.69,90.3,9,11.4,1
2.79,67.67,2,36.55,0
4.77,82.11,0,30.93,0
7.76,62.28,8,42.84,1
1.91,55.46,9,22.02,0
3.5,89.72,8,42.62,1
3.49,54.95,6,27.02,0
4.89,63.57,7,13.87,1
9.82,92.76,0,49.12,1
1.61,67.32,4,30.48,0
5.67,98.65,1,35.18,1
2.61,98.99,0,36.83,0
9.74,63.41,2,24.5,1
2.02,52.05,6,39.9,0
4.63,85.25,0,44.81,0
7.64,72.55,1,25.49,1
7.34,55.04,1,36.28,1
4.8,85.38,3,40.28,1
4.12,51.56,2,17.61,0
4.58,93.51,2,23.3,1
3.38,56.93,9,14.35,1
2.85,56.37,4,34.09,0
5.35,58.78,2,42.04,0
3.42,98.01,6,34.43,1
3.59,84.66,4,17.19,0
6.91,90.07,3,31.85,1
9.72,69.88,2,43.4,1
6.43,66.82,3,22.11,1
1.69,61.72,1,43.31,0
1.68,74.03,0,41.38,0
9.56,77.59,2,10.87,1
3.68,81.59,1,19.58,0
1.83,62.86,0,31.72,0
6.39,97.43,0,38.7,1
6.61,58.49,1,45.22,1
6.84,98.28,8,35.64,1
3.41,50.74,4,25.21,0
1.14,74.06,8,17.39,0
9.69,66.67,7,40.4,1
3.26,72.46,5,18.27,0
7.08,78.53,0,37.82,1
7.36,71.78,9,17.25,1
6.49,70.74,4,13.64,1
3.82,86.64,0,20.04,0
3.44,84.29,6,21.4,1
6.38,91.66,9,35.89,1
8.79,62.5,7,16.44,1
9.52,80.48,7,47.21,1
1.95,79.26,6,32.17,0
2.39,68.49,1,29.64,0
9.5,74.3,4,27.39,1
7.63,65.69,3,32.66,1
8.95,57.09,4,10.9,1
2.82,60.69,9,49.6,1
6.29,55.28,8,32.3,1
7.31,84.15,3,11.41,1
7.12,83.04,7,33.6,1
4.67,97.53,7,27.48,1
1.14,86.48,1,10.96,0
6.25,52.6,5,46.98,1
3.28,94.21,4,10.42,1
5.05,93.13,1,33.11,1
9.62,72.17,9,48.47,1
4.59,79.29,3,19.5,1
8.56,98.8,6,20.17,1
2.7,76.62,0,10.02,0
7.05,95.27,8,12.65,1
9.79,54.15,9,11.8,1
1.92,59.55,0,42.91,0
1.07,72.04,4,43.47,0
4.9,79.24,6,39.07,1
1.83,90.81,7,24.11,1
7.74,99.41,1,42.85,1
9.23,69.44,3,31.59,1
4.91,52.37,1,22.17,0
3.33,90.06,3,27.49,0
4.91,80.22,5,12.63,1
7.51,59.93,5,47.8,1
1.08,74.74,1,34.76,0
6.31,87.12,3,39.25,1
6.52,88.52,3,37.06,1
6.74,74.98,0,36.71,1
3.18,65.26,1,10.69,0
7.43,98.69,2,31.01,1
1.82,83.17,4,42.87,0
2.79,70.41,7,11.78,0
8.9,64.02,5,48.25,1
7.65,86.56,2,26.97,1
1.12,62.11,5,21.6,0
3.24,58.59,6,31.27,0
2.93,76.49,5,42.05,0
3.44,64.5,9,28.99,1
3.23,81.45,5,35.8,1
1.56,55.9,0,30.0,0
5.13,82.75,2,35.25,1
7.59,64.16,6,15.52,1
6.46,50.01,3,11.55,0
7.06,56.35,3,15.48,1
1.73,96.68,6,21.43,1
9.56,93.37,8,20.13,1
8.55,61.68,1,34.61,1
8.25,88.92,8,28.24,1
8.41,80.43,2,11.55,1
9.39,98.55,5,11.39,1
5.9,68.68,3,13.62,1
2.8,84.07,0,24.12,0
6.55,53.18,8,10.25,1
7.69,69.81,5,29.76,1
7.64,98.19,7,24.43,1
5.69,76.95,1,32.22,1
1.62,64.39,6,38.83,0
4.34,56.01,5,20.04,0
9.29,85.18,1,16.28,1
6.26,82.24,1,21.12,1
5.84,68.7,3,10.07,1
3.42,97.55,3,14.8,1
4.32,51.11,2,40.03,0
9.06,65.19,7,18.91,1
7.0,96.05,6,49.77,1
8.09,66.05,1,16.71,1
5.09,62.61,2,41.55,0
6.67,76.71,9,38.2,1
3.24,91.19,8,22.89,1
7.35,55.16,4,23.23,1
4.85,97.15,1,32.54,1
4.98,89.75,2,44.09,1
6.84,59.06,7,25.45,1
9.43,85.6,3,12.45,1
1.58,69.25,1,24.98,0
8.42,70.11,1,18.29,1
3.63,89.16,5,47.57,1
5.0,98.14,7,37.89,1
1.2,56.33,6,12.03,0
3.71,71.03,3,21.72,0
5.52,74.05,1,12.01,0
1.51,68.82,8,43.2,0
5.42,68.16,3,46.25,1
9.34,52.61,8,14.49,1
1.95,84.28,4,27.61,0
7.88,71.81,6,47.28,1
4.69,59.74,4,15.81,0
6.9,90.8,1,21.68,1
3.34,90.13,5,22.17,1
2.44,74.32,6,11.2,0
2.44,64.92,5,11.45,0
1.63,81.9,2,48.11,0
2.67,64.41,9,32.84,1
6.98,61.8,7,22.27,1
8.94,86.53,2,25.15,1
8.33,52.02,4,38.59,1
7.17,54.74,8,24.66,1
1.99,50.34,4,19.11,0
3.6,57.65,6,14.07,0
3.79,53.45,6,39.16,0
3.25,99.79,4,17.22,1
5.64,64.44,1,12.79,0
5.82,57.46,4,27.08,1
4.21,62.05,6,11.58,0
4.18,96.81,6,48.6,1
8.46,76.01,3,35.09,1
8.1,68.24,0,16.11,1
3.77,93.67,5,16.9,1
9.22,69.75,2,32.79,1
9.58,66.75,4,24.26,1
3.94,60.36,3,40.97,0
4.19,68.89,1,31.83,0
5.55,65.83,6,27.33,1
9.47,83.87,4,48.52,1
8.89,64.48,6,25.63,1
1.92,78.86,8,26.02,0
4.53,53.29,3,36.63,0
5.98,59.56,4,42.38,1
5.53,70.37,8,35.05,1
2.74,96.85,9,37.94,1
8.73,68.86,3,24.92,1
7.09,83.2,4,29.18,1
8.54,62.75,4,17.88,1
8.73,56.35,7,37.21,1
7.74,52.93,3,18.86,1
4.95,65.27,3,10.05,0
6.49,57.88,6,47.35,1
2.44,58.7,4,22.24,0
7.06,88.04,5,17.87,1
2.61,50.79,5,20.73,0
7.25,77.89,5,23.22,1
3.07,68.97,9,28.98,1
2.06,75.33,4,12.77,0
2.49,78.14,4,12.11,0
1.02,65.67,8,21.72,0
7.47,64.76,7,21.83,1
7.59,86.67,3,14.71,1
5.63,93.56,6,26.19,1
2.45,59.63,7,21.36,0
1.75,54.88,8,11.04,0
1.17,94.89,4,45.43,0
2.49,67.49,2,45.44,0
9.02,77.57,3,18.37,1
3.17,67.98,9,16.51,1
4.19,56.29,5,31.89,0
1.95,79.47,9,35.23,1
3.0,76.26,4,48.3,0
5.67,60.15,8,25.09,1
6.47,72.59,2,34.73,1
3.21,89.85,1,45.13,0
1.52,79.52,5,28.0,0
4.52,54.85,6,14.89,0
3.11,77.4,4,25.1,0
2.98,85.14,0,15.46,0
9.64,89.64,2,10.67,1
6.55,81.46,2,40.06,1
6.01,57.63,3,19.54,0
4.74,85.51,9,10.08,1
4.86,83.87,5,44.9,1
5.87,51.22,4,27.75,0
7.27,70.59,0,19.55,1
7.32,66.65,5,20.51,1
2.55,83.47,8,19.62,1
5.5,60.81,0,17.78,0
4.71,79.54,7,43.65,1
8.83,95.66,7,16.81,1
6.68,89.89,2,32.47,1
5.79,96.07,8,13.09,1
2.04,98.93,7,47.98,1
6.45,50.53,2,34.13,0
2.05,81.14,9,46.13,1
4.03,70.64,4,25.92,0
2.29,92.99,2,42.43,0
7.23,62.59,4,44.15,1
2.86,99.05,8,38.12,1
4.53,80.69,3,13.72,0
9.06,89.68,5,10.64,1
2.84,54.28,2,16.74,0
5.57,59.17,2,14.72,0
4.77,87.92,4,39.01,1
1.16,51.1,7,32.28,0
8.13,90.84,7,31.04,1
1.62,50.7,2,20.11,0
5.27,82.86,7,16.18,1
6.05,68.25,7,18.26,1
6.66,80.57,2,26.01,1
7.2,84.8,9,39.61,1
3.28,67.12,9,20.18,1
1.09,55.4,1,37.94,0
7.51,53.48,9,29.66,1
5.82,79.45,1,45.42,1
8.53,76.03,8,19.32,1
8.39,87.11,6,28.03,1
8.59,75.49,5,13.87,1
5.37,71.12,6,23.41,1
4.0,69.9,7,30.28,1
8.12,51.32,0,39.31,1
5.06,66.78,7,17.92,1
2.65,98.8,2,18.72,0
8.69,93.68,2,35.26,1
8.94,66.47,5,25.3,1
5.2,79.39,3,29.28,1
1.68,92.36,3,43.45,0
4.49,72.06,3,29.96,0
8.23,50.9,9,36.1,1
9.12,53.73,8,36.27,1
2.83,75.52,7,42.14,1
1.6,98.47,2,35.53,0
8.9,84.66,0,12.59,1
4.5,53.55,0,23.69,0
5.88,59.47,0,49.57,0
9.71,88.57,3,17.86,1
1.6,92.07,5,33.47,0
6.83,80.88,3,43.72,1
1.67,82.22,2,33.46,0
4.38,51.42,7,24.89,0
8.23,91.43,7,13.21,1
4.9,89.41,5,24.47,1
9.97,62.95,8,17.28,1
6.03,85.43,9,48.43,1
3.89,60.74,0,38.6,0
2.98,52.02,7,39.98,0
4.15,60.06,5,27.44,0
4.35,58.93,0,14.4,0
1.62,66.89,3,20.67,0
4.33,70.92,4,20.39,0
5.18,75.43,6,29.47,1
7.5,73.84,7,28.44,1
6.91,63.53,8,27.34,1
7.38,51.46,5,29.84,1
1.08,80.26,9,49.48,1
2.96,69.79,8,21.93,1
6.96,64.93,3,34.61,1
5.36,93.35,7,19.58,1
1.05,87.34,2,28.66,0
8.24,92.89,3,18.0,1
7.96,74.75,9,32.33,1
5.94,56.55,3,20.6,0
1.6,84.81,5,11.47,0
7.9,60.3,8,42.61,1
6.25,72.06,5,15.13,1
8.04,53.25,0,24.72,1
7.77,91.27,4,29.09,1
8.23,56.3,8,27.3,1
5.66,95.15,4,39.03,1
2.26,93.21,5,33.87,1
7.04,73.23,2,21.81,1
6.58,87.22,7,12.07,1
7.68,80.97,9,40.7,1
2.53,90.15,3,24.1,0
2.75,71.59,3,45.59,0
9.01,89.29,4,25.8,1
7.75,73.12,9,38.71,1
9.17,97.05,8,47.58,1
7.83,74.32,7,36.05,1
6.37,73.13,6,26.54,1
6.89,89.25,4,32.7,1
9.0,91.08,8,31.74,1
6.21,77.72,8,33.39,1
6.69,58.99,9,15.87,1
2.41,73.39,9,37.94,1
5.27,98.4,1,15.8,1
7.45,87.65,3,10.58,1
3.44,90.56,7,34.99,1
2.82,51.64,0,14.68,0
3.82,73.39,4,40.82,0
3.17,82.33,7,44.64,1
2.93,91.5,1,47.79,0
4.82,52.46,1,36.58,0
9.17,92.62,7,29.28,1
5.56,77.42,9,24.09,1
2.69,59.87,8,29.64,0
1.69,65.86,6,17.61,0
7.27,64.1,7,23.94,1
4.45,76.54,4,38.72,1
8.4,52.58,0,18.7,1
6.94,57.93,3,20.56,1
8.17,90.63,1,39.97,1
3.45,56.63,2,17.11,0
7.23,61.67,2,19.84,1
3.38,72.67,8,10.7,1
9.45,75.86,9,38.8,1
6.73,88.18,3,34.72,1
3.92,72.37,1,37.78,0
3.43,89.49,2,18.57,0
2.72,80.92,2,37.5,0
7.25,55.65,6,33.86,1
2.97,57.82,7,24.64,0
6.36,71.85,5,27.51,1
3.38,69.84,3,32.72,0
6.96,87.18,5,29.73,1
8.33,79.04,0,35.67,1
8.0,69.41,9,17.24,1
7.85,58.54,7,31.63,1
2.69,61.34,0,28.01,0
1.8,78.78,4,28.44,0
7.29,71.17,1,28.78,1
4.32,75.75,5,45.26,1
4.89,58.53,8,42.75,1
1.28,83.15,4,35.18,0
3.34,92.63,3,38.66,1
1.3,62.9,1,11.71,0
8.91,74.58,2,39.76,1
3.19,98.78,5,29.45,1
6.02,66.66,7,22.71,1
1.35,79.75,7,15.59,0
7.0,54.51,4,13.01,1
3.91,80.3,4,11.8,0
9.08,54.48,9,16.47,1
8.99,97.96,2,11.21,1
3.93,85.78,6,39.31,1
9.11,89.41,5,19.94,1
9.97,85.21,0,24.75,1
8.43,79.49,3,42.91,1
8.6,72.5,5,14.59,1
3.24,92.92,5,43.42,1
6.19,97.84,2,35.58,1
1.61,74.95,5,23.68,0
1.85,96.58,9,14.71,1
9.99,79.17,5,13.66,1
3.94,76.92,8,23.42,1
7.73,72.72,8,15.61,1
8.26,60.46,1,20.71,1
8.72,50.19,3,12.12,1
9.98,62.08,8,33.8,1
3.17,75.49,3,15.81,0
1.36,69.0,7,40.27,0
4.7,72.42,9,18.73,1
2.17,99.03,2,41.92,0
1.2,67.51,2,17.6,0
4.24,72.61,8,38.85,1
8.05,56.68,9,23.32,1
6.1,52.4,7,33.32,1
3.82,88.77,0,11.55,0
6.89,78.53,9,29.81,1
3.09,88.04,1,15.95,0
1.13,57.49,2,29.45,0
7.88,78.59,1,15.65,1
6.61,62.68,2,27.48,1
7.86,61.4,7,14.42,1
1.35,50.58,5,18.8,0
8.53,56.52,6,33.8,1
6.58,65.46,9,49.07,1
6.07,55.84,9,27.97,1
6.62,99.29,5,37.49,1
8.78,65.43,0,31.58,1
6.28,56.52,2,29.93,0
6.23,59.95,0,12.59,0
9.92,79.39,9,15.77,1
7.81,53.2,8,45.32,1
4.98,93.12,8,26.41,1
7.37,98.07,4,34.57,1
4.5,62.34,3,31.13,0
3.06,72.5,8,25.16,1
6.37,51.11,8,25.51,1
9.35,82.04,2,32.22,1
9.36,70.7,4,15.65,1
4.08,63.5,2,25.49,0
5.75,60.34,9,27.88,1
2.9,82.7,1,49.41,0
9.96,70.81,0,24.06,1
9.83,58.98,9,35.78,1
6.85,84.46,1,15.5,1
8.24,78.25,7,12.62,1
7.44,92.93,7,44.86,1
6.34,55.87,2,39.23,1
1.48,89.28,6,22.7,0
5.09,83.68,6,30.18,1
7.07,55.75,1,15.43,0
7.1,84.74,8,38.29,1
4.36,72.08,2,12.81,0
9.48,97.25,1,40.28,1
2.51,57.08,2,31.87,0
5.5,82.14,1,21.15,1
7.22,69.1,7,44.5,1
7.27,97.84,4,49.44,1
6.84,66.5,2,20.17,1
3.48,98.11,4,42.25,1
2.41,95.07,7,40.01,1
6.72,63.52,6,39.89,1
6.39,90.18,5,48.29,1
2.61,99.78,0,29.46,0
7.35,62.63,9,36.97,1
5.1,71.84,0,42.96,0
7.01,76.01,0,29.18,1
8.54,64.75,9,29.26,1
2.53,50.76,7,22.75,0
1.17,61.01,7,41.23,0
8.01,64.1,6,37.45,1
6.49,72.18,5,28.05,1
7.3,58.56,3,26.77,1
8.54,93.66,0,12.9,1
8.23,85.25,8,10.26,1
9.65,54.26,0,31.16,1
5.82,82.5,3,26.7,1
5.4,82.68,2,41.84,1
4.62,97.81,6,31.71,1
2.38,50.15,4,47.47,0
6.15,62.4,4,17.85,1
3.49,96.39,3,49.61,1
9.29,96.61,0,21.92,1
6.25,86.03,4,35.7,1
6.34,88.29,3,30.07,1
4.19,54.57,9,24.38,1
1.47,75.69,7,15.57,0
1.29,61.58,1,15.39,0
4.81,59.06,7,38.46,1
1.76,90.52,0,25.11,0
6.46,56.75,3,48.45,1
8.93,73.43,2,23.03,1
8.95,96.93,4,49.34,1
6.93,59.29,4,18.22,1
2.9,98.9,4,14.11,1
8.77,99.71,3,22.5,1
8.97,77.78,7,45.42,1
2.77,58.51,2,30.87,0
7.64,65.81,3,15.43,1
3.58,71.22,0,18.1,0
8.22,65.47,6,22.45,1
9.98,64.03,0,33.61,1
1.27,98.61,1,23.3,0
9.08,57.67,6,39.88,1
6.6,86.67,0,34.65,1
9.76,50.02,2,44.95,1
5.19,79.81,5,30.04,1
8.63,95.8,5,23.25,1
1.56,64.4,5,49.85,0
4.02,59.28,1,24.23,0
1.6,82.58,1,27.14,0
9.78,85.63,5,42.37,1
8.35,84.4,9,13.55,1
8.67,65.97,4,25.46,1
9.44,62.61,6,13.43,1
1.77,97.8,6,15.57,0
4.47,96.16,4,10.19,1
1.64,72.87,7,10.38,0
2.9,92.31,9,25.21,1
3.06,72.62,5,42.37,0
5.22,71.22,4,33.48,1
3.42,57.84,3,35.4,0
1.91,71.32,6,30.77,0
2.51,76.87,3,42.79,0
2.33,51.13,4,45.22,0
9.76,72.21,4,43.99,1
7.83,89.07,0,42.49,1
9.71,84.0,0,17.31,1
4.96,81.76,2,33.76,1
3.51,95.48,2,33.29,0
8.18,50.9,1,31.12,1
3.94,77.85,1,29.23,0
3.69,89.37,5,13.57,1
3.09,77.07,0,14.09,0
2.17,66.19,5,46.09,0
3.31,56.81,4,35.21,0
4.2,94.38,5,20.49,1
7.07,73.54,4,21.17,1
1.56,93.91,6,34.41,0
2.89,79.29,0,26.28,0
8.28,83.71,2,27.65,1
2.32,90.21,5,12.43,0
4.08,82.96,0,15.55,0
8.78,69.9,6,25.73,1
2.39,75.68,3,37.99,0
1.74,90.15,2,11.92,0
5.36,68.68,9,23.38,1
3.72,69.41,8,37.8,1
6.07,54.78,0,41.68,0
8.23,95.73,7,17.61,1
2.23,54.55,0,39.26,0
6.23,82.41,4,48.22,1
5.55,70.66,9,46.27,1
2.3,70.28,7,41.58,0
6.62,83.98,5,38.49,1
3.46,53.35,6,19.41,0
5.39,79.69,7,35.36,1
1.74,88.6,5,35.73,0
5.14,91.41,5,26.27,1
3.76,58.53,5,29.72,0
8.4,94.87,4,37.76,1
1.51,82.81,7,48.08,0
4.77,94.09,1,21.81,1
5.13,74.26,6,19.85,1
7.53,77.1,3,34.07,1
6.17,95.95,0,15.23,1
7.0,95.0,4,33.3,1
7.99,72.41,2,13.55,1
8.76,63.72,3,29.62,1
3.82,69.66,6,34.82,1
5.84,69.39,4,12.8,1
8.56,64.34,3,18.28,1
9.91,63.43,0,23.41,1
9.01,93.05,5,24.74,1
4.34,53.49,9,37.04,1
2.76,83.88,5,31.16,0
5.4,58.64,6,25.28,1
7.67,67.23,0,28.03,1
5.43,53.08,3,10.52,0
5.35,63.5,8,40.82,1
8.54,88.42,9,11.64,1
4.25,94.25,5,43.17,1
8.74,61.08,1,31.64,1
4.66,73.18,3,31.11,0
3.95,73.52,5,38.18,1
5.09,93.68,3,44.38,1
7.86,88.14,9,47.71,1
2.13,75.65,6,31.73,0
2.77,83.54,2,16.03,0
9.56,92.37,5,45.15,1
2.58,50.48,3,11.63,0
6.11,70.14,2,42.29,1
6.21,95.36,2,37.22,1
5.41,87.02,1,46.19,1
6.8,77.14,2,45.9,1
3.07,76.48,9,12.13,1
5.97,67.39,0,34.38,0
4.35,76.03,2,14.99,0
6.96,82.77,8,13.14,1
2.27,70.92,3,27.93,0
6.14,85.71,2,13.9,1
2.67,93.06,7,39.12,1
3.51,57.73,0,48.76,0
2.97,72.58,4,32.78,0
2.65,70.4,0,19.41,0
8.43,84.37,6,43.73,1
3.57,62.49,4,44.12,0
9.34,82.01,1,39.31,1
9.73,93.87,0,34.61,1
6.14,70.91,6,44.71,1
2.29,95.55,0,16.53,0
4.37,99.66,2,47.26,1
8.18,55.3,5,47.89,1
4.31,61.65,5,44.88,1
1.78,97.52,6,20.03,1
6.01,97.92,0,44.33,1
8.61,54.89,6,29.91,1
8.16,50.75,1,33.8,1
2.58,58.06,5,43.62,0
7.05,99.8,7,11.18,1
2.98,59.0,4,24.52,0
2.96,75.13,9,42.63,1
8.87,92.42,2,42.56,1
3.25,51.02,7,43.95,0
3.37,80.22,7,16.77,1
1.01,63.85,3,38.24,0
8.84,93.12,7,15.86,1
8.13,64.17,4,41.4,1
6.65,84.34,4,19.81,1
7.75,83.71,2,39.51,1
2.37,61.07,6,28.2,0
5.12,51.74,8,49.45,1
4.16,70.46,8,33.2,1
1.84,64.46,0,35.3,0
5.38,90.45,0,24.73,1
9.29,90.02,9,39.38,1
1.36,72.85,4,29.8,0
3.62,80.33,0,10.72,0
2.87,80.21,3,34.34,0
3.14,91.36,0,43.22,0
9.18,71.25,1,19.47,1
5.21,63.77,1,18.84,0
5.2,63.25,3,34.36,0
7.85,76.81,7,42.72,1
2.39,72.46,1,19.98,0
5.39,72.01,8,47.29,1
4.87,54.56,8,47.1,1
6.37,85.93,1,18.02,1
10.0,60.69,0,20.55,1
7.93,59.85,9,38.02,1
4.58,70.64,9,48.07,1
8.45,61.39,8,38.4,1
2.54,79.19,1,27.8,0
1.27,68.57,7,16.76,0
2.84,72.45,2,28.44,0
4.06,76.86,0,34.27,0
5.6,60.18,0,23.24,0
6.54,57.79,9,30.41,1
9.2,94.02,1,15.21,1
5.59,71.69,6,28.09,1
5.51,70.6,5,13.63,1
1.45,51.78,1,11.96,0
1.31,74.9,3,44.29,0
5.96,77.71,1,18.2,1
4.94,77.94,0,33.01,0
8.55,85.35,2,15.96,1
2.45,58.87,3,20.5,0
1.22,62.61,9,24.45,0
5.04,90.54,4,15.75,1
3.14,97.36,4,11.84,1
1.45,56.8,6,45.09,0
7.52,74.88,9,10.47,1
2.0,60.71,7,12.45,0
6.47,53.0,8,42.2,1
3.53,66.28,6,21.28,0
2.56,57.18,4,38.91,0
4.42,85.5,8,15.85,1
8.21,76.69,7,19.49,1
4.53,57.19,9,32.91,1
7.76,50.46,8,49.55,1
2.13,90.41,9,12.94,1
7.95,58.81,7,26.02,1
3.13,80.31,5,11.72,0
7.1,66.85,3,17.97,1
6.09,79.27,8,46.3,1
9.36,65.78,8,13.86,1
4.49,54.35,9,44.27,1
1.6,61.15,9,17.11,0
1.17,59.4,8,44.47,0
8.44,71.4,9,31.52,1
5.72,82.91,2,45.13,1
7.98,63.19,2,16.07,1
3.11,50.6,5,40.48,0
4.11,75.95,5,37.23,1
1.27,80.29,5,31.72,0
9.65,98.14,4,42.42,1
7.01,79.47,4,35.93,1
9.4,73.56,1,45.08,1
3.39,78.67,6,25.24,1
6.5,96.4,3,33.6,1
7.11,91.42,2,44.82,1
3.86,66.15,7,18.59,1
8.63,61.86,3,29.43,1
9.52,63.13,3,48.43,1
8.96,75.22,7,28.94,1
7.65,87.2,0,20.11,1
3.5,75.16,8,24.04,1
3.53,53.39,6,45.4,0
9.67,86.18,1,48.2,1
1.09,90.3,5,48.0,0
7.44,64.47,7,37.96,1
7.36,83.21,4,30.38,1
6.6,71.33,5,17.31,1
9.91,94.46,9,14.93,1
3.81,92.26,7,12.39,1
4.06,76.27,5,10.71,1
1.71,84.58,8,45.12,1
4.99,94.17,8,42.36,1
3.35,74.79,8,32.71,1
4.09,65.66,5,49.95,1
8.51,87.68,8,48.12,1
9.42,61.0,2,36.2,1
2.67,69.43,4,28.58,0
4.35,93.29,1,16.09,0
9.36,86.22,7,30.62,1
1.56,70.19,3,16.31,0
1.83,60.74,5,25.94,0
2.47,67.8,5,47.71,0
6.36,64.21,4,23.68,1
2.35,58.8,0,16.11,0
9.71,87.17,6,33.3,1
5.02,62.6,9,34.09,1
5.51,72.71,7,17.75,1
3.22,69.29,0,17.86,0
5.24,99.1,9,49.58,1
6.96,69.55,6,19.73,1
7.76,54.0,3,43.53,1
7.78,54.49,5,28.81,1
6.2,79.54,8,27.4,1
9.14,79.97,4,21.8,1
8.36,70.94,7,40.95,1
7.81,71.59,4,45.23,1
1.5,52.7,1,20.45,0
1.06,75.83,3,13.8,0
2.91,75.24,1,15.48,0
6.97,57.48,6,41.71,1
4.7,55.19,6,27.43,1
4.62,56.18,2,15.28,0
8.96,55.05,6,23.61,1
9.06,80.49,0,30.57,1
9.18,59.82,0,44.08,1
3.82,62.57,8,35.67,1
7.22,58.68,5,17.04,1
3.44,97.89,4,16.35,1
2.72,92.73,5,26.49,1
2.66,61.52,5,13.01,0
4.08,66.38,0,40.22,0
4.87,60.49,4,26.06,0
8.48,74.59,8,23.72,1
2.08,50.98,3,30.36,0
7.61,83.57,2,38.36,1
5.78,76.16,0,32.77,0
3.59,94.93,1,42.1,0
5.44,58.22,2,35.17,0
3.7,90.21,3,41.52,1
6.36,89.6,6,37.87,1
4.9,56.36,5,17.72,0
2.48,69.93,7,12.09,0
2.05,58.51,8,46.14,0
5.92,62.74,5,47.83,1
9.12,63.16,6,39.08,1
4.1,77.81,3,38.97,0
7.6,70.57,1,20.81,1
6.93,97.39,8,31.7,1
9.38,56.32,8,49.69,1
8.39,98.68,3,44.25,1
6.1,61.53,2,22.18,0
6.91,88.64,9,22.04,1
9.09,66.95,5,29.34,1
4.6,57.15,2,26.18,0
3.94,92.89,0,24.85,0
1.1,65.44,3,35.08,0
8.44,82.94,0,10.46,1
8.21,78.32,1,40.53,1
1.94,73.59,2,39.6,0
6.19,74.79,7,43.21,1
5.18,86.61,9,43.66,1
2.07,54.39,3,32.66,0
9.83,83.41,3,41.2,1
2.93,94.79,9,29.7,1
1.61,52.89,8,48.06,0
6.35,57.03,6,17.63,1
7.65,85.83,1,46.62,1
1.29,71.86,2,20.34,0
6.93,70.18,3,14.11,1
5.79,56.85,3,27.56,0
1.93,75.34,9,34.6,1
2.55,56.33,7,19.24,0
6.11,73.83,9,32.23,1
3.67,88.18,9,42.32,1
9.44,62.91,5,20.28,1
8.37,74.04,2,33.21,1
9.85,99.6,8,23.57,1
3.34,84.33,9,31.19,1
9.73,92.07,7,36.68,1
4.88,70.74,8,24.02,1
4.13,88.39,4,49.78,1
1.45,52.03,2,32.55,0
1.47,56.15,3,42.98,0
7.23,60.15,4,39.01,1
5.12,70.1,8,44.11,1
3.04,92.29,8,16.95,1
6.53,67.31,2,18.9,1
3.28,82.73,6,29.5,1
6.2,85.47,5,44.09,1
4.23,79.31,3,17.9,0
8.41,67.86,4,48.84,1
8.39,78.85,9,15.1,1
5.3,67.11,1,17.0,0
4.16,54.19,6,16.69,0
4.26,99.64,3,33.44,1
8.25,56.36,1,46.7,1
3.95,53.62,5,20.2,0
2.88,93.93,1,32.12,0
1.76,65.09,9,17.03,0
5.2,82.51,1,35.25,1
5.34,66.45,6,14.93,1
8.57,69.57,0,29.65,1
2.99,63.11,6,36.21,0
4.43,67.15,9,33.17,1
8.28,70.54,4,15.6,1
8.41,86.02,0,16.45,1
4.46,75.58,5,36.86,1
5.13,97.18,6,42.36,1
3.73,52.09,0,46.32,0
9.39,75.15,8,42.54,1
2.07,79.21,6,48.96,0
9.4,96.01,0,26.33,1
7.15,52.46,2,23.25,1
5.78,78.67,4,11.13,1
1.29,92.68,3,28.0,0
5.28,62.1,1,36.05,0
4.67,93.81,0,42.62,1
2.45,50.95,3,20.7,0
6.91,86.62,6,30.54,1
9.74,96.66,3,36.48,1
6.06,82.86,8,32.06,1
7.43,71.95,7,20.96,1
1.62,52.24,7,41.85,0
4.76,96.01,4,16.93,1
2.05,73.51,0,46.2,0
6.52,51.45,8,48.1,1
9.45,84.49,1,24.62,1
6.96,74.09,5,25.05,1
1.69,56.22,9,39.73,0
4.19,60.71,4,28.25,0
5.96,53.22,9,11.14,1
4.63,78.71,7,46.8,1
8.5,81.1,2,27.23,1
8.33,75.29,5,18.14,1
6.51,90.86,5,32.23,1
4.36,93.05,9,18.76,1
3.3,80.78,2,18.24,0
1.95,50.64,6,31.83,0
4.19,84.76,3,25.64,1
4.72,70.9,4,32.92,1
7.08,78.28,8,49.87,1
6.92,82.45,5,44.36,1
1.63,67.51,9,10.31,0
4.56,95.85,3,12.02,1
2.64,56.7,7,34.4,0
2.41,83.58,8,35.05,1
8.45,50.22,9,45.13,1
1.38,96.23,4,35.16,0
4.77,55.63,1,19.11,0
2.51,54.74,5,28.74,0
8.91,66.65,7,42.36,1
6.01,68.68,4,46.91,1
3.08,60.72,0,19.48,0
5.52,79.26,7,31.58,1
7.58,72.15,8,16.36,1
9.62,51.71,0,29.88,1
2.98,65.98,7,13.6,0
8.98,90.52,9,47.67,1
9.41,84.49,1,35.52,1
9.25,86.24,3,44.17,1
6.72,84.91,1,49.93,1
6.67,65.55,1,17.31,1
4.63,54.98,9,37.77,1
7.77,63.62,2,45.48,1
5.78,91.59,7,33.04,1
7.1,99.02,3,35.59,1
4.86,74.69,6,26.31,1
7.58,50.49,9,36.99,1
8.42,57.0,2,25.82,1
2.32,66.1,9,29.06,1
8.5,78.93,2,14.12,1
5.86,53.75,1,10.31,0
8.6,97.17,5,12.21,1
4.88,68.25,5,17.7,1
4.41,95.63,0,28.26,0
9.24,89.03,6,10.84,1
3.26,87.77,3,16.24,0
8.6,80.34,2,41.26,1
5.36,81.34,7,40.49,1
5.63,81.9,1,41.59,1
3.78,81.44,8,46.86,1
6.16,77.69,7,14.76,1
3.93,99.32,7,16.53,1
1.35,86.61,2,23.34,0
3.45,88.85,3,46.61,1
1.06,93.62,1,41.02,0
9.81,60.78,1,22.96,1
9.69,54.19,3,13.51,1
4.56,74.14,5,34.66,1
7.56,75.7,4,20.27,1
4.11,91.46,0,31.25,0
7.04,72.19,9,47.67,1
8.25,78.54,0,32.9,1
9.52,76.35,5,46.95,1
4.6,51.91,2,25.72,0
8.05,80.76,2,35.33,1
3.39,91.4,6,45.76,1
9.91,57.88,0,33.52,1
1.23,79.72,0,34.6,0
6.43,79.68,9,38.65,1
6.94,58.21,2,45.28,1
7.19,56.17,7,13.53,1
2.08,99.0,0,23.47,0
9.45,69.69,9,25.91,1
2.63,61.37,3,46.39,0
6.6,58.57,8,48.24,1
3.0,83.38,3,14.82,0
3.76,80.47,9,14.76,1
5.92,82.18,7,47.39,1
4.75,54.4,6,21.83,0
2.44,94.68,2,19.67,0
2.54,69.46,6,11.42,0
4.76,65.67,6,21.02,1
7.82,73.12,9,37.74,1
9.08,69.5,2,27.04,1
1.76,93.18,1,30.67,0
4.54,96.46,8,46.69,1
1.9,65.17,0,14.59,0
1.15,93.2,6,12.85,0
6.96,89.08,3,44.08,1
6.42,96.54,1,40.99,1
2.47,62.29,1,20.55,0
3.1,78.85,7,22.97,1
1.21,63.73,6,22.41,0
8.51,91.2,6,35.91,1
9.77,50.27,4,12.45,1
2.22,78.24,9,29.58,1
3.08,66.96,7,15.35,0
8.82,66.13,1,42.79,1
9.34,82.25,1,25.23,1
4.78,92.57,4,31.1,1
1.46,80.46,0,11.17,0
1.35,92.66,5,12.33,0
6.17,63.23,3,37.0,1
4.54,75.98,5,40.67,1
1.26,72.53,6,38.4,0
6.25,50.58,2,39.48,0
1.1,77.84,7,14.18,0
8.09,83.08,6,37.74,1
3.76,79.6,0,17.27,0
1.36,86.81,5,13.92,0
6.3,78.57,6,40.29,1
4.58,53.34,3,45.58,0
9.76,55.82,1,38.67,1
5.9,79.82,9,42.22,1
3.48,63.75,8,49.64,1
7.38,53.98,6,15.39,1
3.44,71.48,0,48.61,0
9.14,77.72,7,34.05,1
4.37,66.44,2,42.53,0
5.95,86.02,3,36.01,1
1.46,82.19,4,32.8,0
4.84,66.64,0,38.14,0
8.49,87.74,5,22.81,1
8.25,82.43,9,46.97,1
3.02,81.87,5,14.61,0
3.03,77.67,1,22.72,0
8.36,50.57,9,11.25,1
9.37,84.83,5,20.85,1
1.86,68.8,7,18.73,0
5.05,97.13,5,11.99,1
4.04,90.9,3,29.67,1
8.84,79.38,3,28.75,1
1.75,62.61,8,13.11,0
2.9,60.19,5,20.47,0
7.77,67.02,7,48.13,1
1.46,73.83,7,14.43,0
5.43,64.8,6,22.2,1
4.98,75.75,2,11.43,0
4.01,58.27,9,15.96,1
4.55,98.89,0,37.98,1
5.77,55.4,4,24.67,1
2.45,96.6,9,28.08,1
6.15,95.68,9,16.28,1
8.25,76.27,1,37.29,1
7.84,86.25,9,40.06,1
2.39,71.8,1,17.24,0
2.34,81.5,6,11.8,0
3.41,67.03,2,13.24,0
4.25,65.06,7,36.28,1
4.68,78.91,8,15.42,1
7.12,74.91,7,29.76,1
1.51,78.98,5,16.11,0
1.31,64.33,4,16.81,0
4.53,68.35,2,10.17,0
7.27,54.19,2,22.83,1
2.74,52.61,6,13.59,0
6.77,62.67,4,25.76,1
3.34,53.71,5,33.91,0
8.97,55.19,5,24.7,1
9.06,90.65,8,38.2,1
3.68,51.94,0,39.66,0
3.07,82.95,7,37.86,1
4.7,63.63,9,47.47,1
3.16,93.58,4,19.49,1
7.05,74.25,5,17.58,1
8.43,65.28,5,34.39,1
7.06,75.88,0,33.8,1
8.42,69.1,2,30.4,1
4.57,78.22,5,10.17,1
2.41,55.73,8,32.21,0
7.64,99.85,5,47.31,1
4.24,71.28,5,23.38,1
7.04,67.41,0,48.7,1
3.44,85.51,8,24.27,1
1.73,68.19,3,15.59,0
9.93,91.66,1,25.94,1
2.41,72.71,0,29.78,0
9.9,85.98,2,35.18,1
9.8,55.37,2,30.2,1
8.14,92.31,4,31.47,1
6.93,86.79,0,10.96,1
6.2,60.59,6,20.14,1
8.79,57.26,0,22.43,1
3.6,65.81,3,49.48,0
5.21,98.8,5,21.82,1
6.57,62.84,0,45.86,0
4.7,72.81,6,22.19,1
4.85,51.5,9,13.84,1
3.97,69.86,6,19.9,1
6.08,78.57,2,20.91,1
8.66,97.66,3,49.13,1
2.81,75.84,5,36.97,0
9.41,90.96,6,47.27,1
7.2,77.36,3,43.4,1
8.41,52.04,9,33.14,1
6.01,65.75,8,37.02,1
8.02,78.78,8,34.99,1
1.15,97.53,8,36.65,1
8.37,92.96,9,20.59,1
1.36,61.42,5,26.33,0
9.01,61.01,1,33.7,1
9.93,60.06,1,11.44,1
3.65,96.12,3,29.31,1
2.89,92.63,8,44.39,1
7.89,88.74,2,29.69,1
3.28,69.64,5,32.09,0
8.79,75.22,1,18.08,1
1.93,73.22,0,41.77,0
2.13,62.67,4,24.36,0
9.81,75.25,7,48.26,1
7.06,51.52,9,49.75,1
8.62,56.59,9,46.64,1
3.92,94.33,1,13.4,0
7.09,87.58,9,23.33,1
6.35,71.14,8,47.81,1
6.43,75.86,7,42.18,1
7.14,68.5,2,46.45,1
6.18,87.04,0,32.9,1
4.86,89.21,3,29.22,1
3.48,88.16,7,14.26,1
7.92,86.13,2,43.58,1
3.04,60.23,9,39.81,1
7.23,66.9,1,12.36,1
3.1,73.49,6,18.38,0
6.63,66.54,3,32.29,1
7.72,87.75,5,37.38,1
2.97,66.47,4,15.51,0
1.54,56.91,1,19.79,0
2.18,69.95,9,17.72,0
6.45,99.0,1,18.8,1
8.65,61.29,8,46.83,1
1.4,80.61,9,38.63,1
7.61,71.65,1,39.48,1
4.07,53.55,7,41.76,1
5.31,74.39,7,24.26,1
9.36,85.11,0,40.69,1
3.99,75.66,0,49.14,0
5.19,93.61,3,37.94,1
1.12,64.45,1,26.67,0
1.73,54.31,0,38.65,0
3.33,96.83,8,46.03,1
1.25,68.91,2,15.15,0
6.68,78.82,0,20.61,1
4.84,89.6,1,46.77,1
5.93,66.22,7,47.85,1
2.57,85.81,4,29.37,0
3.66,56.77,6,24.98,0
6.97,64.56,5,21.31,1
9.69,57.24,0,29.95,1
1.45,90.56,5,47.38,0
9.01,61.13,6,15.99,1
6.19,85.87,3,26.79,1
6.08,97.16,7,46.46,1
5.5,76.39,7,23.96,1
1.62,77.0,6,40.72,0
1.81,73.05,1,25.57,0
6.41,66.29,5,42.2,1
4.07,73.78,5,49.24,1
9.26,80.14,6,25.51,1
4.66,99.3,5,43.8,1
2.29,96.89,1,49.54,0
7.43,93.11,7,49.35,1
3.64,94.46,3,27.35,1
5.73,73.39,8,29.43,1
7.28,82.87,7,22.14,1
9.1,94.75,2,22.56,1
8.13,69.65,2,29.7,1
7.09,98.09,7,18.02,1
7.12,70.79,1,38.44,1
9.51,80.05,8,31.45,1
3.66,85.49,3,45.92,1
1.01,97.53,5,42.42,0
3.45,62.23,2,22.9,0
2.96,87.31,2,30.23,0
6.96,76.04,2,40.02,1
6.7,63.43,9,17.73,1
6.34,88.83,1,11.26,1
1.15,77.61,7,44.09,0
7.56,83.05,8,15.5,1
3.91,66.15,7,45.58,1
6.99,74.06,9,46.54,1
6.01,80.87,2,28.43,1
4.08,70.25,6,42.27,1
2.21,59.92,9,24.53,0
1.85,98.08,1,44.33,0
8.48,75.57,3,42.99,1
9.27,86.7,5,13.14,1
6.85,70.55,4,33.3,1
1.93,67.76,8,35.6,0
4.62,70.36,9,10.03,1
7.56,70.46,3,49.2,1
8.02,77.21,4,26.26,1
2.06,77.17,3,30.69,0
1.0,74.86,7,17.79,0
7.41,56.74,7,34.44,1
4.21,74.8,2,42.42,0
3.29,58.46,0,33.44,0
1.12,56.31,5,41.52,0
5.86,96.63,1,39.24,1
8.66,80.25,1,19.51,1
9.62,82.97,2,27.43,1
6.09,70.09,7,15.95,1
5.63,95.45,2,11.68,1
1.77,81.9,6,12.52,0
5.94,88.46,9,47.7,1
4.42,68.43,9,49.38,1
6.46,98.0,8,13.8,1
4.5,91.02,7,23.41,1
3.16,92.7,0,14.58,0
1.85,58.61,6,43.37,0
3.83,63.55,6,29.85,0
1.87,64.28,7,34.85,0
2.59,63.55,9,31.6,1
9.89,92.77,4,38.41,1
5.0,51.59,9,22.77,1
5.79,53.8,8,15.5,1
8.86,63.7,8,10.7,1
9.96,59.99,7,27.83,1
6.24,61.59,5,46.31,1
8.31,89.9,5,22.21,1
3.94,78.16,0,17.84,0
3.75,50.29,5,47.04,0
4.62,71.47,3,14.22,0
7.05,70.39,3,12.07,1
7.14,55.7,1,45.18,1
3.84,83.81,3,38.04,1
2.2,85.1,4,26.88,0
6.69,86.04,4,40.09,1
2.15,86.42,4,39.66,0
6.21,50.0,3,11.6,0
7.24,97.7,0,37.05,1
7.31,90.71,9,35.63,1
7.78,95.2,7,48.55,1
8.86,50.78,2,48.66,1
5.5,96.69,1,25.11,1
7.57,90.49,8,33.59,1
6.57,91.86,6,15.65,1
2.68,54.66,8,12.66,0
1.23,86.94,1,27.31,0
3.56,98.0,8,37.6,1
4.99,83.93,9,32.71,1
6.55,78.53,8,27.19,1
8.65,97.28,8,42.72,1
2.77,72.15,9,41.78,1
2.13,79.96,9,39.28,1
9.67,73.82,3,13.08,1
1.97,96.64,9,41.86,1
5.31,53.8,2,46.78,0
6.27,75.06,5,12.38,1
5.87,84.35,2,26.07,1
1.77,89.6,8,49.53,1
1.51,79.15,2,33.97,0
1.95,95.45,1,30.54,0
6.27,97.1,7,17.1,1
5.9,53.22,5,32.62,1
3.1,70.12,7,27.56,1
6.74,51.17,6,15.1,1
8.38,66.47,2,28.57,1
1.37,76.84,7,16.58,0
5.48,95.54,9,39.23,1
7.2,92.33,0,48.95,1
3.27,56.37,0,28.78,0
3.77,54.65,9,35.29,1
6.52,79.46,7,27.24,1
9.08,76.61,8,15.54,1
8.29,63.32,9,48.82,1
6.25,94.97,5,15.18,1
7.57,96.37,4,14.47,1
4.28,70.13,1,28.37,0
6.77,94.52,8,36.36,1
5.2,69.2,5,24.2,1
2.71,86.84,7,17.7,1
7.32,73.8,8,42.76,1
6.01,56.13,8,24.52,1
4.23,96.4,7,17.77,1
9.2,72.7,9,24.6,1
1.19,86.72,7,18.58,0
3.84,68.36,2,30.78,0
1.51,50.94,2,36.73,0
7.9,55.03,1,41.98,1
7.32,74.81,0,19.1,1
3.98,84.5,3,16.68,0
7.08,66.74,1,10.78,1
4.56,84.77,1,19.12,0
7.81,84.93,4,10.96,1
5.09,85.2,3,23.82,1
4.71,74.63,0,15.83,0
9.41,95.74,8,33.2,1
3.26,74.46,3,25.35,0
2.08,72.51,4,13.74,0
6.26,59.97,6,25.99,1
9.72,65.38,1,18.37,1
4.4,52.12,7,37.21,1
1.56,81.68,1,24.58,0
4.05,62.43,9,15.88,1
5.55,65.21,4,23.98,1
2.46,88.54,1,18.98,0
6.92,66.36,1,41.83,1
9.98,62.11,3,49.33,1
5.07,58.45,3,11.02,0
4.19,88.74,7,37.6,1
4.61,56.49,5,20.56,0
2.04,72.69,9,12.66,0
8.95,75.35,7,10.57,1
4.73,84.37,6,45.24,1
4.49,81.66,9,24.14,1
6.94,90.54,3,49.78,1
4.98,52.24,1,27.7,0
6.83,64.82,8,17.5,1
1.55,64.01,1,41.09,0
8.32,57.3,0,47.06,1
9.46,64.46,7,42.62,1
6.84,65.49,9,39.81,1
9.59,76.09,8,23.39,1
2.36,83.19,0,12.58,0
5.3,69.06,6,18.05,1
6.42,85.97,1,27.87,1
6.24,66.81,5,48.25,1
4.61,64.51,4,38.91,0
4.04,77.06,0,43.13,0
2.14,51.19,1,21.09,0
4.53,53.99,1,37.35,0
2.46,70.9,9,44.5,1
7.61,97.15,9,29.18,1
2.88,86.08,5,27.2,1
1.53,54.41,0,38.78,0
5.97,92.32,3,32.4,1
6.36,86.62,9,49.73,1
8.85,80.55,4,27.0,1
6.19,91.01,1,17.04,1
4.11,70.21,1,28.88,0
8.23,61.08,6,19.41,1
5.86,75.6,6,32.45,1
1.71,77.44,5,15.03,0
6.09,76.92,0,48.0,1
9.17,78.25,2,44.39,1
4.57,97.44,8,16.22,1
3.67,95.11,9,16.9,1
2.29,93.79,0,30.5,0
2.36,90.07,1,40.92,0
4.89,97.17,7,18.76,1
6.36,54.92,6,12.44,1
1.73,63.26,8,31.82,0
9.46,74.75,9,37.66,1
7.8,92.33,3,19.77,1
6.28,75.26,3,39.59,1
8.46,87.4,6,48.03,1
1.72,56.95,0,15.48,0
5.29,62.62,9,30.44,1
6.67,86.59,8,12.27,1
8.46,58.24,1,18.27,1
8.05,67.57,0,13.59,1
3.49,63.24,6,26.16,0
9.47,67.49,5,42.83,1
2.12,85.42,2,33.09,0
8.88,68.39,0,18.9,1
9.74,77.76,4,11.6,1
2.59,55.0,9,32.14,0
7.5,90.25,3,15.31,1
1.36,68.49,4,23.71,0
4.65,82.43,0,30.41,0
5.65,86.27,0,46.15,1
6.23,60.48,4,13.27,1
9.42,94.23,5,36.74,1
7.05,80.81,4,10.56,1
5.33,71.44,1,35.2,0
8.29,59.12,8,32.06,1
9.55,97.12,4,42.47,1
1.2,87.75,4,31.27,0
9.84,60.4,9,24.1,1
1.78,66.89,8,19.71,0
8.33,90.48,2,13.41,1
3.52,84.78,4,31.38,1
2.19,88.29,4,45.53,0
4.96,72.06,1,30.59,0
6.8,85.82,3,39.56,1
4.43,69.32,1,21.94,0
1.49,60.56,4,27.93,0
6.4,81.63,9,22.98,1
9.12,98.8,1,14.37,1
4.45,65.53,9,26.68,1
2.95,73.05,8,40.57,1
4.98,83.7,9,25.8,1
1.44,77.08,5,36.01,0
8.38,92.17,7,40.34,1
8.44,88.09,8,22.91,1
6.29,52.91,7,41.9,1
4.18,99.92,4,23.56,1
8.2,87.62,4,20.24,1
5.99,93.2,5,18.9,1
8.43,82.56,0,18.0,1
6.68,92.81,7,39.48,1
8.06,55.62,1,45.5,1
6.39,67.39,5,19.23,1
4.73,93.82,8,13.41,1
9.62,60.08,2,22.55,1
5.87,53.91,1,36.31,0
6.45,89.41,9,24.74,1
2.98,91.77,4,31.97,1
6.63,58.13,8,39.77,1
6.14,92.72,5,26.34,1
2.66,84.34,7,49.99,1
1.54,76.0,7,21.92,0
6.44,91.51,6,49.13,1
7.87,70.96,4,18.12,1
5.71,59.7,1,14.44,0
3.04,64.24,9,40.03,1
7.0,75.26,9,38.09,1
1.72,76.57,4,42.45,0
4.98,90.28,6,23.74,1
2.47,89.57,6,47.23,1
2.66,79.07,1,14.78,0
2.82,89.04,6,11.21,1
4.48,59.59,5,22.02,0
1.46,52.5,6,41.89,0
4.58,93.68,7,36.92,1
5.61,53.78,3,27.45,0
5.35,62.33,0,20.25,0
4.45,84.77,7,12.37,1
8.55,70.47,7,23.5,1
2.31,93.82,2,28.4,0
5.55,64.9,2,37.48,0
1.56,50.59,4,35.84,0
1.64,65.03,2,47.89,0
6.16,78.9,4,14.02,1
6.09,68.8,7,23.45,1
8.9,76.74,0,29.26,1
6.02,93.83,1,36.83,1
9.64,95.62,1,29.82,1
1.44,63.3,3,46.51,0
1.88,73.11,8,34.35,0
1.4,77.46,1,11.59,0
2.67,97.46,8,14.55,1
5.87,99.93,6,40.14,1
6.81,61.77,9,38.63,1
1.41,86.35,7,16.14,0
9.51,68.9,0,12.36,1
8.58,50.41,4,33.15,1
3.67,50.46,8,35.43,0
1.69,73.03,3,15.41,0
2.53,74.42,1,28.94,0
2.14,51.13,5,22.23,0
2.11,84.35,1,47.25,0
5.67,64.7,2,18.77,0
3.21,77.99,7,39.33,1
4.22,65.05,2,30.73,0
9.91,58.36,1,10.46,1
7.16,70.36,5,30.68,1
9.54,61.61,2,13.98,1
2.28,76.74,0,36.36,0
4.44,59.94,2,32.62,0
5.99,75.42,5,10.42,1
1.69,57.87,2,18.19,0
1.04,83.55,8,41.05,0
7.03,87.7,6,21.03,1
6.78,55.52,4,29.97,1
4.7,73.39,1,22.48,0
5.41,53.54,8,46.86,1
4.74,79.91,4,31.46,1
1.22,63.22,6,37.85,0
4.02,76.38,8,13.34,1
2.59,75.87,3,11.61,0
1.89,96.22,8,20.37,1
9.61,77.45,0,22.37,1
6.39,79.15,5,37.51,1
7.56,70.08,1,32.77,1
3.84,97.45,7,24.98,1
4.54,88.86,4,36.16,1
3.13,64.27,2,16.54,0
1.87,92.21,1,12.54,0
2.61,71.62,7,44.18,1
8.18,91.43,6,32.56,1
7.1,91.14,8,35.96,1
5.92,59.44,7,22.29,1
5.28,85.06,3,24.88,1
9.3,64.53,1,13.29,1
1.65,64.87,1,44.28,0
3.53,64.82,1,33.7,0
4.15,86.28,5,13.35,1
8.04,61.49,6,42.18,1
9.93,50.05,5,27.76,1
3.17,85.76,1,40.6,0
8.87,58.56,3,10.5,1
8.48,55.22,2,11.15,1
3.02,61.88,3,16.83,0
4.59,69.0,4,18.44,0
4.69,73.8,6,40.56,1
9.8,52.23,8,38.27,1
2.63,98.53,1,34.64,0
8.19,85.8,7,45.39,1
4.01,66.16,2,19.89,0
7.58,65.93,8,46.18,1
4.78,72.43,9,46.38,1
6.21,81.31,3,27.37,1
8.49,57.32,2,13.78,1
8.24,59.45,9,39.06,1
8.8,92.97,5,23.48,1
1.54,62.81,9,41.8,0
7.23,69.01,8,16.55,1
2.26,93.56,6,31.58,1
4.74,83.16,3,30.32,1
5.94,67.09,2,14.01,0
4.62,84.18,9,24.53,1
5.68,50.98,3,13.39,0
9.97,86.78,2,28.59,1
2.22,74.35,2,43.72,0
7.08,90.66,8,20.81,1
4.56,97.73,3,40.59,1
2.2,96.29,8,17.34,1
2.43,95.46,9,36.95,1
9.54,75.61,4,46.62,1
8.92,68.01,6,22.96,1
9.16,73.25,4,46.02,1
9.92,84.49,0,30.22,1
2.87,94.2,1,22.67,0
4.2,60.35,4,45.86,0
7.02,95.91,5,11.28,1
5.35,90.76,6,11.12,1
4.77,98.94,1,33.99,1
4.22,94.01,9,41.87,1
6.34,64.0,8,40.06,1
6.18,55.3,5,13.18,1
2.45,55.61,1,48.01,0
5.25,64.56,1,38.12,0
5.98,80.71,2,47.96,1
6.13,90.22,0,23.16,1
2.89,94.96,8,37.76,1
7.68,81.19,9,44.4,1
1.23,50.28,3,25.22,0
4.19,59.32,4,48.59,0
8.02,54.99,6,20.6,1
6.08,68.17,0,22.62,0
3.35,75.07,2,46.81,0
7.25,52.17,2,48.79,1
6.11,67.42,1,21.41,0
8.17,58.96,7,15.46,1
7.62,82.35,4,40.36,1
6.49,73.21,0,47.19,1
5.39,74.77,1,34.03,0
2.2,71.38,0,35.38,0
3.35,97.8,5,40.52,1
4.77,60.74,8,16.12,1
6.39,75.83,6,48.94,1
5.62,86.8,4,24.57,1
3.59,77.84,2,35.13,0
1.06,96.45,7,28.74,1
5.47,68.9,9,28.73,1
3.57,73.18,3,38.11,0
7.61,54.43,8,49.79,1
1.22,80.45,4,36.36,0
6.26,64.41,5,41.76,1
9.47,58.02,4,11.1,1
2.57,77.23,9,42.42,1
5.24,76.62,6,22.0,1
1.82,53.79,6,15.07,0
6.63,84.91,0,14.53,1
5.95,81.19,1,37.19,1
4.67,59.45,6,49.9,1
5.69,73.47,7,36.65,1
9.07,86.02,3,20.49,1
2.77,76.47,5,18.13,0
1.2,69.77,9,31.04,0
8.75,66.12,2,12.6,1
6.19,80.52,6,25.97,1
9.02,96.96,2,36.65,1
6.37,83.59,6,48.71,1
8.29,53.74,7,27.03,1
4.87,73.03,2,18.01,0
7.75,94.54,1,42.69,1
9.22,54.72,5,39.77,1
6.15,99.44,3,44.39,1
2.63,97.45,7,18.59,1
3.42,53.91,1,26.19,0
2.79,96.67,3,49.26,1
3.22,68.16,1,16.32,0
3.76,92.24,1,36.86,0
6.0,70.92,1,19.49,0
6.29,72.04,0,30.01,0
4.84,81.71,3,42.02,1
6.54,88.72,1,29.54,1
1.73,51.69,8,42.22,0
1.79,79.66,8,27.05,0
2.55,59.34,6,49.97,0
5.66,67.3,5,27.43,1
2.93,67.4,2,15.98,0
3.55,73.45,6,26.07,1
4.6,66.71,0,39.7,0
8.31,55.37,8,43.92,1
1.12,57.28,3,28.4,0
6.84,51.67,5,33.78,1
7.02,73.51,5,43.8,1
8.19,97.72,2,42.54,1
9.39,55.78,3,36.31,1
1.18,97.31,9,42.6,1
2.38,86.67,2,33.04,0
8.98,81.87,5,10.19,1
5.13,82.26,0,11.65,0
6.08,91.34,7,49.19,1
6.97,55.35,7,15.8,1
7.11,75.24,8,26.18,1
9.39,84.85,5,47.35,1
9.97,79.34,0,17.8,1
7.48,91.64,2,43.75,1
3.58,53.61,0,42.73,0
8.92,84.54,4,49.45,1
1.44,76.7,2,21.27,0
3.08,68.96,1,22.61,0
9.08,67.01,2,46.12,1
3.31,81.04,8,19.36,1
2.99,94.55,7,31.92,1
2.24,74.81,2,38.29,0
8.73,91.24,1,20.88,1
5.5,70.11,4,47.54,1
7.07,55.12,0,36.63,0
3.15,53.08,3,11.89,0
7.82,52.57,7,15.43,1
7.84,69.01,0,17.63,1
3.81,66.86,4,19.8,0
4.7,85.9,3,39.23,1
2.89,87.14,5,13.56,0
9.79,52.54,6,24.02,1
6.81,61.06,8,46.46,1
9.41,63.71,0,32.27,1
3.73,77.38,9,20.62,1
8.04,57.23,3,48.28,1
7.89,56.7,5,19.77,1
7.22,97.19,9,46.2,1
9.69,90.21,6,39.03,1
4.54,59.03,6,39.62,1
2.18,70.33,7,40.6,0
7.05,67.78,9,30.26,1
7.56,89.55,7,42.58,1
6.18,75.51,7,43.45,1
2.86,56.39,7,24.42,0
5.54,86.95,7,26.01,1
3.81,69.84,5,45.55,1
4.85,63.15,8,30.99,1
6.81,68.77,2,44.68,1
7.71,74.89,5,35.07,1
3.09,67.16,4,33.74,0
4.65,62.1,7,11.24,1
3.42,69.93,3,21.12,0
2.79,50.96,3,30.08,0
8.05,88.62,9,33.49,1
9.18,58.55,9,35.22,1
4.33,52.2,4,38.65,0
7.76,82.68,5,36.25,1
9.07,88.7,3,43.94,1
8.62,90.69,1,21.82,1
2.65,74.68,1,35.66,0
9.61,60.27,2,12.05,1
4.39,86.86,1,29.21,0
4.05,84.99,0,20.72,0
1.56,62.31,7,25.24,0
5.38,95.17,4,24.19,1
1.98,55.22,9,12.42,0
3.24,99.13,0,28.67,0
3.85,93.01,8,49.79,1
8.28,84.39,7,21.96,1
8.88,96.94,3,39.45,1
3.72,86.12,7,31.91,1
8.73,59.52,9,23.01,1
8.72,72.11,6,13.58,1
7.88,53.58,6,18.63,1
2.32,69.48,0,41.27,0
7.21,87.08,5,21.16,1
9.51,69.32,3,15.77,1
7.14,66.51,9,23.25,1
3.98,79.77,9,33.36,1
5.51,93.61,9,38.14,1
6.81,52.38,1,25.49,0
5.6,69.27,9,29.93,1
2.08,57.91,6,28.2,0
3.81,84.77,8,10.36,1
8.22,55.29,4,25.82,1
8.75,83.24,7,33.49,1
2.24,64.31,4,32.8,0
9.57,59.95,6,39.99,1
3.96,96.82,6,36.82,1
6.96,50.93,8,21.07,1
7.77,71.89,2,20.23,1
8.31,51.08,0,28.57,1
9.51,74.18,1,39.32,1
3.82,75.05,5,13.75,0
8.73,66.08,9,47.93,1
2.19,56.61,9,31.73,0
7.35,68.82,8,22.26,1
7.68,83.61,2,37.74,1
7.1,89.12,9,11.79,1
3.27,76.54,1,29.38,0
8.86,79.49,0,29.44,1
2.52,60.03,1,16.48,0
1.48,64.37,2,43.5,0
7.46,58.09,6,41.87,1
5.28,62.46,1,16.11,0
8.64,61.24,4,24.55,1
4.45,75.97,1,14.02,0
2.51,78.13,6,43.94,0
8.53,97.25,9,22.93,1
5.94,59.78,7,27.57,1
2.7,82.08,7,22.95,1
7.48,90.86,7,22.4,1
5.6,78.01,9,39.89,1
6.44,62.75,8,39.9,1
5.15,63.13,0,30.71,0
8.46,51.96,0,36.3,1
8.47,65.27,9,30.47,1
7.38,87.23,1,11.14,1
1.95,52.38,5,12.64,0
8.55,60.96,0,25.35,1
7.04,85.31,4,39.99,1
7.27,89.13,4,46.53,1
4.27,72.77,3,11.19,0
8.91,84.9,4,24.72,1
7.53,69.4,0,18.95,1
2.01,58.0,5,42.61,0
4.67,69.91,6,43.84,1
8.98,79.0,7,18.26,1
1.42,97.4,1,38.43,0
9.65,53.44,6,39.27,1
7.11,75.37,5,17.08,1
6.68,66.45,8,27.35,1
3.44,75.42,7,34.81,1
3.24,51.2,3,11.04,0
9.48,65.65,8,26.18,1
3.68,90.99,0,16.2,0
7.98,77.7,5,31.68,1
4.54,72.53,7,43.72,1
2.25,64.28,3,30.99,0
1.1,64.9,1,11.44,0
5.9,69.16,1,11.19,0
9.78,91.78,9,34.22,1
4.32,98.36,0,23.12,0
4.21,71.93,4,32.91,0
4.1,69.67,5,16.55,0
5.68,92.33,3,41.07,1
4.97,71.35,3,44.43,1
8.92,77.6,4,45.57,1
5.55,61.55,4,22.16,1
5.57,87.18,8,36.43,1
2.25,76.6,7,21.16,0
9.84,90.45,8,40.51,1
3.25,89.04,2,14.82,0
1.66,60.75,2,40.51,0
6.97,85.78,0,27.59,1
6.36,90.0,9,44.22,1
4.74,67.31,5,39.56,1
4.8,58.63,3,25.06,0
8.07,50.13,7,46.14,1
2.76,72.55,1,21.33,0
8.38,67.62,1,48.68,1
6.84,77.75,6,40.69,1
4.77,59.4,4,49.63,0
5.12,92.98,0,12.16,0
3.31,62.89,6,20.96,0
7.77,61.32,6,39.65,1
5.62,74.04,9,46.89,1
3.89,74.94,5,11.15,0
6.36,60.75,3,10.0,1
9.96,63.59,7,20.25,1
4.92,58.49,1,44.11,0
9.29,85.92,1,40.69,1
4.11,88.5,1,23.61,0
1.49,73.12,2,10.08,0
2.84,85.7,5,32.19,1
4.77,86.8,0,19.52,0
2.98,56.91,1,39.82,0
1.0,98.31,9,27.85,1
9.24,91.05,1,37.14,1
8.59,60.22,0,44.09,1
7.68,59.31,2,31.43,1
2.51,56.28,9,23.44,0
2.08,56.92,6,40.78,0
1.61,87.41,0,20.61,0
7.52,73.48,6,45.66,1
9.36,89.15,4,12.86,1
4.87,87.31,8,43.42,1
2.07,80.23,1,13.66,0
5.61,84.32,0,12.25,0
4.14,50.92,8,24.53,1
4.37,65.59,7,48.26,1
6.59,81.89,9,49.34,1
7.47,50.47,5,18.08,1
2.0,51.65,4,15.95,0
1.32,92.59,7,24.12,0
9.95,84.2,7,23.48,1
3.09,63.27,4,40.38,0
1.48,84.4,6,27.76,0
2.71,89.62,0,41.2,0
1.35,65.34,3,39.95,0
4.53,51.8,1,33.13,0
8.22,96.64,9,43.34,1
4.07,67.26,2,17.83,0
5.0,55.32,0,16.47,0
7.08,74.59,1,40.03,1
5.58,88.42,0,19.79,1
8.75,61.08,7,10.11,1
8.79,63.47,3,46.48,1
1.09,62.14,2,34.92,0
8.0,99.58,0,27.8,1
5.15,59.87,1,39.03,0
9.9,78.78,2,23.33,1
5.35,96.26,2,48.15,1
9.88,57.34,5,12.74,1
7.79,98.54,9,35.64,1
3.24,97.37,7,41.09,1
5.85,94.23,5,28.77,1
9.93,60.73,1,40.2,1
8.72,81.7,1,47.08,1
1.88,88.04,6,39.76,0
7.36,99.3,0,22.37,1
4.11,59.02,0,32.47,0
1.06,88.3,6,46.46,0
4.63,66.94,8,27.96,1
3.11,58.78,4,37.27,0
8.37,71.07,0,28.62,1
4.04,89.69,4,14.85,1
8.45,73.24,0,12.34,1
1.01,76.88,9,48.09,0
3.77,99.76,8,34.5,1
3.17,69.96,3,14.15,0
3.1,80.77,8,44.3,1
1.61,68.26,1,30.91,0
2.68,69.64,6,40.88,0
6.0,84.78,1,15.07,1
3.62,96.89,3,46.28,1
4.76,77.12,5,33.62,1
4.39,88.42,1,39.53,1
8.88,54.46,1,11.26,1
9.15,60.56,1,22.61,1
5.44,75.11,2,20.7,1
3.97,51.0,4,47.98,0
1.96,62.64,8,17.41,0
9.58,75.87,5,38.28,1
1.54,50.75,8,11.71,0
3.68,63.23,9,17.91,1
3.68,75.7,4,23.54,0
3.88,78.66,5,41.78,1
2.48,96.29,9,41.6,1
8.05,82.27,7,48.1,1
2.1,70.74,2,46.67,0
6.71,96.52,1,13.26,1
2.11,89.24,2,43.19,0
1.63,60.0,8,28.05,0
9.18,56.54,5,44.64,1
2.71,83.79,9,13.57,1
8.39,77.99,3,42.91,1
5.9,89.48,9,16.39,1
1.7,86.94,2,23.35,0
9.6,81.26,1,11.15,1
3.22,99.32,3,14.95,1
8.74,76.68,8,27.83,1
2.52,55.66,3,42.73,0
8.69,91.41,4,40.95,1
1.12,62.59,7,19.41,0
5.61,88.87,1,16.07,1
7.92,97.86,2,25.57,1
9.41,84.84,5,45.33,1
9.18,79.8,6,13.66,1
8.38,73.02,3,31.72,1
8.99,68.22,0,13.55,1
2.79,67.65,6,28.81,0
3.56,81.82,8,15.07,1
3.6,87.56,0,13.21,0
4.39,83.93,0,17.63,0
4.54,59.92,0,20.21,0
5.9,74.7,9,21.05,1
2.44,89.58,6,35.81,1
7.22,73.79,8,12.2,1
2.51,76.83,2,13.23,0
3.79,88.56,7,17.55,1
5.53,83.06,8,44.88,1
8.17,70.47,2,35.14,1
7.66,94.77,2,39.21,1
6.81,58.13,0,24.81,0
2.4,99.78,1,18.53,0
5.92,55.94,6,11.52,1
1.79,50.75,2,29.54,0
4.4,94.5,6,32.97,1
4.72,62.25,4,45.88,1
1.36,86.48,9,45.28,1
3.47,90.55,7,26.99,1
9.6,92.95,4,26.94,1
9.58,99.58,2,16.44,1
4.17,64.7,8,20.3,1
1.39,85.51,6,47.03,0
2.61,55.77,4,15.64,0
4.53,70.34,6,48.75,1
9.53,92.4,9,30.19,1
2.27,68.38,8,28.26,0
7.87,79.55,4,16.99,1
1.98,75.19,6,36.46,0
9.83,82.3,8,28.39,1
4.43,98.64,0,24.83,0
7.98,52.79,3,20.58,1
4.08,78.7,0,12.66,0
6.65,93.15,7,30.77,1
2.73,74.07,2,22.52,0
2.31,53.93,1,38.31,0
9.44,78.03,3,38.94,1
9.26,66.6,2,23.28,1
8.99,57.75,4,36.76,1
6.63,92.45,7,20.35,1
8.27,76.08,9,39.09,1
1.62,96.66,7,10.64,1
4.01,90.3,6,16.06,1
3.82,84.65,7,19.8,1
6.72,50.25,4,40.92,1
4.2,71.39,9,12.66,1
2.34,59.87,9,17.52,0
6.37,95.54,5,24.34,1
8.33,58.73,7,10.37,1
4.44,64.3,0,40.48,0
2.19,75.84,5,32.4,0
2.77,63.17,5,46.03,0
3.14,60.49,4,11.24,0
3.7,79.95,3,20.86,0
6.79,54.45,0,39.25,0
6.41,52.91,9,37.01,1
7.26,68.61,7,19.72,1
4.26,86.03,5,33.83,1
8.42,77.74,2,41.75,1
2.84,71.14,2,11.34,0
5.22,78.29,5,38.71,1
8.21,68.27,6,20.08,1
2.62,96.81,7,47.91,1
1.99,52.75,4,31.53,0
8.95,83.67,9,11.34,1
4.09,94.56,5,26.14,1
7.15,90.19,0,48.65,1
1.23,59.2,5,39.21,0
7.21,64.8,8,22.02,1
3.84,85.85,9,33.01,1
1.5,54.21,3,33.96,0
6.49,90.59,9,10.93,1
3.17,85.95,0,17.15,0
4.48,86.48,8,32.07,1
1.73,55.01,3,26.11,0
2.32,85.89,1,17.6,0
3.68,83.99,0,40.91,0
1.81,91.55,2,29.56,0
9.2,52.08,6,22.4,1
1.05,51.16,9,16.47,0
5.35,68.65,1,34.45,0
2.11,57.44,8,36.65,0
3.77,77.92,1,36.78,0
9.33,95.87,4,18.81,1
2.46,69.57,7,33.81,0
9.69,92.25,9,46.22,1
2.85,50.01,7,24.13,0
7.67,58.43,2,18.43,1
5.92,51.52,1,40.89,0
8.96,66.41,8,17.08,1
5.99,95.41,2,20.15,1
5.81,54.85,7,14.03,1
2.76,80.32,1,20.71,0
2.5,72.57,2,26.41,0
9.25,96.92,0,12.57,1
3.95,56.13,5,44.87,0
4.35,60.6,6,30.55,1
7.84,51.48,3,33.52,1
4.05,71.7,0,24.85,0
9.57,63.89,2,36.79,1
7.64,93.5,8,27.27,1
6.38,80.25,4,40.45,1
8.93,80.7,5,42.86,1
1.45,76.6,3,36.87,0
3.31,54.59,0,29.65,0
5.19,72.25,4,41.29,1
3.04,99.98,4,29.77,1
7.7,91.76,4,14.46,1
9.27,94.67,5,14.65,1
4.81,91.16,1,47.94,1
4.08,55.15,0,18.54,0
9.65,61.37,1,42.64,1
5.0,50.16,9,19.87,1
5.4,65.18,5,27.23,1
4.16,55.43,4,36.2,0
9.19,73.64,4,16.35,1
6.12,83.86,5,39.49,1
7.86,93.73,9,37.6,1
8.31,87.46,6,31.72,1
4.08,96.93,8,32.64,1
4.9,52.69,6,14.23,0
8.64,50.61,1,27.44,1
4.27,83.07,5,13.46,1
8.15,64.47,8,22.31,1
9.47,62.68,6,46.01,1
6.61,66.54,1,32.98,1
7.67,63.49,2,39.71,1
8.25,75.57,7,32.96,1
8.61,72.01,8,17.77,1
4.56,75.62,3,33.79,1
1.46,83.64,8,40.22,1
4.62,69.36,1,15.54,0
7.06,62.57,4,42.68,1
5.05,58.31,1,32.22,0
7.74,67.47,0,10.17,1
4.21,87.09,4,30.79,1
6.71,87.84,1,25.83,1
2.68,83.35,6,21.86,0
7.74,61.7,7,40.85,1
5.91,79.4,1,45.98,1
2.84,78.53,6,40.51,1
3.63,74.21,3,43.87,0
7.74,77.5,0,46.35,1
5.34,74.59,2,46.51,1
2.94,78.27,0,14.59,0
9.71,85.78,4,28.26,1
7.44,55.48,7,10.01,1
9.61,87.48,0,30.26,1
4.84,56.79,8,46.97,1
5.28,53.33,2,17.96,0
9.08,98.8,4,35.59,1
5.73,97.85,8,35.78,1
7.37,53.02,4,16.41,1
3.27,72.16,8,19.54,1
5.02,59.31,9,28.48,1
2.11,74.27,7,17.53,0
2.85,91.51,6,33.4,1
1.01,97.53,0,29.38,0
1.35,81.71,3,30.77,0
9.8,67.7,8,15.38,1
3.18,80.17,9,30.69,1
6.97,65.6,7,11.98,1
8.55,95.49,3,45.26,1
5.96,93.52,0,23.73,1
2.38,77.91,9,44.25,1
7.55,66.24,3,38.07,1
6.4,64.67,2,40.65,1
7.58,51.67,5,22.58,1
7.93,90.79,4,19.11,1
9.78,72.52,4,26.27,1
6.16,66.26,1,10.97,0
4.07,73.56,2,46.75,0
6.84,90.94,5,25.48,1
1.62,56.23,1,49.54,0
9.08,92.88,3,40.46,1
2.07,94.88,1,13.22,0
3.95,97.34,8,36.41,1
8.34,69.87,2,20.83,1
6.38,60.86,9,19.75,1
